video_id,segment_index,n_segments,timestamp_start,timestamp_end,input,target_sentence,target_caption
v_QEdbqJijx1w,0,3,0.0,14.49,[0.0s] a woman sitting in front of a laptop computer | [7.2s] a woman sitting in front of a laptop computer | [14.5s] a woman is sitting at her desk writing,A woman is seen speaking to the camera while sitting in a chair.,A woman is seen speaking to the camera while sitting in a chair. She then holds up a contact lens and puts one in her eye. She puts another contact in her eye and smiles to the camera.
v_QEdbqJijx1w,1,3,15.25,44.61,[15.2s] a woman is sitting in front of a mirror | [20.1s] a woman is sitting down with her hands in the air | [25.0s] a woman sitting on top of a bed | [29.9s] a woman sitting at a table eating food | [34.8s] a woman sitting in front of a laptop computer | [39.7s] a woman sitting in front of a laptop computer | [44.6s] a woman sitting in front of a laptop computer,She then holds up a contact lens and puts one in her eye.,A woman is seen speaking to the camera while sitting in a chair. She then holds up a contact lens and puts one in her eye. She puts another contact in her eye and smiles to the camera.
v_QEdbqJijx1w,2,3,38.13,75.87,[38.1s] a woman in a black dress sitting at a table | [43.5s] a woman sitting in front of a laptop computer | [48.9s] a woman sitting in front of a laptop computer | [54.3s] a young girl is sitting on the floor with her hands together | [59.7s] a woman sitting in front of a computer | [65.1s] a woman sitting at a table with her eyes closed | [70.5s] a woman sitting in front of a computer | [75.9s] a woman sitting in front of a laptop computer,She puts another contact in her eye and smiles to the camera.,A woman is seen speaking to the camera while sitting in a chair. She then holds up a contact lens and puts one in her eye. She puts another contact in her eye and smiles to the camera.
v_k42CKebiSLA,0,2,2.19,12.02,[2.2s] a car driving down the street with traffic lights on | [12.0s] a group of men standing in a bathroom,A man travels to Japan to study how to be a sumo wrestler.,A man travels to Japan to study how to be a sumo wrestler. The man gets training and learns the techniques of sumo.
v_k42CKebiSLA,1,2,13.48,72.79166666666667,[13.5s] a man in underwear is looking at his reflection | [22.0s] a horse is walking in the dirt | [30.4s] a man standing in front of a door | [38.9s] a shirtless man standing in front of a mirror | [47.4s] a group of men in underwear are getting fucked | [55.8s] a group of sumo wrestlers fighting in an arena | [64.3s] a man with no shirt standing in front of a window | [72.8s] a group of men standing around a table in a room,The man gets training and learns the techniques of sumo.,A man travels to Japan to study how to be a sumo wrestler. The man gets training and learns the techniques of sumo.
v_s0YJOzALDNg,0,3,0.0,9.99,[0.0s] a group of people in bumper cars at an amusement | [10.0s] a group of people riding bumpers at an amusement,A group of people are under a covering.,A group of people are under a covering. They are riding around in a series of bumper cars. The cars bump into each other as they drive around.
v_s0YJOzALDNg,1,3,12.25,51.26,[12.2s] a group of people riding bumper cars at an amusement | [17.8s] a group of people riding bumper cars at an amusement | [23.4s] a group of people riding bumpers at an amusement | [29.0s] a group of people in bumper cars at an amusement | [34.5s] a group of people riding bumper cars at an amusement | [40.1s] a group of people riding bumper cars at an amusement | [45.7s] a group of people riding bumpers at an amusement | [51.3s] a group of people sitting at a bar,They are riding around in a series of bumper cars.,A group of people are under a covering. They are riding around in a series of bumper cars. The cars bump into each other as they drive around.
v_s0YJOzALDNg,2,3,52.88,64.41379310344827,[52.9s] a group of people riding bumpers in an indoor area | [64.4s] the water is red,The cars bump into each other as they drive around.,A group of people are under a covering. They are riding around in a series of bumper cars. The cars bump into each other as they drive around.
v_uE_8WuNO7cA,0,7,0.0,5.88,[2.9s] how to care a jack lanterner,We see an opening screen with a moon.,We see an opening screen with a moon. A lady appears holding a pumpkin. We see the lady in the lower left hand of the screen talking. We see a person open and clean a pumpkin. We see the person carve a drawing on a pumpkin. We see a person draw on the pumpkin with a black marker. We see the finished jack o lantern with a candle in it.
v_uE_8WuNO7cA,1,7,5.88,18.47,[5.9s] a full moon in the dark sky | [12.2s] a woman holding up a pumpkin with the moon behind her | [18.5s] a woman standing in front of a full moon,A lady appears holding a pumpkin.,We see an opening screen with a moon. A lady appears holding a pumpkin. We see the lady in the lower left hand of the screen talking. We see a person open and clean a pumpkin. We see the person carve a drawing on a pumpkin. We see a person draw on the pumpkin with a black marker. We see the finished jack o lantern with a candle in it.
v_uE_8WuNO7cA,2,7,18.47,164.55,[18.5s] a woman standing in front of a full moon | [39.3s] a woman is carving a pumpkin in the kitchen | [60.2s] a woman wearing a mask and holding a magazine | [81.1s] a dog is looking at a pumpkin in the kitchen | [101.9s] a person carving a pumpkin in the kitchen | [122.8s] a little girl is carving a pumpkin for halloween | [143.7s] a woman is carving pumpkins in the kitchen | [164.6s] a little girl sitting in front of a pumpkin,We see the lady in the lower left hand of the screen talking.,We see an opening screen with a moon. A lady appears holding a pumpkin. We see the lady in the lower left hand of the screen talking. We see a person open and clean a pumpkin. We see the person carve a drawing on a pumpkin. We see a person draw on the pumpkin with a black marker. We see the finished jack o lantern with a candle in it.
v_uE_8WuNO7cA,3,7,18.47,72.2,[18.5s] a woman standing in front of a full moon | [26.1s] how to carve a pumpkin | [33.8s] how to carve a pumpkin | [41.5s] how to carve a pumpkin | [49.2s] a pumpkin sitting on top of a counter | [56.8s] an image of a person in a costume | [64.5s] a person is putting something into a bowl | [72.2s] a pumpkin sitting on top of a kitchen counter,We see a person open and clean a pumpkin.,We see an opening screen with a moon. A lady appears holding a pumpkin. We see the lady in the lower left hand of the screen talking. We see a person open and clean a pumpkin. We see the person carve a drawing on a pumpkin. We see a person draw on the pumpkin with a black marker. We see the finished jack o lantern with a candle in it.
v_uE_8WuNO7cA,4,7,72.2,130.97,[72.2s] a pumpkin sitting on top of a kitchen counter | [80.6s] how to carve a pumpkin | [89.0s] a little girl in a witch costume is making a pumpkin | [97.4s] a person is carving a pumpkin in the kitchen | [105.8s] a person carving a pumpkin on top of a sink | [114.2s] a woman is carving a pumpkin in the kitchen | [122.6s] how to carve a pumpkin | [131.0s] a person carving a pumpkin in the kitchen,We see the person carve a drawing on a pumpkin.,We see an opening screen with a moon. A lady appears holding a pumpkin. We see the lady in the lower left hand of the screen talking. We see a person open and clean a pumpkin. We see the person carve a drawing on a pumpkin. We see a person draw on the pumpkin with a black marker. We see the finished jack o lantern with a candle in it.
v_uE_8WuNO7cA,5,7,136.84,152.79,[136.8s] a person carving a pumpkin on top of a counter | [144.8s] a person carving a pumpkin with a knife | [152.8s] how to carve a pumpkin,We see a person draw on the pumpkin with a black marker.,We see an opening screen with a moon. A lady appears holding a pumpkin. We see the lady in the lower left hand of the screen talking. We see a person open and clean a pumpkin. We see the person carve a drawing on a pumpkin. We see a person draw on the pumpkin with a black marker. We see the finished jack o lantern with a candle in it.
v_uE_8WuNO7cA,6,7,151.95,167.8,[151.9s] how to carve a pumpkin | [159.9s] a little girl is standing next to a pumpkin | [167.8s] a black and white photo of the moon in the sky,We see the finished jack o lantern with a candle in it.,We see an opening screen with a moon. A lady appears holding a pumpkin. We see the lady in the lower left hand of the screen talking. We see a person open and clean a pumpkin. We see the person carve a drawing on a pumpkin. We see a person draw on the pumpkin with a black marker. We see the finished jack o lantern with a candle in it.
v_CNH37tJNzFE,0,3,0.65,39.0,[0.7s] the inside of a car is shown in this image | [6.1s] a man is sitting in the driver ' s seat | [11.6s] a man is opening the trunk of his car | [17.1s] a man fixing the tire on his car | [22.6s] how to change a flat tire | [28.0s] a man is changing the tire on his car | [33.5s] how to change a flat tire youtube | [39.0s] how to fix a car ' s exhaust system,A close up of a gear shaft is seen following by someone opening a trunk and pulling a tire out.,A close up of a gear shaft is seen following by someone opening a trunk and pulling a tire out. The person puts a jack under the car and begins unscrewing the tire and taking it off. The person puts a new tire on and screws it in place while taking off the jack and putting the hubcap back on.
v_CNH37tJNzFE,1,3,40.95,99.44,[41.0s] the underside of a car is shown in this image | [49.3s] a car tire is shown on the ground | [57.7s] how to change a flat tire | [66.0s] a man is fixing the tire of a car | [74.4s] a man sitting on the ground next to a car | [82.7s] how to change a tire on a car | [91.1s] how to change a wheel hub | [99.4s] a man working on a tire with a wren,The person puts a jack under the car and begins unscrewing the tire and taking it off.,A close up of a gear shaft is seen following by someone opening a trunk and pulling a tire out. The person puts a jack under the car and begins unscrewing the tire and taking it off. The person puts a new tire on and screws it in place while taking off the jack and putting the hubcap back on.
v_CNH37tJNzFE,2,3,71.49,127.39,[71.5s] a man is fixing the tire on his car | [79.5s] how to change a flat tire | [87.5s] how to change a flat tire | [95.4s] how to change a tire on a car | [103.4s] how to replace a wheel on a car | [111.4s] how to change a flat tire youtube | [119.4s] how to change a tire on a car | [127.4s] how to change a tire,The person puts a new tire on and screws it in place while taking off the jack and putting the hubcap back on.,A close up of a gear shaft is seen following by someone opening a trunk and pulling a tire out. The person puts a jack under the car and begins unscrewing the tire and taking it off. The person puts a new tire on and screws it in place while taking off the jack and putting the hubcap back on.
v_ciXArKhjAv8,0,3,0.0,3.89,[1.9s] a baby sitting on top of a couch eating food,A little boy is standing eating ice cream.,A little boy is standing eating ice cream. There is a dog on the floor behind him. He laughs and turns around.
v_ciXArKhjAv8,1,3,0.0,7.5,[3.8s] the baby is eating a piece of cake,There is a dog on the floor behind him.,A little boy is standing eating ice cream. There is a dog on the floor behind him. He laughs and turns around.
v_ciXArKhjAv8,2,3,3.58,7.5,[5.5s] a baby is sitting on the floor and smiling,He laughs and turns around.,A little boy is standing eating ice cream. There is a dog on the floor behind him. He laughs and turns around.
v_TOfBNYOlv8c,0,5,6.02,77.41,[6.0s] a woman standing in front of a bar | [16.2s] a woman standing in front of a bar | [26.4s] a woman in a black dress standing at a bar | [36.6s] a woman sitting at a bar in front of some bottles | [46.8s] a woman standing in front of a bar | [57.0s] a woman sitting at a bar in front of bottles | [67.2s] a woman sitting at a bar in front of bottles | [77.4s] a woman standing in front of a bar,A woman behind a bar is showing how to make a mixed drink.,"A woman behind a bar is showing how to make a mixed drink. A series of shots appear with a person pouring alcohol into a martini glass and then the screen fades into the video title screen showing a website name, the name of the drink they are making and the person who will be making it. A website address is shown at the bottom of the screen. A girl standing behind the bar explains what ingredients she is using for the drink, the amounts she is using, and mixes them all together in a glass and presents the drink. The camera zooms in on the drink and fades to black to end the video."
v_TOfBNYOlv8c,1,5,0.0,5.16,[2.6s] a martini being poured into a glass,"A series of shots appear with a person pouring alcohol into a martini glass and then the screen fades into the video title screen showing a website name, the name of the drink they are making and the person who will be making it.","A woman behind a bar is showing how to make a mixed drink. A series of shots appear with a person pouring alcohol into a martini glass and then the screen fades into the video title screen showing a website name, the name of the drink they are making and the person who will be making it. A website address is shown at the bottom of the screen. A girl standing behind the bar explains what ingredients she is using for the drink, the amounts she is using, and mixes them all together in a glass and presents the drink. The camera zooms in on the drink and fades to black to end the video."
v_TOfBNYOlv8c,2,5,7.74,76.98,[7.7s] a woman standing in front of a bar | [17.6s] a woman sitting at a bar in front of a mirror | [27.5s] a woman standing in front of a bar | [37.4s] a woman sitting at a bar talking to someone | [47.3s] a woman is making a drink at the bar | [57.2s] a woman sitting at a bar in front of bottles | [67.1s] a woman sitting at a bar in front of bottles | [77.0s] a woman standing in front of a bar,A website address is shown at the bottom of the screen.,"A woman behind a bar is showing how to make a mixed drink. A series of shots appear with a person pouring alcohol into a martini glass and then the screen fades into the video title screen showing a website name, the name of the drink they are making and the person who will be making it. A website address is shown at the bottom of the screen. A girl standing behind the bar explains what ingredients she is using for the drink, the amounts she is using, and mixes them all together in a glass and presents the drink. The camera zooms in on the drink and fades to black to end the video."
v_TOfBNYOlv8c,3,5,9.03,82.57,[9.0s] a woman standing in front of a bar | [19.5s] a woman sitting at a bar with a bottle | [30.0s] a woman standing behind a bar with bottles of alcohol | [40.5s] a woman sitting at a bar in front of bottles | [51.1s] a woman standing in front of a bar | [61.6s] a woman is sitting at the bar | [72.1s] a woman sitting at a bar in front of some bottles | [82.6s] a woman is sitting at the bar,"A girl standing behind the bar explains what ingredients she is using for the drink, the amounts she is using, and mixes them all together in a glass and presents the drink.","A woman behind a bar is showing how to make a mixed drink. A series of shots appear with a person pouring alcohol into a martini glass and then the screen fades into the video title screen showing a website name, the name of the drink they are making and the person who will be making it. A website address is shown at the bottom of the screen. A girl standing behind the bar explains what ingredients she is using for the drink, the amounts she is using, and mixes them all together in a glass and presents the drink. The camera zooms in on the drink and fades to black to end the video."
v_TOfBNYOlv8c,4,5,83.0,85.8,[84.4s] a woman sitting at a bar with a drink,The camera zooms in on the drink and fades to black to end the video.,"A woman behind a bar is showing how to make a mixed drink. A series of shots appear with a person pouring alcohol into a martini glass and then the screen fades into the video title screen showing a website name, the name of the drink they are making and the person who will be making it. A website address is shown at the bottom of the screen. A girl standing behind the bar explains what ingredients she is using for the drink, the amounts she is using, and mixes them all together in a glass and presents the drink. The camera zooms in on the drink and fades to black to end the video."
v_waF8oGaQqvI,0,6,0.0,4.04,[2.0s] a white background with the word how on it,"A special effect intro appears and a blue word appears in the middle of the screen and say's ""Howcast"".","A special effect intro appears and a blue word appears in the middle of the screen and say's ""Howcast"". A woman is lying on a bed in a business with a man sitting next to her and a list of things pop up on the screen under the words ""YOU WILL NEED"" appear on the screen. The woman is shown doing various things as steps show up under each action she does, and even tips appear on the screen that lead up to the woman laying on the bed as a man tattoos her. When he's done tattooing her he holds up a white bottle with a green cap and talks to her while showing it and white words appear on the screen giving a warning that ""Applying too much topical anesthetic and then covering the tattoo can cause seizures"". The woman stands up to show her tattoo and the woman is briefly shown sunbathing with the tattoo covered up. A close up of her tattoo is shown and words appear over it that say's ""Democrats are more likely to have tattoos"", then a white screen appears with the blue words in the middle that say ""Howcast""."
v_waF8oGaQqvI,1,6,4.04,26.96,[4.0s] a woman laying on top of a bed next to a man | [9.8s] a woman standing in front of a store | [15.5s] a woman laying in bed with her head on the pillow | [21.2s] a woman laying in bed with her head on the pillow | [27.0s] a man and woman standing in front of a counter,"A woman is lying on a bed in a business with a man sitting next to her and a list of things pop up on the screen under the words ""YOU WILL NEED"" appear on the screen.","A special effect intro appears and a blue word appears in the middle of the screen and say's ""Howcast"". A woman is lying on a bed in a business with a man sitting next to her and a list of things pop up on the screen under the words ""YOU WILL NEED"" appear on the screen. The woman is shown doing various things as steps show up under each action she does, and even tips appear on the screen that lead up to the woman laying on the bed as a man tattoos her. When he's done tattooing her he holds up a white bottle with a green cap and talks to her while showing it and white words appear on the screen giving a warning that ""Applying too much topical anesthetic and then covering the tattoo can cause seizures"". The woman stands up to show her tattoo and the woman is briefly shown sunbathing with the tattoo covered up. A close up of her tattoo is shown and words appear over it that say's ""Democrats are more likely to have tattoos"", then a white screen appears with the blue words in the middle that say ""Howcast""."
v_waF8oGaQqvI,2,6,26.96,97.74,[27.0s] a man and woman standing in front of a counter | [37.1s] a woman in an orange dress is reading a book | [47.2s] a woman standing in front of a closet | [57.3s] a woman is looking at her reflection in the mirror | [67.4s] a woman in an orange shirt is talking to another | [77.5s] a diagram of the human body and organs | [87.6s] a woman laying on top of a bed next to a man | [97.7s] a man in a black hoodie sitting on the floor,"The woman is shown doing various things as steps show up under each action she does, and even tips appear on the screen that lead up to the woman laying on the bed as a man tattoos her.","A special effect intro appears and a blue word appears in the middle of the screen and say's ""Howcast"". A woman is lying on a bed in a business with a man sitting next to her and a list of things pop up on the screen under the words ""YOU WILL NEED"" appear on the screen. The woman is shown doing various things as steps show up under each action she does, and even tips appear on the screen that lead up to the woman laying on the bed as a man tattoos her. When he's done tattooing her he holds up a white bottle with a green cap and talks to her while showing it and white words appear on the screen giving a warning that ""Applying too much topical anesthetic and then covering the tattoo can cause seizures"". The woman stands up to show her tattoo and the woman is briefly shown sunbathing with the tattoo covered up. A close up of her tattoo is shown and words appear over it that say's ""Democrats are more likely to have tattoos"", then a white screen appears with the blue words in the middle that say ""Howcast""."
v_waF8oGaQqvI,3,6,97.74,115.27,[97.7s] a man in a black hoodie sitting on the floor | [103.6s] a woman laying on top of a bed next to a man | [109.4s] an image of a man with tattoos on his arm | [115.3s] a woman in a blue dress standing next to an oven,"When he's done tattooing her he holds up a white bottle with a green cap and talks to her while showing it and white words appear on the screen giving a warning that ""Applying too much topical anesthetic and then covering the tattoo can cause seizures"".","A special effect intro appears and a blue word appears in the middle of the screen and say's ""Howcast"". A woman is lying on a bed in a business with a man sitting next to her and a list of things pop up on the screen under the words ""YOU WILL NEED"" appear on the screen. The woman is shown doing various things as steps show up under each action she does, and even tips appear on the screen that lead up to the woman laying on the bed as a man tattoos her. When he's done tattooing her he holds up a white bottle with a green cap and talks to her while showing it and white words appear on the screen giving a warning that ""Applying too much topical anesthetic and then covering the tattoo can cause seizures"". The woman stands up to show her tattoo and the woman is briefly shown sunbathing with the tattoo covered up. A close up of her tattoo is shown and words appear over it that say's ""Democrats are more likely to have tattoos"", then a white screen appears with the blue words in the middle that say ""Howcast""."
v_waF8oGaQqvI,4,6,115.27,128.08,[115.3s] a woman in a blue dress standing next to an oven | [121.7s] a woman in a blue top standing next to a man | [128.1s] a tattoo with the words democratss are more likely to have tattoos,The woman stands up to show her tattoo and the woman is briefly shown sunbathing with the tattoo covered up.,"A special effect intro appears and a blue word appears in the middle of the screen and say's ""Howcast"". A woman is lying on a bed in a business with a man sitting next to her and a list of things pop up on the screen under the words ""YOU WILL NEED"" appear on the screen. The woman is shown doing various things as steps show up under each action she does, and even tips appear on the screen that lead up to the woman laying on the bed as a man tattoos her. When he's done tattooing her he holds up a white bottle with a green cap and talks to her while showing it and white words appear on the screen giving a warning that ""Applying too much topical anesthetic and then covering the tattoo can cause seizures"". The woman stands up to show her tattoo and the woman is briefly shown sunbathing with the tattoo covered up. A close up of her tattoo is shown and words appear over it that say's ""Democrats are more likely to have tattoos"", then a white screen appears with the blue words in the middle that say ""Howcast""."
v_waF8oGaQqvI,5,6,128.08,134.76666666666668,[131.4s] an image of a person with tattoos on their arm,"A close up of her tattoo is shown and words appear over it that say's ""Democrats are more likely to have tattoos"", then a white screen appears with the blue words in the middle that say ""Howcast"".","A special effect intro appears and a blue word appears in the middle of the screen and say's ""Howcast"". A woman is lying on a bed in a business with a man sitting next to her and a list of things pop up on the screen under the words ""YOU WILL NEED"" appear on the screen. The woman is shown doing various things as steps show up under each action she does, and even tips appear on the screen that lead up to the woman laying on the bed as a man tattoos her. When he's done tattooing her he holds up a white bottle with a green cap and talks to her while showing it and white words appear on the screen giving a warning that ""Applying too much topical anesthetic and then covering the tattoo can cause seizures"". The woman stands up to show her tattoo and the woman is briefly shown sunbathing with the tattoo covered up. A close up of her tattoo is shown and words appear over it that say's ""Democrats are more likely to have tattoos"", then a white screen appears with the blue words in the middle that say ""Howcast""."
v_GffGGAwbcHo,0,7,7.96,12.35,[10.2s] a cartoon character is walking in the desert,A caveman is seen walking a purple rock.,A caveman is seen walking a purple rock. He runs into a big dog and the dog eats the caveman. A God walks a poodle. A cowboy walks his dog and is shot outside a saloon. Chaplin is seen walking his dog. A hippie dog lies down on the floor and seems to be hallucinating. Dogs and spacecraft are seen exploring space.
v_GffGGAwbcHo,1,7,12.62,14.27,[13.4s] an elephant with a banana in it ' s mouth,He runs into a big dog and the dog eats the caveman.,A caveman is seen walking a purple rock. He runs into a big dog and the dog eats the caveman. A God walks a poodle. A cowboy walks his dog and is shot outside a saloon. Chaplin is seen walking his dog. A hippie dog lies down on the floor and seems to be hallucinating. Dogs and spacecraft are seen exploring space.
v_GffGGAwbcHo,2,7,15.64,22.5,[19.1s] a cartoon dog with pink poms on its head,A God walks a poodle.,A caveman is seen walking a purple rock. He runs into a big dog and the dog eats the caveman. A God walks a poodle. A cowboy walks his dog and is shot outside a saloon. Chaplin is seen walking his dog. A hippie dog lies down on the floor and seems to be hallucinating. Dogs and spacecraft are seen exploring space.
v_GffGGAwbcHo,3,7,22.78,27.72,[25.2s] a room with wooden floors and an open door,A cowboy walks his dog and is shot outside a saloon.,A caveman is seen walking a purple rock. He runs into a big dog and the dog eats the caveman. A God walks a poodle. A cowboy walks his dog and is shot outside a saloon. Chaplin is seen walking his dog. A hippie dog lies down on the floor and seems to be hallucinating. Dogs and spacecraft are seen exploring space.
v_GffGGAwbcHo,4,7,28.81,33.2,[31.0s] a dog is standing in the corner of a building,Chaplin is seen walking his dog.,A caveman is seen walking a purple rock. He runs into a big dog and the dog eats the caveman. A God walks a poodle. A cowboy walks his dog and is shot outside a saloon. Chaplin is seen walking his dog. A hippie dog lies down on the floor and seems to be hallucinating. Dogs and spacecraft are seen exploring space.
v_GffGGAwbcHo,5,7,33.75,42.81,[33.8s] a person laying on the floor in an empty room | [42.8s] a computer screen with an image of a flower,A hippie dog lies down on the floor and seems to be hallucinating.,A caveman is seen walking a purple rock. He runs into a big dog and the dog eats the caveman. A God walks a poodle. A cowboy walks his dog and is shot outside a saloon. Chaplin is seen walking his dog. A hippie dog lies down on the floor and seems to be hallucinating. Dogs and spacecraft are seen exploring space.
v_GffGGAwbcHo,6,7,44.18,49.39,[46.8s] a cartoon character riding on top of a pig,Dogs and spacecraft are seen exploring space.,A caveman is seen walking a purple rock. He runs into a big dog and the dog eats the caveman. A God walks a poodle. A cowboy walks his dog and is shot outside a saloon. Chaplin is seen walking his dog. A hippie dog lies down on the floor and seems to be hallucinating. Dogs and spacecraft are seen exploring space.
v_MSjSXzk2k50,0,2,0.0,45.7,[0.0s] a black and white logo with the words gmm | [6.5s] a black and white business card with an orange border | [13.1s] a woman is cleaning the floor with a vacuum | [19.6s] a red and black floor polisher on the floor | [26.1s] a woman is sitting on the floor in an office | [32.6s] a woman standing in the middle of a room | [39.2s] a woman in an orange dress is holding onto a white pole | [45.7s] a person is putting something in a red container,An intro leads into a woman pulling out a bucket and piecing together a mop.,An intro leads into a woman pulling out a bucket and piecing together a mop. The camera pans around the bucket and the woman continues using the mop inside the bucket and moving around the object.
v_MSjSXzk2k50,1,2,41.48,140.52,[41.5s] a red and gray machine sitting on a counter | [55.6s] a woman is cleaning the floor with a mop | [69.8s] a woman standing in front of a mirror | [83.9s] a woman standing in front of a wall holding a suitcase | [98.1s] a white wall outlet with a black cord | [112.2s] a woman standing in the middle of a room | [126.4s] a woman is cleaning the floor with a vacuum | [140.5s] a black and white logo with the words gmm,The camera pans around the bucket and the woman continues using the mop inside the bucket and moving around the object.,An intro leads into a woman pulling out a bucket and piecing together a mop. The camera pans around the bucket and the woman continues using the mop inside the bucket and moving around the object.
v_08wKlw4a_so,0,4,0.0,4.3,[2.1s] a cat that is looking out the window,A black dog walks on a lawn.,"A black dog walks on a lawn. A lady rakes leaves from the lawn onto the pavement sidewalk. The lady stops raking, turns around, and talks plus gestures. A white ball rolls to a parked car."
v_08wKlw4a_so,1,4,3.42,25.2252,[3.4s] a cat that is looking out the window | [8.9s] a man is seen through the screen of his home | [14.3s] a man standing in front of a fence | [19.8s] a car is seen through the screen of a window | [25.2s] a man standing in front of a window looking out the window,A lady rakes leaves from the lawn onto the pavement sidewalk.,"A black dog walks on a lawn. A lady rakes leaves from the lawn onto the pavement sidewalk. The lady stops raking, turns around, and talks plus gestures. A white ball rolls to a parked car."
v_08wKlw4a_so,2,4,18.22,22.15,[20.2s] a car is seen through the screen of a window,"The lady stops raking, turns around, and talks plus gestures.","A black dog walks on a lawn. A lady rakes leaves from the lawn onto the pavement sidewalk. The lady stops raking, turns around, and talks plus gestures. A white ball rolls to a parked car."
v_08wKlw4a_so,3,4,14.43,21.77,[18.1s] a man standing in front of a window,A white ball rolls to a parked car.,"A black dog walks on a lawn. A lady rakes leaves from the lawn onto the pavement sidewalk. The lady stops raking, turns around, and talks plus gestures. A white ball rolls to a parked car."
v_wBhtt9x74TA,0,3,0.0,25.033333333333335,[0.0s] a woman in a white bikini | [5.0s] a woman in a white bikini is fucked by two men | [10.0s] a woman in a white bikini is standing on the toilet | [15.0s] a man and woman are in the bathroom | [20.0s] a woman in white panties is getting fucked by two men | [25.0s] a woman in white panties is standing on the bed,A woman is standing by a toilet in a bikini.,A woman is standing by a toilet in a bikini. A man is rubbing sunscreen onto her legs. She begins to rub her leg.
v_wBhtt9x74TA,1,3,1.0,25.033333333333335,[1.0s] a woman in white panties is getting her pussyed | [5.8s] a group of men and women in the bathroom | [10.6s] a woman in white panties is getting fucked by two men | [15.4s] a man and woman are playing in the bathroom | [20.2s] a woman in white panties is getting her pussyed | [25.0s] a woman in white panties is standing on the bed,A man is rubbing sunscreen onto her legs.,A woman is standing by a toilet in a bikini. A man is rubbing sunscreen onto her legs. She begins to rub her leg.
v_wBhtt9x74TA,2,3,12.56,16.46,[14.5s] a man and woman are playing in the bathroom,She begins to rub her leg.,A woman is standing by a toilet in a bikini. A man is rubbing sunscreen onto her legs. She begins to rub her leg.
v_dsVvnFkGAn0,0,3,0.0,13.66,[0.0s] a black and white photo of the moon in the sky | [6.8s] a woman is playing the violin in her living room | [13.7s] a woman playing violin in front of a fireplace,The woman is sitting by the fireplace holding a violin.,The woman is sitting by the fireplace holding a violin. The woman placed the violin between her neck and shoulder and began strumming the violin with the stick. The lady put the violin on her lap and talked.
v_dsVvnFkGAn0,1,3,12.01,68.31,[12.0s] a woman is playing the violin in her living room | [20.1s] a woman playing the violin in her living room | [28.1s] a woman playing the violin in her living room | [36.1s] a woman playing the violin in her living room | [44.2s] a woman playing the violin in her living room | [52.2s] a woman playing the violin in her living room | [60.3s] a woman playing the violin in her living room | [68.3s] a woman playing the violin in her living room,The woman placed the violin between her neck and shoulder and began strumming the violin with the stick.,The woman is sitting by the fireplace holding a violin. The woman placed the violin between her neck and shoulder and began strumming the violin with the stick. The lady put the violin on her lap and talked.
v_dsVvnFkGAn0,2,3,63.76,82.707625,[63.8s] a woman playing the violin in her living room | [70.1s] a woman holding a violin in her hands | [76.4s] a woman holding a violin in her hands | [82.7s] a black and white photo of the moon in the sky,The lady put the violin on her lap and talked.,The woman is sitting by the fireplace holding a violin. The woman placed the violin between her neck and shoulder and began strumming the violin with the stick. The lady put the violin on her lap and talked.
v_sRgBK2_nb0I,0,7,0.0,7.97,[4.0s] a woman on the balance beam at an olympics event,We see a man raise his arms and prepare to mount the pommel horse.,We see a man raise his arms and prepare to mount the pommel horse. The man mounts the pommel horse. The man does a handstand and throws his open legs over the pommel. The man spins around on the pommel horse. The man does a handstand and dismounts. The man raises his arms and walks away. The man shakes another man's hand.
v_sRgBK2_nb0I,1,7,9.03,11.42,[10.2s] a man standing on top of a diving platform,The man mounts the pommel horse.,We see a man raise his arms and prepare to mount the pommel horse. The man mounts the pommel horse. The man does a handstand and throws his open legs over the pommel. The man spins around on the pommel horse. The man does a handstand and dismounts. The man raises his arms and walks away. The man shakes another man's hand.
v_sRgBK2_nb0I,2,7,11.42,18.59,[15.0s] the gymnast is doing a trick on the balance beam,The man does a handstand and throws his open legs over the pommel.,We see a man raise his arms and prepare to mount the pommel horse. The man mounts the pommel horse. The man does a handstand and throws his open legs over the pommel. The man spins around on the pommel horse. The man does a handstand and dismounts. The man raises his arms and walks away. The man shakes another man's hand.
v_sRgBK2_nb0I,3,7,19.12,44.08,[19.1s] a man is doing gymnastics on the balance beam | [24.1s] a woman is doing gymnastics on the balance beam | [29.1s] a man is doing gymnastics on the balance beam | [34.1s] a woman is doing gymnastics on the balance beam | [39.1s] a woman is doing gymnastics on the balance beam | [44.1s] a woman on the balance beam at an olympics event,The man spins around on the pommel horse.,We see a man raise his arms and prepare to mount the pommel horse. The man mounts the pommel horse. The man does a handstand and throws his open legs over the pommel. The man spins around on the pommel horse. The man does a handstand and dismounts. The man raises his arms and walks away. The man shakes another man's hand.
v_sRgBK2_nb0I,4,7,45.14,47.0,[46.1s] a woman is doing gymnastics on the balance beam,The man does a handstand and dismounts.,We see a man raise his arms and prepare to mount the pommel horse. The man mounts the pommel horse. The man does a handstand and throws his open legs over the pommel. The man spins around on the pommel horse. The man does a handstand and dismounts. The man raises his arms and walks away. The man shakes another man's hand.
v_sRgBK2_nb0I,5,7,47.0,52.04,[49.5s] a man standing on top of a diving platform,The man raises his arms and walks away.,We see a man raise his arms and prepare to mount the pommel horse. The man mounts the pommel horse. The man does a handstand and throws his open legs over the pommel. The man spins around on the pommel horse. The man does a handstand and dismounts. The man raises his arms and walks away. The man shakes another man's hand.
v_sRgBK2_nb0I,6,7,52.31,53.01963333333333,[52.7s] a man standing on top of a diving board,The man shakes another man's hand.,We see a man raise his arms and prepare to mount the pommel horse. The man mounts the pommel horse. The man does a handstand and throws his open legs over the pommel. The man spins around on the pommel horse. The man does a handstand and dismounts. The man raises his arms and walks away. The man shakes another man's hand.
v_TtQPtLPTqBA,0,5,0.0,4.23,[2.1s] a group of people standing in a room,A girl is pouring something into a sink.,A girl is pouring something into a sink. She walks away and wipes her hands on a towel. She pours the bowl into a bucket on the ground. She starts wiping the floor with a towel. She moves the bucket up to the front of the classroom and dumps it out.
v_TtQPtLPTqBA,1,5,43.96,64.24,[44.0s] a group of children sitting at desks in a classroom | [49.0s] a group of children sitting at desks in a classroom | [54.1s] a group of children sitting at desks in a classroom | [59.2s] a group of children sitting at desks in a classroom | [64.2s] a group of children sitting at desks in a classroom,She walks away and wipes her hands on a towel.,A girl is pouring something into a sink. She walks away and wipes her hands on a towel. She pours the bowl into a bucket on the ground. She starts wiping the floor with a towel. She moves the bucket up to the front of the classroom and dumps it out.
v_TtQPtLPTqBA,2,5,69.32,89.6,[69.3s] a little girl sitting at a table in a kitchen | [74.4s] a little girl is standing in the kitchen | [79.5s] a little girl is playing in the kitchen | [84.5s] a little girl is playing with her toys in the room | [89.6s] a little girl is standing in the kitchen,She pours the bowl into a bucket on the ground.,A girl is pouring something into a sink. She walks away and wipes her hands on a towel. She pours the bowl into a bucket on the ground. She starts wiping the floor with a towel. She moves the bucket up to the front of the classroom and dumps it out.
v_TtQPtLPTqBA,3,5,100.59,112.43,[100.6s] a little girl is standing in the kitchen | [112.4s] a woman walking through a room filled with bags,She starts wiping the floor with a towel.,A girl is pouring something into a sink. She walks away and wipes her hands on a towel. She pours the bowl into a bucket on the ground. She starts wiping the floor with a towel. She moves the bucket up to the front of the classroom and dumps it out.
v_TtQPtLPTqBA,4,5,127.64,147.09,[127.6s] a little girl is dancing in the living room | [134.1s] a classroom filled with desks and chairs | [140.6s] a group of children sitting at desks in a classroom | [147.1s] a group of children sitting at desks in a classroom,She moves the bucket up to the front of the classroom and dumps it out.,A girl is pouring something into a sink. She walks away and wipes her hands on a towel. She pours the bowl into a bucket on the ground. She starts wiping the floor with a towel. She moves the bucket up to the front of the classroom and dumps it out.
v_7D5ItfgJFVw,0,3,0.0,47.63333333333333,[0.0s] a small white rabbit inside of a cage | [6.8s] a cat in a cage looking at the camera | [13.6s] a small white rabbit in a cage | [20.4s] a white rabbit is sitting inside of a cage | [27.2s] a white rat in a cage looking at the camera | [34.0s] a dog that is inside of a cage | [40.8s] a white rabbit in a cage looking at the camera | [47.6s] a small white rabbit inside of a cage,The white rabbit is in the cage.,The white rabbit is in the cage. The rabbit is cleaning its hands by licking it. The rabbit cleaned his back and then wend down to the first floor of his cage.
v_7D5ItfgJFVw,1,3,3.1,10.73,[6.9s] a cat in a cage looking at the camera,The rabbit is cleaning its hands by licking it.,The white rabbit is in the cage. The rabbit is cleaning its hands by licking it. The rabbit cleaned his back and then wend down to the first floor of his cage.
v_7D5ItfgJFVw,2,3,10.49,47.63333333333333,[10.5s] a small white rabbit inside of a cage | [15.8s] a small white rabbit in a cage | [21.1s] a white rabbit is sitting inside of a cage | [26.4s] a white rabbit in a cage looking at the camera | [31.7s] a white cat in a cage looking at the camera | [37.0s] a white cat in a cage looking at the camera | [42.3s] a small white dog inside of a cage | [47.6s] a small white rabbit inside of a cage,The rabbit cleaned his back and then wend down to the first floor of his cage.,The white rabbit is in the cage. The rabbit is cleaning its hands by licking it. The rabbit cleaned his back and then wend down to the first floor of his cage.
v_LrwBGQ9B0Vg,0,5,0.0,7.83,[3.9s] a large group of fish swimming in the ocean,A group of fish swim around in the ocean floor.,"A group of fish swim around in the ocean floor. A long yellow fish passes the camera. Scuba divers gather on a boat as a man speaks. We see several fish and a shark. The scuba divers dive, looking at the fish and waving at the camera."
v_LrwBGQ9B0Vg,1,5,11.48,17.22,[14.3s] a man and woman standing on top of a boat,A long yellow fish passes the camera.,"A group of fish swim around in the ocean floor. A long yellow fish passes the camera. Scuba divers gather on a boat as a man speaks. We see several fish and a shark. The scuba divers dive, looking at the fish and waving at the camera."
v_LrwBGQ9B0Vg,2,5,19.83,68.89,[19.8s] a group of people on a boat in the ocean | [26.8s] a large group of fish swimming in the ocean | [33.8s] a green sea turtle swimming in the ocean | [40.9s] a white boat traveling through the ocean | [47.9s] a group of people on a boat in the water | [54.9s] a large group of fish swimming in the ocean | [61.9s] a blue shark swimming in the ocean | [68.9s] a manta is swimming in the ocean,Scuba divers gather on a boat as a man speaks.,"A group of fish swim around in the ocean floor. A long yellow fish passes the camera. Scuba divers gather on a boat as a man speaks. We see several fish and a shark. The scuba divers dive, looking at the fish and waving at the camera."
v_LrwBGQ9B0Vg,3,5,70.45,78.8,[70.5s] a manta is swimming in the ocean | [78.8s] a group of people swimming in the ocean,We see several fish and a shark.,"A group of fish swim around in the ocean floor. A long yellow fish passes the camera. Scuba divers gather on a boat as a man speaks. We see several fish and a shark. The scuba divers dive, looking at the fish and waving at the camera."
v_LrwBGQ9B0Vg,4,5,85.06,104.33756666666666,[85.1s] a large group of fish swimming in the ocean | [91.5s] an underwater view of a boat in the ocean | [97.9s] a person is taking pictures of fish in the water | [104.3s] a black and white photo of the moon in the sky,"The scuba divers dive, looking at the fish and waving at the camera.","A group of fish swim around in the ocean floor. A long yellow fish passes the camera. Scuba divers gather on a boat as a man speaks. We see several fish and a shark. The scuba divers dive, looking at the fish and waving at the camera."
v_zgdT41KjjrE,0,7,1.18,2.36,"[1.8s] horse riding in yonte valley sept 9, 2011",The credits of the clip are shown.,The credits of the clip are shown. A guy stands next to horses with a clipboard. A guy walks under a horse fence. A person leads a horse. The guy gets on top of the horse. The guy pats the horse and goes horseback riding. People go horseback riding down a trail.
v_zgdT41KjjrE,1,7,4.73,9.46,[7.1s] a group of people standing next to each other people,A guy stands next to horses with a clipboard.,The credits of the clip are shown. A guy stands next to horses with a clipboard. A guy walks under a horse fence. A person leads a horse. The guy gets on top of the horse. The guy pats the horse and goes horseback riding. People go horseback riding down a trail.
v_zgdT41KjjrE,2,7,13.0,15.37,[14.2s] a man in blue shirt standing next to a horse,A guy walks under a horse fence.,The credits of the clip are shown. A guy stands next to horses with a clipboard. A guy walks under a horse fence. A person leads a horse. The guy gets on top of the horse. The guy pats the horse and goes horseback riding. People go horseback riding down a trail.
v_zgdT41KjjrE,3,7,15.37,21.28,[18.3s] a man is standing next to a horse,A person leads a horse.,The credits of the clip are shown. A guy stands next to horses with a clipboard. A guy walks under a horse fence. A person leads a horse. The guy gets on top of the horse. The guy pats the horse and goes horseback riding. People go horseback riding down a trail.
v_zgdT41KjjrE,4,7,22.46,29.55,[26.0s] a man is standing next to a horse,The guy gets on top of the horse.,The credits of the clip are shown. A guy stands next to horses with a clipboard. A guy walks under a horse fence. A person leads a horse. The guy gets on top of the horse. The guy pats the horse and goes horseback riding. People go horseback riding down a trail.
v_zgdT41KjjrE,5,7,30.74,236.33333333333334,[30.7s] a man riding on the back of a horse | [60.1s] a man riding on the back of a horse | [89.5s] two horses are walking down a trail in the woods | [118.9s] a green background with the words don ' t just love | [148.2s] a man riding on the back of a horse | [177.6s] a small stream in the middle of a forest | [207.0s] a group of men are walking down the street | [236.3s] a man riding on the back of a horse,The guy pats the horse and goes horseback riding.,The credits of the clip are shown. A guy stands next to horses with a clipboard. A guy walks under a horse fence. A person leads a horse. The guy gets on top of the horse. The guy pats the horse and goes horseback riding. People go horseback riding down a trail.
v_zgdT41KjjrE,6,7,87.48,236.33333333333334,[87.5s] a man riding a horse down a dirt road | [108.7s] a man riding on the back of a brown horse | [130.0s] a car driving down a road next to trees | [151.3s] a man riding on the back of a brown horse | [172.5s] a small stream in the middle of a forest | [193.8s] a group of people riding horses down a dirt road | [215.1s] two people are riding horses through the woods | [236.3s] a man riding on the back of a horse,People go horseback riding down a trail.,The credits of the clip are shown. A guy stands next to horses with a clipboard. A guy walks under a horse fence. A person leads a horse. The guy gets on top of the horse. The guy pats the horse and goes horseback riding. People go horseback riding down a trail.
v_SnBTp7iV2kE,0,5,0.0,111.53,[0.0s] a young boy playing pool in front of a crowd | [15.9s] a man playing pool in front of a crowd | [31.9s] a young boy playing pool in front of a crowd | [47.8s] a pool table with two balls on it | [63.7s] a man playing pool in front of a crowd | [79.7s] an image of a man playing pool in front of a crowd | [95.6s] a man playing pool in front of a crowd | [111.5s] a pool table with a ball on it,A boy and a man take turns playing billiards while a crowd watches.,A boy and a man take turns playing billiards while a crowd watches. The man wipes his face with a towel. The boy wins and the crowd cheers. Several men pick up the boy in celebration. The winning shot is replayed in slow motion.
v_SnBTp7iV2kE,1,5,87.32,90.99,[89.2s] a group of people standing in front of a building,The man wipes his face with a towel.,A boy and a man take turns playing billiards while a crowd watches. The man wipes his face with a towel. The boy wins and the crowd cheers. Several men pick up the boy in celebration. The winning shot is replayed in slow motion.
v_SnBTp7iV2kE,2,5,111.53,132.81,[111.5s] a pool table with a ball on it | [116.8s] a group of people standing around a pool | [122.2s] a group of people are dancing in the street | [127.5s] a group of people dancing in the street | [132.8s] the winning shot in slow,The boy wins and the crowd cheers.,A boy and a man take turns playing billiards while a crowd watches. The man wipes his face with a towel. The boy wins and the crowd cheers. Several men pick up the boy in celebration. The winning shot is replayed in slow motion.
v_SnBTp7iV2kE,3,5,119.6,132.81,[119.6s] a group of people playing pool games in the street | [126.2s] a group of people are dancing in the street | [132.8s] the winning shot in slow,Several men pick up the boy in celebration.,A boy and a man take turns playing billiards while a crowd watches. The man wipes his face with a towel. The boy wins and the crowd cheers. Several men pick up the boy in celebration. The winning shot is replayed in slow motion.
v_SnBTp7iV2kE,4,5,133.54,146.68965517241378,[133.5s] the winning shot in slow | [140.1s] a man playing pool in front of a crowd | [146.7s] a group of people playing pool games in the street,The winning shot is replayed in slow motion.,A boy and a man take turns playing billiards while a crowd watches. The man wipes his face with a towel. The boy wins and the crowd cheers. Several men pick up the boy in celebration. The winning shot is replayed in slow motion.
v_RULNhPrXnfA,0,5,0.0,23.44,[0.0s] a blue logo with the letter k | [5.9s] a white table with a harmonica on it | [11.7s] a man in a suit and tie holding a microphone | [17.6s] a man in a suit and hat holding a piece of paper | [23.4s] the man is wearing a hat,A man is shown standing in front of a blue background as many harmonicas are shown and he starts playing them.,"A man is shown standing in front of a blue background as many harmonicas are shown and he starts playing them. He is then shown speaking into the camera and going into detail with regards to the products features. He shows off how many he has in his coat and continues talking. He is then shown playing another harmonica as he gives instruction on it. He speaks some more and shows his harmonica again as the video goes to an end title screen that reads Howcast original""."
v_RULNhPrXnfA,1,5,23.44,33.76,[23.4s] the man is wearing a hat | [33.8s] a man wearing a hat and glasses,He is then shown speaking into the camera and going into detail with regards to the products features.,"A man is shown standing in front of a blue background as many harmonicas are shown and he starts playing them. He is then shown speaking into the camera and going into detail with regards to the products features. He shows off how many he has in his coat and continues talking. He is then shown playing another harmonica as he gives instruction on it. He speaks some more and shows his harmonica again as the video goes to an end title screen that reads Howcast original""."
v_RULNhPrXnfA,2,5,32.82,45.95,[32.8s] a man in a suit and hat with glasses | [39.4s] the man is wearing a hat | [46.0s] a man in a suit and tie wearing a hat,He shows off how many he has in his coat and continues talking.,"A man is shown standing in front of a blue background as many harmonicas are shown and he starts playing them. He is then shown speaking into the camera and going into detail with regards to the products features. He shows off how many he has in his coat and continues talking. He is then shown playing another harmonica as he gives instruction on it. He speaks some more and shows his harmonica again as the video goes to an end title screen that reads Howcast original""."
v_RULNhPrXnfA,3,5,45.95,151.91,[46.0s] a man in a suit and tie wearing a hat | [61.1s] a man in a suit and tie is holding an electronic device | [76.2s] a man in a suit and hat holding a camera | [91.4s] a man in a suit and hat holding a cell phone | [106.5s] a man in a suit and hat holding a cigarette | [121.6s] a man in a suit and hat smoking a pipe | [136.8s] a man in a suit and hat smoking a cigarette | [151.9s] a man in a suit and tie wearing a hat,He is then shown playing another harmonica as he gives instruction on it.,"A man is shown standing in front of a blue background as many harmonicas are shown and he starts playing them. He is then shown speaking into the camera and going into detail with regards to the products features. He shows off how many he has in his coat and continues talking. He is then shown playing another harmonica as he gives instruction on it. He speaks some more and shows his harmonica again as the video goes to an end title screen that reads Howcast original""."
v_RULNhPrXnfA,4,5,150.98,187.5,[151.0s] a man wearing a hat and glasses | [156.2s] a person holding up a black purse | [161.4s] a man wearing a suit | [166.6s] the man is wearing a hat and glasses | [171.8s] a man in glasses is playing the flute | [177.1s] the man is wearing a hat and glasses | [182.3s] the man is wearing a hat and glasses | [187.5s] a white background with the word yoast on it,"He speaks some more and shows his harmonica again as the video goes to an end title screen that reads Howcast original"".","A man is shown standing in front of a blue background as many harmonicas are shown and he starts playing them. He is then shown speaking into the camera and going into detail with regards to the products features. He shows off how many he has in his coat and continues talking. He is then shown playing another harmonica as he gives instruction on it. He speaks some more and shows his harmonica again as the video goes to an end title screen that reads Howcast original""."
v_fny1HWXezlE,0,3,0.0,44.89,[0.0s] a man riding on the back of a camel | [6.4s] a man laying on the ground next to a cow | [12.8s] a man riding on the back of a camel | [19.2s] a group of people riding on the back of a camel | [25.7s] a man riding on the back of a camel | [32.1s] a man riding on the back of a horse | [38.5s] a man riding on the back of a camel | [44.9s] a man riding on the back of a camel,A small child is seen climbing on a camel as well as a woman in front of him.,A small child is seen climbing on a camel as well as a woman in front of him. A man stands the camel up on it's legs and walks around the area. The man continues to walk around with the camels while the camera pans to their movements.
v_fny1HWXezlE,1,3,30.41,77.47,[30.4s] two people are playing with a camel in the park | [37.1s] a man riding on the back of a donkey | [43.9s] a man riding on the back of a camel | [50.6s] a man riding on the back of a camel | [57.3s] a man riding on the back of a camel | [64.0s] a man riding on the back of a camel | [70.7s] a man riding on the back of a camel | [77.5s] a man riding on the back of a camel,A man stands the camel up on it's legs and walks around the area.,A small child is seen climbing on a camel as well as a woman in front of him. A man stands the camel up on it's legs and walks around the area. The man continues to walk around with the camels while the camera pans to their movements.
v_fny1HWXezlE,2,3,60.82,142.63,[60.8s] a man riding on the back of a camel | [72.5s] a man riding on the back of a camel | [84.2s] a man riding on the back of a camel | [95.9s] a man riding on the back of a brown horse | [107.6s] a man riding on the back of a camel | [119.3s] a man riding on the back of a horse | [130.9s] a man riding on the back of a camel | [142.6s] a man riding on the back of a horse,The man continues to walk around with the camels while the camera pans to their movements.,A small child is seen climbing on a camel as well as a woman in front of him. A man stands the camel up on it's legs and walks around the area. The man continues to walk around with the camels while the camera pans to their movements.
v_21krmbuT21s,0,4,0.0,3.19,[1.6s] a man standing on top of a wrestling ring,Two gymasts are performing in front of a crowd.,"Two gymasts are performing in front of a crowd. One is spinning constantly on a beam. The man in red mounts and begins to spin, performing several tricks. The man dismounts, and puts one victorious arm up into the air."
v_21krmbuT21s,1,4,3.77,7.55,[5.7s] a man on a balance beam in front of an audience,One is spinning constantly on a beam.,"Two gymasts are performing in front of a crowd. One is spinning constantly on a beam. The man in red mounts and begins to spin, performing several tricks. The man dismounts, and puts one victorious arm up into the air."
v_21krmbuT21s,2,4,8.71,49.06,[8.7s] a man on a balance beam in front of an audience | [14.5s] a woman is doing gymnastics on the floor | [20.2s] a person on a balance beam in front of an audience | [26.0s] a person on a balance beam in front of an audience | [31.8s] a person on a balance beam in front of an audience | [37.5s] this is a tennis court | [43.3s] a man on a balance beam in front of an audience | [49.1s] a person on a balance beam in front of an audience,"The man in red mounts and begins to spin, performing several tricks.","Two gymasts are performing in front of a crowd. One is spinning constantly on a beam. The man in red mounts and begins to spin, performing several tricks. The man dismounts, and puts one victorious arm up into the air."
v_21krmbuT21s,3,4,50.22,58.058,[54.1s] a wrestling match is being played in an arena,"The man dismounts, and puts one victorious arm up into the air.","Two gymasts are performing in front of a crowd. One is spinning constantly on a beam. The man in red mounts and begins to spin, performing several tricks. The man dismounts, and puts one victorious arm up into the air."
v_oG4zf8dAQKw,0,2,0.0,17.66,[0.0s] the logo for asotm | [5.9s] a box of green tea on a black background | [11.8s] a box of toothpass on a white background | [17.7s] the woman is wearing a red shirt,A close up of products are shown followed by a woman open the package in front of a mirror.,"A close up of products are shown followed by a woman open the package in front of a mirror. The woman puts the package into her mouth, swishes it around, then spits it out."
v_oG4zf8dAQKw,1,2,11.65,37.5,[11.7s] a box of toothpass on a white background | [16.8s] the woman is wearing a red shirt | [22.0s] the woman is wearing a red shirt | [27.2s] a woman is looking at her reflection in the mirror | [32.3s] a group of women standing in front of a mirror | [37.5s] the asotv logo on a white background,"The woman puts the package into her mouth, swishes it around, then spits it out.","A close up of products are shown followed by a woman open the package in front of a mirror. The woman puts the package into her mouth, swishes it around, then spits it out."
v_DEmArEKL8gc,0,5,0.0,22.37,[0.0s] a group of girls playing basketball in a gym | [5.6s] a group of people standing on top of a basketball court | [11.2s] a group of people standing on top of a basketball court | [16.8s] a group of people standing on top of a basketball court | [22.4s] a group of people in blue shirts on a basketball court,A teenage female cheer leading squad walks around on a mat and get in formation.,"A teenage female cheer leading squad walks around on a mat and get in formation. The routine begins in a manikin challenge and they all begin to do a flip. After,they do a several straddle jumps and begin thrown up in stands. Once the stunts are done,half of the team begins doing cart wheels and they all meet back in the middle to do stunts in the air. More stunts are done and the girls finish by landing in a split,they then get up and hug each other in the middle of the mat."
v_DEmArEKL8gc,1,5,22.37,54.48,[22.4s] a group of people in blue shirts on a basketball court | [27.0s] a group of girls in cheerleading uniforms on a court | [31.5s] a group of women in blue shirts doing gymnastics | [36.1s] a group of people playing basketball in a gym | [40.7s] a group of girls standing on top of a basketball court | [45.3s] a group of girls in cheerleading uniforms standing on a basketball court | [49.9s] a group of girls playing basketball on a court | [54.5s] a group of girls playing basketball in a gym,The routine begins in a manikin challenge and they all begin to do a flip.,"A teenage female cheer leading squad walks around on a mat and get in formation. The routine begins in a manikin challenge and they all begin to do a flip. After,they do a several straddle jumps and begin thrown up in stands. Once the stunts are done,half of the team begins doing cart wheels and they all meet back in the middle to do stunts in the air. More stunts are done and the girls finish by landing in a split,they then get up and hug each other in the middle of the mat."
v_DEmArEKL8gc,2,5,54.48,79.77,[54.5s] a group of girls playing basketball in a gym | [59.5s] a group of girls standing on top of a basketball court | [64.6s] a group of girls in blue shirts and shorts on a basketball court | [69.7s] a group of girls doing gymnastics in a gym | [74.7s] a group of girls in blue shirts doing gymnastics | [79.8s] a group of girls doing gymnastics in a gym,"After,they do a several straddle jumps and begin thrown up in stands.","A teenage female cheer leading squad walks around on a mat and get in formation. The routine begins in a manikin challenge and they all begin to do a flip. After,they do a several straddle jumps and begin thrown up in stands. Once the stunts are done,half of the team begins doing cart wheels and they all meet back in the middle to do stunts in the air. More stunts are done and the girls finish by landing in a split,they then get up and hug each other in the middle of the mat."
v_DEmArEKL8gc,3,5,79.77,143.0,[79.8s] a group of girls doing gymnastics in a gym | [88.8s] a group of people standing on top of a basketball court | [97.8s] a group of people playing basketball in a gym | [106.9s] a group of girls in blue shirts are doing gymnastics | [115.9s] a group of people are doing tricks on a basketball court | [124.9s] a group of girls in blue uniforms are on a basketball court | [134.0s] a group of girls standing on top of a basketball court | [143.0s] a group of girls playing basketball in a gym,"Once the stunts are done,half of the team begins doing cart wheels and they all meet back in the middle to do stunts in the air.","A teenage female cheer leading squad walks around on a mat and get in formation. The routine begins in a manikin challenge and they all begin to do a flip. After,they do a several straddle jumps and begin thrown up in stands. Once the stunts are done,half of the team begins doing cart wheels and they all meet back in the middle to do stunts in the air. More stunts are done and the girls finish by landing in a split,they then get up and hug each other in the middle of the mat."
v_DEmArEKL8gc,4,5,143.0,194.50848878641793,[143.0s] a group of girls playing basketball in a gym | [150.4s] a group of girls playing basketball in a gym | [157.7s] a group of people in blue shirts are doing gymnastics | [165.1s] a group of young women in cheerleading uniforms on a basketball court | [172.4s] a group of people standing on top of a blue mat | [179.8s] a woman is kneeling on the floor while another watches | [187.2s] a group of girls in blue uniforms standing on a wrestling mat | [194.5s] a group of people standing on top of a basketball court,"More stunts are done and the girls finish by landing in a split,they then get up and hug each other in the middle of the mat.","A teenage female cheer leading squad walks around on a mat and get in formation. The routine begins in a manikin challenge and they all begin to do a flip. After,they do a several straddle jumps and begin thrown up in stands. Once the stunts are done,half of the team begins doing cart wheels and they all meet back in the middle to do stunts in the air. More stunts are done and the girls finish by landing in a split,they then get up and hug each other in the middle of the mat."
v_OqajYZVt1Wc,0,2,0.0,34.06,[0.0s] a woman in a red dress is making something | [4.9s] a woman is making some food in her kitchen | [9.7s] a woman is making some food on the table | [14.6s] a woman in a red shirt is eating some food | [19.5s] the woman is wearing a red shirt | [24.3s] a woman sitting at a table eating food | [29.2s] a woman sitting at a table with a plate of food | [34.1s] the woman is wearing a red shirt,A women is seen holding a thread of string in her hands and begins knitting the string with her hands.,A women is seen holding a thread of string in her hands and begins knitting the string with her hands. She continues threading the string with her hands and ends by holding the thread up to show.
v_OqajYZVt1Wc,1,2,31.04,74.8504301497882,[31.0s] a woman sitting at a table eating food | [37.3s] the woman is wearing a red shirt | [43.6s] a person cutting vegetables with a knife | [49.8s] the woman is knitting | [56.1s] a woman in a red shirt is eating noodles | [62.3s] a man in a red shirt is eating some food | [68.6s] the woman is wearing a red shirt | [74.9s] this is a fish,She continues threading the string with her hands and ends by holding the thread up to show.,A women is seen holding a thread of string in her hands and begins knitting the string with her hands. She continues threading the string with her hands and ends by holding the thread up to show.
v_DLJqhYP-C0k,0,5,0.0,10.28,[0.0s] a black and white photo of the moon in the sky | [10.3s] a man standing on top of a bowling court,The opening credits are shown for a video about bowling.,The opening credits are shown for a video about bowling. The video then shows several bowlers doing bowling tricks at a bowling alley. A credit comes onto the screen introducing the grad finale trick. A man throws the ball and simultaneously throws himself down the alley as well. The closing credits then com onto the screen to end the video.
v_DLJqhYP-C0k,1,5,10.28,154.25,[10.3s] a man standing on top of a bowling court | [30.8s] a bowling game is being played on the court | [51.4s] an image of a man with his arms outstretched in the air | [72.0s] an image of a man swimming in the water | [92.5s] an image of a woman dancing on the stage | [113.1s] a cat is playing bowling on the court | [133.7s] a white chicken standing on top of a table | [154.2s] an image of a bowling game being played on the tv screen,The video then shows several bowlers doing bowling tricks at a bowling alley.,The opening credits are shown for a video about bowling. The video then shows several bowlers doing bowling tricks at a bowling alley. A credit comes onto the screen introducing the grad finale trick. A man throws the ball and simultaneously throws himself down the alley as well. The closing credits then com onto the screen to end the video.
v_DLJqhYP-C0k,2,5,156.12,163.6,"[159.9s] a black background with red text that says, ' i amoire todo d '",A credit comes onto the screen introducing the grad finale trick.,The opening credits are shown for a video about bowling. The video then shows several bowlers doing bowling tricks at a bowling alley. A credit comes onto the screen introducing the grad finale trick. A man throws the ball and simultaneously throws himself down the alley as well. The closing credits then com onto the screen to end the video.
v_DLJqhYP-C0k,3,5,164.53,182.29,[164.5s] a man in green shirt standing on top of a soccer field | [170.4s] a man in green shirt standing on stage | [176.4s] a man kneeling on the ground in front of a crowd | [182.3s] a black and white photo of a person in the dark,A man throws the ball and simultaneously throws himself down the alley as well.,The opening credits are shown for a video about bowling. The video then shows several bowlers doing bowling tricks at a bowling alley. A credit comes onto the screen introducing the grad finale trick. A man throws the ball and simultaneously throws himself down the alley as well. The closing credits then com onto the screen to end the video.
v_DLJqhYP-C0k,4,5,182.29,186.8867,[184.6s] a black and white photo with the words ' cras porl video ',The closing credits then com onto the screen to end the video.,The opening credits are shown for a video about bowling. The video then shows several bowlers doing bowling tricks at a bowling alley. A credit comes onto the screen introducing the grad finale trick. A man throws the ball and simultaneously throws himself down the alley as well. The closing credits then com onto the screen to end the video.
v_YdenUU3g0XY,0,3,0.0,17.35,[0.0s] a blue logo with the letter h on it | [5.8s] a man standing on top of a tennis court holding a racket | [11.6s] a man standing on a tennis court holding a racket | [17.4s] a man in a blue shirt and black pants,"A man introduces the topic of the video, which is how to do a smash shot in Badminton.","A man introduces the topic of the video, which is how to do a smash shot in Badminton. He slowly demonstrates the necessary approach and form of the shot. We then see a player perform the shot multiple times as another person sets him up."
v_YdenUU3g0XY,1,3,17.69,35.38,[17.7s] a man in blue shirt standing next to another person | [23.6s] a man standing on top of a tennis court | [29.5s] a man in a blue shirt and black pants | [35.4s] a man wearing a blue shirt,He slowly demonstrates the necessary approach and form of the shot.,"A man introduces the topic of the video, which is how to do a smash shot in Badminton. He slowly demonstrates the necessary approach and form of the shot. We then see a player perform the shot multiple times as another person sets him up."
v_YdenUU3g0XY,2,3,46.6,62.25,[46.6s] a man is playing tennis in an indoor court | [54.4s] two people are playing tennis in a large room | [62.2s] a man standing on top of a tennis court,We then see a player perform the shot multiple times as another person sets him up.,"A man introduces the topic of the video, which is how to do a smash shot in Badminton. He slowly demonstrates the necessary approach and form of the shot. We then see a player perform the shot multiple times as another person sets him up."
v_ogQozSI5V8U,0,3,0.0,7.49,[3.7s] a man is walking down the hallway in his house,We see a hallway with a wooden floor.,We see a hallway with a wooden floor. A dog in socks walks slowly out onto the floor as a lady films him. The dog turns around and goes back to the other room.
v_ogQozSI5V8U,1,3,7.49,18.09,[7.5s] a man is walking down the hallway of an apartment | [18.1s] a dog is standing in the hallway of a house,A dog in socks walks slowly out onto the floor as a lady films him.,We see a hallway with a wooden floor. A dog in socks walks slowly out onto the floor as a lady films him. The dog turns around and goes back to the other room.
v_ogQozSI5V8U,2,3,19.37,36.5,[19.4s] a dog is standing in the hallway of a house | [25.1s] a dog that is standing in the hallway | [30.8s] a dog is standing on its hinds in the hallway | [36.5s] a man is walking down the hallway in his house,The dog turns around and goes back to the other room.,We see a hallway with a wooden floor. A dog in socks walks slowly out onto the floor as a lady films him. The dog turns around and goes back to the other room.
v_my4UPLGI6w4,0,3,13.01,39.03,[13.0s] a car parked in front of a house | [18.2s] a car is parked in front of a house | [23.4s] a dog is standing in the grass near some trees | [28.6s] a man is trimming the grass in his yard | [33.8s] a man is cutting leaves with a leaf blower | [39.0s] a man standing on top of a pile of leaves,There's a man coming out of his garage with an electrical leaf blower.,There's a man coming out of his garage with an electrical leaf blower. He begins blowing the leaves off of his yard for fall cleanup. He walks around his yard with the blower as he cleans the leaves.
v_my4UPLGI6w4,1,3,39.03,63.91,[39.0s] a man standing on top of a pile of leaves | [44.0s] a man is cutting leaves in the yard | [49.0s] a man standing in the grass next to a tree | [54.0s] a man standing in the grass next to a tree | [58.9s] a man is cutting leaves in the yard | [63.9s] a man is trimming leaves in his yard,He begins blowing the leaves off of his yard for fall cleanup.,There's a man coming out of his garage with an electrical leaf blower. He begins blowing the leaves off of his yard for fall cleanup. He walks around his yard with the blower as he cleans the leaves.
v_my4UPLGI6w4,2,3,63.91,69.65,[66.8s] a man is trimming leaves in his yard,He walks around his yard with the blower as he cleans the leaves.,There's a man coming out of his garage with an electrical leaf blower. He begins blowing the leaves off of his yard for fall cleanup. He walks around his yard with the blower as he cleans the leaves.
v_4x7HYKV8zkY,0,3,0.0,26.09,[0.0s] logo design by person for this project | design 212 | [5.2s] a black and white photo of the moon in the sky | [10.4s] three girls in bikinis standing on the beach | [15.7s] three girls in bikinis standing on the beach | [20.9s] three girls in bikinis on the beach | [26.1s] a black and white photo of a woman with long hair,Three girls are on the beach talking.,Three girls are on the beach talking. They do several flips on the beach. They lift one of the girls up for a stunt.
v_4x7HYKV8zkY,1,3,26.09,65.5,[26.1s] a black and white photo of a woman with long hair | [31.7s] a woman doing yoga on the beach | [37.4s] a woman is doing yoga on the beach | [43.0s] a little girl is playing on the beach | [48.6s] a girl is doing a handstant on the beach | [54.2s] a woman standing on top of a beach next to the ocean | [59.9s] two girls in bikinis on the beach | [65.5s] two young girls are playing on the beach,They do several flips on the beach.,Three girls are on the beach talking. They do several flips on the beach. They lift one of the girls up for a stunt.
v_4x7HYKV8zkY,2,3,62.03,71.3,[62.0s] two girls are playing on the beach | [71.3s] a woman is jumping on the beach,They lift one of the girls up for a stunt.,Three girls are on the beach talking. They do several flips on the beach. They lift one of the girls up for a stunt.
v_eGW0rygfcrg,0,5,0.0,1.84,[0.9s] a man and woman dancing together in a room,A man and a woman are standing in a bar.,A man and a woman are standing in a bar. We see the man and a woman ballroom dancing. The lady kicks her leg out behind and in front of her. We zoom in on the legs of the dancers. The camera goes blurry and the scene ends.
v_eGW0rygfcrg,1,5,2.77,92.217125,[2.8s] a couple dancing in front of a neon sign | [15.5s] a man and woman dancing in front of a neon sign | [28.3s] a man and woman dancing in front of a bar | [41.1s] a couple dancing in front of a neon sign | [53.9s] a couple dancing in front of a neon sign | [66.7s] a man and woman dancing in front of a bar | [79.4s] a man and woman are dancing in the dark | [92.2s] a woman standing in front of a neon sign,We see the man and a woman ballroom dancing.,A man and a woman are standing in a bar. We see the man and a woman ballroom dancing. The lady kicks her leg out behind and in front of her. We zoom in on the legs of the dancers. The camera goes blurry and the scene ends.
v_eGW0rygfcrg,2,5,68.71,73.32,[71.0s] a couple dancing in front of a neon sign,The lady kicks her leg out behind and in front of her.,A man and a woman are standing in a bar. We see the man and a woman ballroom dancing. The lady kicks her leg out behind and in front of her. We zoom in on the legs of the dancers. The camera goes blurry and the scene ends.
v_eGW0rygfcrg,3,5,74.25,82.08,[78.2s] a man and woman dancing in a dance studio,We zoom in on the legs of the dancers.,A man and a woman are standing in a bar. We see the man and a woman ballroom dancing. The lady kicks her leg out behind and in front of her. We zoom in on the legs of the dancers. The camera goes blurry and the scene ends.
v_eGW0rygfcrg,4,5,88.54,92.217125,[90.4s] a woman is dancing in the middle of a room,The camera goes blurry and the scene ends.,A man and a woman are standing in a bar. We see the man and a woman ballroom dancing. The lady kicks her leg out behind and in front of her. We zoom in on the legs of the dancers. The camera goes blurry and the scene ends.
v_QLJAQBUisuQ,0,4,12.49,23.51,[12.5s] a man in a black shirt is looking at the camera | [23.5s] a man in a black shirt is talking to someone,A man is talking to the camera.,A man is talking to the camera. An Olympic field is shown with many people walking around on it. The  man runs down a strip of track and jumps into a pile of sand. He has a flag wrapped around him and waves at the audience.
v_QLJAQBUisuQ,1,4,12.49,146.4,[12.5s] a man in a black shirt is looking at the camera | [31.6s] a baseball stadium filled with fans at night | [50.8s] a man in a black shirt is looking at the camera | [69.9s] a man in a black shirt is looking at the camera | [89.0s] an image of a woman with long hair | [108.1s] a woman in blue and white running on the beach | [127.3s] a man is holding up a british flag | [146.4s] a man in a blue jacket holding up a flag,An Olympic field is shown with many people walking around on it.,A man is talking to the camera. An Olympic field is shown with many people walking around on it. The  man runs down a strip of track and jumps into a pile of sand. He has a flag wrapped around him and waves at the audience.
v_QLJAQBUisuQ,2,4,77.86,107.25,[77.9s] an image of a man with his hands up in the air | [82.8s] a man standing on top of a race track | [87.7s] a man is running on a track in front of an audience | [92.6s] a man is running on the track | [97.5s] the man is running on the track | [102.4s] a woman is running on the track | [107.2s] a man is jumping in the air while another watches,The  man runs down a strip of track and jumps into a pile of sand.,A man is talking to the camera. An Olympic field is shown with many people walking around on it. The  man runs down a strip of track and jumps into a pile of sand. He has a flag wrapped around him and waves at the audience.
v_QLJAQBUisuQ,3,4,119.73,131.49,[119.7s] a man is standing in front of a crowd | [131.5s] a man holding an union flag on top of his head,He has a flag wrapped around him and waves at the audience.,A man is talking to the camera. An Olympic field is shown with many people walking around on it. The  man runs down a strip of track and jumps into a pile of sand. He has a flag wrapped around him and waves at the audience.
v_43j1BAyP6Q0,0,3,0.9,177.26,[0.9s] a screen shot of the amazon website | [26.1s] a computer screen with an amazon page on it | [51.3s] an image of a woman on a tread bike | [76.5s] an image of a woman on a tread bike | [101.7s] an image of a woman on a tread bike | [126.9s] an image of a computer screen with the amazon app on it | [152.1s] the amazon page on a computer screen | [177.3s] the amazon page on a computer screen,An unseen person navigates several Amazon dot com pages on exercise equipment.,"An unseen person navigates several Amazon dot com pages on exercise equipment. An Amazon page showing an exercise machine alone is shown, followed by another image of a Amazon page showing a woman using an exercise  machine along with a price and information about the equipment. Another page showing a eliptical trainer is shown in which an active computer mouse is navigating the review for the item at which point another model elliptical trainer on another page is shown."
v_43j1BAyP6Q0,1,3,0.9,105.64,[0.9s] a screen shot of the amazon website | [15.9s] an amazon page with a woman running on it | [30.8s] a computer screen with an amazon page on it | [45.8s] a computer screen with an amazon page on it | [60.8s] an image of a woman on a tread bike | [75.7s] an image of a woman on a tread bike | [90.7s] an image of a woman on a tread bike | [105.6s] an image of a woman on a tread bike,"An Amazon page showing an exercise machine alone is shown, followed by another image of a Amazon page showing a woman using an exercise  machine along with a price and information about the equipment.","An unseen person navigates several Amazon dot com pages on exercise equipment. An Amazon page showing an exercise machine alone is shown, followed by another image of a Amazon page showing a woman using an exercise  machine along with a price and information about the equipment. Another page showing a eliptical trainer is shown in which an active computer mouse is navigating the review for the item at which point another model elliptical trainer on another page is shown."
v_43j1BAyP6Q0,2,3,105.64,176.36,[105.6s] an image of a woman on a tread bike | [115.7s] an image of a computer screen with the amazon app on it | [125.8s] an image of a computer screen with the amazon app on it | [135.9s] an image of a computer screen with the amazon app on it | [146.1s] an image of a woman running on a tread | [156.2s] the amazon page on a computer screen | [166.3s] the amazon page on a computer screen | [176.4s] the amazon page on a computer screen,Another page showing a eliptical trainer is shown in which an active computer mouse is navigating the review for the item at which point another model elliptical trainer on another page is shown.,"An unseen person navigates several Amazon dot com pages on exercise equipment. An Amazon page showing an exercise machine alone is shown, followed by another image of a Amazon page showing a woman using an exercise  machine along with a price and information about the equipment. Another page showing a eliptical trainer is shown in which an active computer mouse is navigating the review for the item at which point another model elliptical trainer on another page is shown."
v_NwfS7eZiMLg,0,3,0.0,99.02,[0.0s] a man standing in the middle of a living room | [14.1s] a man in a white shirt is playing the bagpipe | [28.3s] a man holding a bagpipe in his hand | [42.4s] a man holding a bagpipe in his hands | [56.6s] a man playing bagpipes on the stairs | [70.7s] a man playing the bagpipe in his living room | [84.9s] a man is playing bagpipes on the stairs | [99.0s] a man is playing bagpipes on the stairs,"A man is playing the bagpipes at the bottom of the stairs in the living room of a house, wearing a button up and dress pants, along with socks.","A man is playing the bagpipes at the bottom of the stairs in the living room of a house, wearing a button up and dress pants, along with socks. He begins to tap his foot along with the beat of his tune, He starts to tap his left foot in a back and forth rhythm with his right foot. He finishes, and smiles at the camera."
v_NwfS7eZiMLg,1,3,99.69,132.7,[99.7s] a man is playing the bagpipe in his living room | [104.4s] a man playing bagpipes on the stairs | [109.1s] a man holding a bagpipe in his hands | [113.8s] a man playing the bagpipe in his living room | [118.6s] a man playing the bagpipe in his living room | [123.3s] a man playing the bagpipe in his living room | [128.0s] a man in a white shirt is playing the bagpipe | [132.7s] a man playing bagpipes on the stairs,"He begins to tap his foot along with the beat of his tune, He starts to tap his left foot in a back and forth rhythm with his right foot.","A man is playing the bagpipes at the bottom of the stairs in the living room of a house, wearing a button up and dress pants, along with socks. He begins to tap his foot along with the beat of his tune, He starts to tap his left foot in a back and forth rhythm with his right foot. He finishes, and smiles at the camera."
v_NwfS7eZiMLg,2,3,133.37,134.6345,[134.0s] a man is standing on the stairs with his dog,"He finishes, and smiles at the camera.","A man is playing the bagpipes at the bottom of the stairs in the living room of a house, wearing a button up and dress pants, along with socks. He begins to tap his foot along with the beat of his tune, He starts to tap his left foot in a back and forth rhythm with his right foot. He finishes, and smiles at the camera."
v_p9iE8iemCMs,0,4,10.09,123.82,[10.1s] a person is playing the flute | [26.3s] a person holding a flute in their hand | [42.6s] a person holding a flute in their hands | [58.8s] a person holding a flute in their hand | [75.1s] a person holding a flute in their hands | [91.3s] a person holding a flute in their hands | [107.6s] a woman sitting in front of a microphone | [123.8s] a woman sitting in front of a microphone,A person is holding a flute.,A person is holding a flute. The person shows a fingering for the second octave of the note. The person shows the fingering on the third octave. The woman talks directly to the camera.
v_p9iE8iemCMs,1,4,42.39,72.67,[42.4s] a person holding a flute in their hand | [47.4s] a person holding a flute in their hands | [52.5s] a person is playing the flute | [57.5s] a person holding a flute in their hands | [62.6s] a person holding a flute in their hand | [67.6s] a person holding a flute in their hands | [72.7s] a person holding a flute in their hands,The person shows a fingering for the second octave of the note.,A person is holding a flute. The person shows a fingering for the second octave of the note. The person shows the fingering on the third octave. The woman talks directly to the camera.
v_p9iE8iemCMs,2,4,74.02,89.5,[74.0s] a person holding a flute in their hands | [81.8s] a person holding a flute in their hands | [89.5s] a person holding a flute in their hands,The person shows the fingering on the third octave.,A person is holding a flute. The person shows a fingering for the second octave of the note. The person shows the fingering on the third octave. The woman talks directly to the camera.
v_p9iE8iemCMs,3,4,92.86,123.14,[92.9s] a woman with long blonde hair sitting in front of a microphone | [97.9s] a woman with long blonde hair sitting in front of a microphone | [103.0s] a woman with long blonde hair sitting in front of a microphone | [108.0s] a woman sitting in front of a microphone | [113.0s] a woman with long blonde hair sitting in front of a microphone | [118.1s] a woman with long blonde hair sitting in front of a microphone | [123.1s] a woman with long blonde hair sitting in front of a microphone,The woman talks directly to the camera.,A person is holding a flute. The person shows a fingering for the second octave of the note. The person shows the fingering on the third octave. The woman talks directly to the camera.
v_JKFxKhCQPUs,0,4,8.03,20.89,[8.0s] a man standing on top of a red carpet | [14.5s] a person is doing gymnastics on a blue mat | [20.9s] a woman is doing gymnastics on the balance beam,A male gymnast wearing a blue leotard is doing gymnastics on a horse bar.,"A male gymnast wearing a blue leotard is doing gymnastics on a horse bar. He is performing in an indoor stadium full of spectators. He continues to excel in doing his moves steadily on the horse bar. After he's done, he gets off the bar and one of the coaches hugs him as the crowd cheers for him."
v_JKFxKhCQPUs,1,4,20.89,30.99,[20.9s] a woman is doing gymnastics on the balance beam | [31.0s] a man on a balance beam in front of an audience,He is performing in an indoor stadium full of spectators.,"A male gymnast wearing a blue leotard is doing gymnastics on a horse bar. He is performing in an indoor stadium full of spectators. He continues to excel in doing his moves steadily on the horse bar. After he's done, he gets off the bar and one of the coaches hugs him as the crowd cheers for him."
v_JKFxKhCQPUs,2,4,30.99,40.86,[31.0s] a man on a balance beam in front of an audience | [40.9s] a man standing on top of a red carpet,He continues to excel in doing his moves steadily on the horse bar.,"A male gymnast wearing a blue leotard is doing gymnastics on a horse bar. He is performing in an indoor stadium full of spectators. He continues to excel in doing his moves steadily on the horse bar. After he's done, he gets off the bar and one of the coaches hugs him as the crowd cheers for him."
v_JKFxKhCQPUs,3,4,40.86,45.87916666666667,[43.4s] a man in blue shirt and black shorts holding a basketball ball,"After he's done, he gets off the bar and one of the coaches hugs him as the crowd cheers for him.","A male gymnast wearing a blue leotard is doing gymnastics on a horse bar. He is performing in an indoor stadium full of spectators. He continues to excel in doing his moves steadily on the horse bar. After he's done, he gets off the bar and one of the coaches hugs him as the crowd cheers for him."
v_pmPEfkb8roQ,0,2,0.0,11.73,[0.0s] a black and white photo of the moon in the sky | [11.7s] a wooden fence in front of a house,A fence in front of a house is shown.,A fence in front of a house is shown. A man wearing white starts painting the fence.
v_pmPEfkb8roQ,1,2,11.73,30.8308,[11.7s] a wooden fence in front of a house | [18.1s] a man standing in front of a house | [24.5s] an image of a house being built in the mountains | [30.8s] a black and white photo of houses in the suburbs,A man wearing white starts painting the fence.,A fence in front of a house is shown. A man wearing white starts painting the fence.
v_T49ZxNX1DFM,0,2,4.08,43.76,[4.1s] santa monica water polo club | [9.7s] a swimming pool with people in it | [15.4s] a group of people swimming in an indoor pool | [21.1s] a group of people swimming in an indoor pool | [26.8s] a group of people swimming in a pool | [32.4s] a man swimming in an indoor pool | [38.1s] a swimming pool with people in it | [43.8s] a swimming pool with people in it,There are people throwing balls to each other in the pool.,There are people throwing balls to each other in the pool. there are people swimming to the other side of the pool.
v_T49ZxNX1DFM,1,2,30.05,43.76,[30.1s] a group of people swimming in a pool | [36.9s] a swimming pool with people in it | [43.8s] a swimming pool with people in it,there are people swimming to the other side of the pool.,There are people throwing balls to each other in the pool. there are people swimming to the other side of the pool.
v_9rW35YTKYq8,0,3,14.22,36.73,[14.2s] a man standing in front of a building | [19.8s] a young man playing the violin in front of a building | [25.5s] a man playing the violin in front of a building | [31.1s] a man playing the violin in front of a building | [36.7s] a man playing the violin in front of a building,"A man is shown flipping a violin in his hands, playing a popular song on his violin.","A man is shown flipping a violin in his hands, playing a popular song on his violin. The camera shows the violinist from various angles playing the popular song and not breaking concentration. The camera pans all around the player and shows him playing the complete song."
v_9rW35YTKYq8,1,3,36.73,213.28,[36.7s] a man playing the violin in front of a building | [62.0s] a man playing the violin in front of a building | [87.2s] a man playing a violin outside in the snow | [112.4s] a man playing violin in the street | [137.6s] a man playing the violin in front of a building | [162.8s] a man playing the violin in front of a building | [188.1s] a man playing the violin in front of a building | [213.3s] a man playing the violin in front of a building,The camera shows the violinist from various angles playing the popular song and not breaking concentration.,"A man is shown flipping a violin in his hands, playing a popular song on his violin. The camera shows the violinist from various angles playing the popular song and not breaking concentration. The camera pans all around the player and shows him playing the complete song."
v_9rW35YTKYq8,2,3,94.79,213.28,[94.8s] a man playing the violin in front of a house | [111.7s] a man playing a violin in the street | [128.6s] a man playing the violin in front of a building | [145.6s] a man playing violin in front of a building | [162.5s] a man playing the violin in front of a building | [179.4s] a man standing in the middle of a yard | [196.4s] a man is playing violin in the street | [213.3s] a man playing the violin in front of a building,The camera pans all around the player and shows him playing the complete song.,"A man is shown flipping a violin in his hands, playing a popular song on his violin. The camera shows the violinist from various angles playing the popular song and not breaking concentration. The camera pans all around the player and shows him playing the complete song."
v_shLUZZS9oYc,0,3,0.0,14.41,[0.0s] a man standing next to a red car | [7.2s] a man is cutting hedges with a chainsaw | [14.4s] a man kneeling on the ground next to a hedge,A man is standing outside by the sidewalk cutting down a set of hedges.,"A man is standing outside by the sidewalk cutting down a set of hedges. As he finishes the side,he moves to the front of the plant and continues cutting the plant down. Once a small portion is shown,he looks at the plant and then cuts off the item in his hand."
v_shLUZZS9oYc,1,3,14.94,40.88,[14.9s] a man kneeling on the ground next to a car | [20.1s] a man standing in the middle of a garden | [25.3s] a man is trimming a hedge in the garden | [30.5s] a man is painting the side of a house | [35.7s] a man that is standing next to a car | [40.9s] a man standing next to a red car,"As he finishes the side,he moves to the front of the plant and continues cutting the plant down.","A man is standing outside by the sidewalk cutting down a set of hedges. As he finishes the side,he moves to the front of the plant and continues cutting the plant down. Once a small portion is shown,he looks at the plant and then cuts off the item in his hand."
v_shLUZZS9oYc,2,3,41.93,52.36666666666667,[41.9s] a man standing next to a red car | [52.4s] a man standing next to a car on the side of a road,"Once a small portion is shown,he looks at the plant and then cuts off the item in his hand.","A man is standing outside by the sidewalk cutting down a set of hedges. As he finishes the side,he moves to the front of the plant and continues cutting the plant down. Once a small portion is shown,he looks at the plant and then cuts off the item in his hand."
v_nMTyJxJIZUs,0,2,0.0,62.52,[0.0s] a little girl sitting on the floor | [8.9s] a little girl sitting on top of a tree | [17.9s] a woman sitting on a couch holding a cat | [26.8s] a little girl sitting on top of a wooden floor | [35.7s] a little girl with long blonde hair | [44.7s] a little girl holding scissors in her hands | [53.6s] a little girl sitting on top of a couch | [62.5s] a woman sitting on top of a couch next to a dog,A small child paints another individual's fingernails.,A small child paints another individual's fingernails. The other individual examines the nails.
v_nMTyJxJIZUs,1,2,62.18,68.53333333333333,[65.4s] a woman is holding her hand up to the camera,The other individual examines the nails.,A small child paints another individual's fingernails. The other individual examines the nails.
v_Ufm19cvrxGs,0,5,0.0,24.55,[0.0s] the text on a black background | [4.9s] a diagram showing the different parts of a car | [9.8s] a diagram showing the different parts of a car | [14.7s] a diagram showing the different parts of a chain | [19.6s] a diagram showing the location of the car ' s steering | [24.6s] a diagram showing the different types of an animal ' s teeth,A set of instruction is seen with diagrams.,A set of instruction is seen with diagrams. A man uses a tool to repair individual links of a bike chain. The bike chain is fastened back together on the bike gears using a specialized tool. The person inspects the newly replaced chain by hand. The person points to different areas on the bike gearing with the bike on the rack after the job is complete.
v_Ufm19cvrxGs,1,5,44.34,60.97,[44.3s] a metal chain hanging on a stone wall | [49.9s] a person holding a pair of scissors in their hand | [55.4s] a person is holding something in their hand | [61.0s] how to install a stone fireplace youtube,A man uses a tool to repair individual links of a bike chain.,A set of instruction is seen with diagrams. A man uses a tool to repair individual links of a bike chain. The bike chain is fastened back together on the bike gears using a specialized tool. The person inspects the newly replaced chain by hand. The person points to different areas on the bike gearing with the bike on the rack after the job is complete.
v_Ufm19cvrxGs,2,5,65.72,117.98,[65.7s] a person holding a bike chain with their hands | [73.2s] how to replace a bike chain | [80.7s] a man is working on a bicycle chain | [88.1s] a person is working on a bicycle wheel | [95.6s] a person is working on a bike | [103.0s] a man is working on some metal parts | [110.5s] a man is working on some metal parts | [118.0s] a person is working on a bicycle chain,The bike chain is fastened back together on the bike gears using a specialized tool.,A set of instruction is seen with diagrams. A man uses a tool to repair individual links of a bike chain. The bike chain is fastened back together on the bike gears using a specialized tool. The person inspects the newly replaced chain by hand. The person points to different areas on the bike gearing with the bike on the rack after the job is complete.
v_Ufm19cvrxGs,3,5,120.35,135.4,[120.3s] a close up view of a bike ' s chain | [127.9s] a person working on a motorcycle wheel | [135.4s] a person is working on a piece of metal,The person inspects the newly replaced chain by hand.,A set of instruction is seen with diagrams. A man uses a tool to repair individual links of a bike chain. The bike chain is fastened back together on the bike gears using a specialized tool. The person inspects the newly replaced chain by hand. The person points to different areas on the bike gearing with the bike on the rack after the job is complete.
v_Ufm19cvrxGs,4,5,137.77,147.28,[137.8s] a bike that is hanging on the wall | [147.3s] a man holding a bike in front of a fireplace,The person points to different areas on the bike gearing with the bike on the rack after the job is complete.,A set of instruction is seen with diagrams. A man uses a tool to repair individual links of a bike chain. The bike chain is fastened back together on the bike gears using a specialized tool. The person inspects the newly replaced chain by hand. The person points to different areas on the bike gearing with the bike on the rack after the job is complete.
v_---9CpRcKoU,0,3,0.0,1.62,[0.8s] two people sitting on the floor eating food,A man was sitting inside a room.,A man was sitting inside a room. He is holding a bowl of noodles and broth. He is drinking the broth from a bowl.
v_---9CpRcKoU,1,3,1.76,8.58,[5.2s] a man sitting in front of a laptop computer,He is holding a bowl of noodles and broth.,A man was sitting inside a room. He is holding a bowl of noodles and broth. He is drinking the broth from a bowl.
v_---9CpRcKoU,2,3,8.87,14.0,[11.4s] a man kissing a woman on the cheek,He is drinking the broth from a bowl.,A man was sitting inside a room. He is holding a bowl of noodles and broth. He is drinking the broth from a bowl.
v_F9HKxxoNNSQ,0,4,0.0,14.31,[0.0s] a wooden floor with white lines on it | [7.2s] a man is standing on the deck of a ship | [14.3s] a skateboarder is doing tricks on the sidewalk,"A person throw a disc with a stick, the disc arrives to a triangle on the floor where two people stand.","A person throw a disc with a stick, the disc arrives to a triangle on the floor where two people stand. Then, another disk slides on the floor to stop inside the triangle. After, the person throw another disc that stops inside the triangle. The rules oh the shuffleboard game is displayed in a board."
v_F9HKxxoNNSQ,1,4,14.31,19.68,[17.0s] a man is standing on the deck of a ship,"Then, another disk slides on the floor to stop inside the triangle.","A person throw a disc with a stick, the disc arrives to a triangle on the floor where two people stand. Then, another disk slides on the floor to stop inside the triangle. After, the person throw another disc that stops inside the triangle. The rules oh the shuffleboard game is displayed in a board."
v_F9HKxxoNNSQ,2,4,19.9,35.33,[19.9s] a man is playing basketball on the court | [27.6s] a man standing on top of a wooden floor | [35.3s] a blue and white mural on the side of a building,"After, the person throw another disc that stops inside the triangle.","A person throw a disc with a stick, the disc arrives to a triangle on the floor where two people stand. Then, another disk slides on the floor to stop inside the triangle. After, the person throw another disc that stops inside the triangle. The rules oh the shuffleboard game is displayed in a board."
v_F9HKxxoNNSQ,3,4,35.55,44.5,[35.5s] a room with blue walls and white furniture | [44.5s] a sign that is on the side of a building,The rules oh the shuffleboard game is displayed in a board.,"A person throw a disc with a stick, the disc arrives to a triangle on the floor where two people stand. Then, another disk slides on the floor to stop inside the triangle. After, the person throw another disc that stops inside the triangle. The rules oh the shuffleboard game is displayed in a board."
v_ohNtDBYmhX0,0,3,0.0,25.56,[0.0s] a black and white photo of the moon in the sky | [5.1s] a black and white logo with the letter q | [10.2s] a man riding a skateboard down the side of a building | [15.3s] a little boy is skateboarding on the street | [20.4s] a boy is doing tricks on his skateboard | [25.6s] a man riding a skateboard down the street,"A male skateboarder is skating, he jumped on the railing and then slipped and fell on his back and a hand helped him up.","A male skateboarder is skating, he jumped on the railing and then slipped and fell on his back and a hand helped him up. A boy jumped in a platform with his skateboard and slipped and fell. The skateboarders jumped on the platform or railings and slipped and fell on the ground."
v_ohNtDBYmhX0,1,3,13.94,48.8,[13.9s] a man riding a skateboard down the street | [18.9s] a man is skateboarding in front of a building | [23.9s] a man riding a skateboard down the street | [28.9s] a man on a skateboard in the street | [33.9s] a man riding a skateboard down the side of a ramp | [38.8s] a person laying on the ground in the dark | [43.8s] a man is walking up some stairs | [48.8s] a skateboarder is falling down on the street,A boy jumped in a platform with his skateboard and slipped and fell.,"A male skateboarder is skating, he jumped on the railing and then slipped and fell on his back and a hand helped him up. A boy jumped in a platform with his skateboard and slipped and fell. The skateboarders jumped on the platform or railings and slipped and fell on the ground."
v_ohNtDBYmhX0,2,3,47.25,154.8547,[47.2s] a man is on the ground in front of an airplane | [62.6s] a skateboarder is doing tricks on the sidewalk | [78.0s] a man standing on the side of a road | [93.4s] a skateboarder is doing tricks on his board | [108.7s] a skateboarder is doing tricks on his board | [124.1s] a person riding a skateboard down the side walk | [139.5s] a skateboarder is doing tricks on his board | [154.9s] a black and white photo of the moon in the sky,The skateboarders jumped on the platform or railings and slipped and fell on the ground.,"A male skateboarder is skating, he jumped on the railing and then slipped and fell on his back and a hand helped him up. A boy jumped in a platform with his skateboard and slipped and fell. The skateboarders jumped on the platform or railings and slipped and fell on the ground."
v_MiTIi_QYt2k,0,3,0.0,43.68,[0.0s] a wooden bench sitting on top of cardboard boxes | [6.2s] a pitcher of liquid being poured into a measuring cup | [12.5s] a pitcher filled with water sitting on top of a wooden table | [18.7s] a glass measuring device on top of a wooden table | [25.0s] a pile of wood planks | [31.2s] how to clean a wood floor | [37.4s] how to paint a wood chair | [43.7s] a person is making something out of wood,A close up of a wooden bench is seen followed by a person mixing ingredients together.,A close up of a wooden bench is seen followed by a person mixing ingredients together. A person is then seen holding a rag and wiping down the bench. More ingredients are mixed afterwards that leads into more wiping down with the rag.
v_MiTIi_QYt2k,1,3,38.01,86.79,[38.0s] how to paint a wooden chair | [45.0s] a man is working on a piece of wood | [51.9s] an old wooden floor is being cleaned | [58.9s] a measuring cup sitting on top of a wooden table | [65.9s] a pitcher of beer being poured into a glass | [72.9s] a glass filled with liquid sitting on top of a wooden table | [79.8s] a video showing how to clean wood floors | [86.8s] how to paint a wooden chair,A person is then seen holding a rag and wiping down the bench.,A close up of a wooden bench is seen followed by a person mixing ingredients together. A person is then seen holding a rag and wiping down the bench. More ingredients are mixed afterwards that leads into more wiping down with the rag.
v_MiTIi_QYt2k,2,3,81.69,110.62,[81.7s] how to clean a wood floor | [86.5s] how to paint a wooden chair | [91.3s] a wooden bench sitting in front of a window | [96.2s] an image of a person walking down a wooden floor | [101.0s] a close up view of a wooden headboard | [105.8s] how to stain wood floors | [110.6s] a wooden bench sitting in front of a wall,More ingredients are mixed afterwards that leads into more wiping down with the rag.,A close up of a wooden bench is seen followed by a person mixing ingredients together. A person is then seen holding a rag and wiping down the bench. More ingredients are mixed afterwards that leads into more wiping down with the rag.
v_mnqSG5o84NE,0,4,0.0,48.24,[0.0s] a group of people in a room with graffiti | [6.9s] a group of people are dancing in an office | [13.8s] a group of people in a room with graffiti | [20.7s] a group of people playing basketball in a room | [27.6s] a group of people in a room playing with each other people | [34.5s] a group of people dancing in an office | [41.3s] a group of people sitting in a room | [48.2s] a group of kids are playing with each other children,A man train a boy kick box while two men watch sitting in the room.,"A man train a boy kick box while two men watch sitting in the room. Then, the man stands and kick the boy who kick back then kneels. After, the man trains another child while showing movements. After, the man stands to practice kicks, then the man lye down and and hug the child who continues practicing kick box."
v_mnqSG5o84NE,1,4,48.94,62.22,[48.9s] a group of people in a room with graffiti walls | [55.6s] a man and two young boys are playing basketball | [62.2s] a group of people in a room with graffiti,"Then, the man stands and kick the boy who kick back then kneels.","A man train a boy kick box while two men watch sitting in the room. Then, the man stands and kick the boy who kick back then kneels. After, the man trains another child while showing movements. After, the man stands to practice kicks, then the man lye down and and hug the child who continues practicing kick box."
v_mnqSG5o84NE,2,4,62.92,111.86,[62.9s] a group of young boys playing with each other kids | [69.9s] a group of people dancing in a room | [76.9s] two young boys are fighting in an office | [83.9s] a group of people are dancing in an office | [90.9s] a group of kids are playing with each other children | [97.9s] two men are fighting in an office | [104.9s] two men fighting in a room with graffiti walls | [111.9s] a group of people in a room with graffiti on the walls,"After, the man trains another child while showing movements.","A man train a boy kick box while two men watch sitting in the room. Then, the man stands and kick the boy who kick back then kneels. After, the man trains another child while showing movements. After, the man stands to practice kicks, then the man lye down and and hug the child who continues practicing kick box."
v_mnqSG5o84NE,3,4,112.56,138.43,[112.6s] a group of people in a room with graffiti on the walls | [117.7s] a group of young boys are practicing boxing in the gym | [122.9s] a group of people sitting in a room | [128.1s] a man is sitting on the floor in an office | [133.3s] a group of people sitting on the floor in an office | [138.4s] a group of people in a room with blue walls,"After, the man stands to practice kicks, then the man lye down and and hug the child who continues practicing kick box.","A man train a boy kick box while two men watch sitting in the room. Then, the man stands and kick the boy who kick back then kneels. After, the man trains another child while showing movements. After, the man stands to practice kicks, then the man lye down and and hug the child who continues practicing kick box."
v_NnEUVHhtLZs,0,3,0.0,9.67,[0.0s] a man in a suit and tie sitting on a red chair | [9.7s] a man in a suit sitting on a red chair,"a man is seated, talking to a talk show host.","a man is seated, talking to a talk show host. They are animated as they speak to one another. They continue talking, then the host presents the man with a gift."
v_NnEUVHhtLZs,1,3,13.13,78.78,[13.1s] a man sitting in a red chair next to a woman | [22.5s] a man sitting in a red chair next to a woman | [31.9s] a man sitting in a red chair next to a woman | [41.3s] a man sitting in a chair next to a woman | [50.6s] a man sitting in a red chair next to a woman | [60.0s] a man and woman sitting in chairs on the tonight show | [69.4s] a man in a suit and tie sitting on a red chair | [78.8s] a woman sitting in a chair next to a man,They are animated as they speak to one another.,"a man is seated, talking to a talk show host. They are animated as they speak to one another. They continue talking, then the host presents the man with a gift."
v_NnEUVHhtLZs,2,3,85.0,138.138,[85.0s] a man in a suit and tie sitting on a red chair | [92.6s] a man in a suit and tie sitting on a red chair | [100.2s] a man sitting in a red chair next to a woman | [107.8s] a man in a suit and tie sitting on a red chair | [115.4s] a man in a suit and tie is standing next to another man | [123.0s] a man in a suit sitting on a red chair | [130.5s] the late show | [138.1s] a dark room with the light coming through the window,"They continue talking, then the host presents the man with a gift.","a man is seated, talking to a talk show host. They are animated as they speak to one another. They continue talking, then the host presents the man with a gift."
v_L0jbYqV9Zaw,0,5,11.26,27.21,[11.3s] a group of people standing in front of a tent | [19.2s] a group of people standing in front of a tent | [27.2s] a group of people standing in front of a tent,Paintballs are flying at men in front of a tent.,Paintballs are flying at men in front of a tent. The men back into the tent. People are getting ready for the paintball competition. Paintballs come out of a man's mouth. The sun is setting.
v_L0jbYqV9Zaw,1,5,26.28,30.03,[28.2s] a group of people standing in front of a tent,The men back into the tent.,Paintballs are flying at men in front of a tent. The men back into the tent. People are getting ready for the paintball competition. Paintballs come out of a man's mouth. The sun is setting.
v_L0jbYqV9Zaw,2,5,34.72,159.53,[34.7s] a group of people playing baseball on a field | [52.5s] a group of people standing in front of a crowd | [70.4s] a woman in a black top is dancing | [88.2s] a man with a paintball in front of a crowd | [106.0s] a man in a red shirt standing next to a woman | [123.9s] a man in red shirt throwing a baseball bat | [141.7s] a man in camouflage clothing holding up a camera | [159.5s] a man standing on top of a red wall,People are getting ready for the paintball competition.,Paintballs are flying at men in front of a tent. The men back into the tent. People are getting ready for the paintball competition. Paintballs come out of a man's mouth. The sun is setting.
v_L0jbYqV9Zaw,3,5,129.5,152.03,[129.5s] a man wearing sunglasses and a red hat sitting in front of a poster | [135.1s] a man holding a microphone in front of his face | [140.8s] a man in camouflage clothing holding a gun | [146.4s] a man wearing sunglasses and a hat is standing in front of a television screen | [152.0s] a man wearing a hat and sunglasses is sitting in front of a poster,Paintballs come out of a man's mouth.,Paintballs are flying at men in front of a tent. The men back into the tent. People are getting ready for the paintball competition. Paintballs come out of a man's mouth. The sun is setting.
v_L0jbYqV9Zaw,4,5,160.47,182.99,[160.5s] a car driving down the road at night | [166.1s] a car driving down the road at night | [171.7s] a car driving down the road at night | [177.4s] the sun is setting in the sky over a city | [183.0s] the sun is setting in a dark sky,The sun is setting.,Paintballs are flying at men in front of a tent. The men back into the tent. People are getting ready for the paintball competition. Paintballs come out of a man's mouth. The sun is setting.
v_N-6-MdxRg50,0,5,0.0,5.38,[2.7s] zuba kids logo,We see a colorful opening scene.,We see a colorful opening scene. Kids in colorful clothes walk on a stage and get in place. The kids perform zumba on a stage. The girl second from left goes the wrong direction and almost runs into another girl. We see an an ending screen.
v_N-6-MdxRg50,1,5,4.71,12.78,[4.7s] zuba kids logo | [12.8s] a group of people standing on top of a stage,Kids in colorful clothes walk on a stage and get in place.,We see a colorful opening scene. Kids in colorful clothes walk on a stage and get in place. The kids perform zumba on a stage. The girl second from left goes the wrong direction and almost runs into another girl. We see an an ending screen.
v_N-6-MdxRg50,2,5,13.45,128.44,[13.4s] a group of young women dancing on stage | [29.9s] a group of girls dancing on a stage | [46.3s] a group of people dancing on a stage | [62.7s] a group of people are dancing on a stage | [79.2s] a group of young people dancing on a stage | [95.6s] a group of people dancing on a stage | [112.0s] a group of people are dancing on a stage | [128.4s] zuba kids dance show,The kids perform zumba on a stage.,We see a colorful opening scene. Kids in colorful clothes walk on a stage and get in place. The kids perform zumba on a stage. The girl second from left goes the wrong direction and almost runs into another girl. We see an an ending screen.
v_N-6-MdxRg50,3,5,27.57,35.64,[27.6s] a group of people dancing on a stage | [35.6s] a group of people dancing on a stage,The girl second from left goes the wrong direction and almost runs into another girl.,We see a colorful opening scene. Kids in colorful clothes walk on a stage and get in place. The kids perform zumba on a stage. The girl second from left goes the wrong direction and almost runs into another girl. We see an an ending screen.
v_N-6-MdxRg50,4,5,129.78,134.4343,[132.1s] zuba kids logo,We see an an ending screen.,We see a colorful opening scene. Kids in colorful clothes walk on a stage and get in place. The kids perform zumba on a stage. The girl second from left goes the wrong direction and almost runs into another girl. We see an an ending screen.
v_f0CViWbj3V4,0,3,0.0,1.38,[0.7s] a man and woman playing drums in the street,A man and woman are seated on a porch.,A man and woman are seated on a porch. The man plays bongo drums while the woman helps occasionally. Another hand is seen banging a drum in the foreground.
v_f0CViWbj3V4,1,3,1.93,20.59,[1.9s] a group of women playing drums in the street | [8.2s] a woman is standing next to another woman | [14.4s] a woman in a white dress is being fucked by two men | [20.6s] a man and woman are having sex on the couch,The man plays bongo drums while the woman helps occasionally.,A man and woman are seated on a porch. The man plays bongo drums while the woman helps occasionally. Another hand is seen banging a drum in the foreground.
v_f0CViWbj3V4,2,3,21.41,27.027,[24.2s] a man is holding a woman in his arms,Another hand is seen banging a drum in the foreground.,A man and woman are seated on a porch. The man plays bongo drums while the woman helps occasionally. Another hand is seen banging a drum in the foreground.
v_bY0bGFJ-k1U,0,3,2.15,48.67,[2.1s] a man standing in front of a refrigerator | [8.8s] a man is working on some tools in the kitchen | [15.4s] a man sitting on the floor in front of a mirror | [22.1s] a man in a black shirt is making something | [28.7s] a man wearing a mask and holding a knife | [35.4s] a welding machine in action with sparks | [42.0s] a man welding in the dark with sparks | [48.7s] a man welding in the dark with sparks,A close up of a hand is seen that pans out to a man putting gloves on.,A close up of a hand is seen that pans out to a man putting gloves on. The man then assembles a torch and begins burning a piece of metal in front of him. The man continues to work and hammer objects as well as sand it on the side.
v_bY0bGFJ-k1U,1,3,40.8,116.67,[40.8s] a welding machine with sparks in the air | [51.6s] a welding machine with sparks in the air | [62.5s] a welder welding with sparks and sparks | [73.3s] a man in a black jacket is working on wood | [84.2s] a man in a black jacket is working on a piece of metal | [95.0s] a man in a black jacket is working on a piece of metal | [105.8s] a man in a mask is working on a metal object | [116.7s] a man working on a machine in a factory,The man then assembles a torch and begins burning a piece of metal in front of him.,A close up of a hand is seen that pans out to a man putting gloves on. The man then assembles a torch and begins burning a piece of metal in front of him. The man continues to work and hammer objects as well as sand it on the side.
v_bY0bGFJ-k1U,2,3,113.81,139.57,[113.8s] a man in a black jacket working on a machine | [119.0s] a man in a black suit sitting at a table | [124.1s] a man working on a machine in a factory | [129.3s] a man working on a machine in a factory | [134.4s] a man working on a machine in a factory | [139.6s] a man is sitting in front of a mirror,The man continues to work and hammer objects as well as sand it on the side.,A close up of a hand is seen that pans out to a man putting gloves on. The man then assembles a torch and begins burning a piece of metal in front of him. The man continues to work and hammer objects as well as sand it on the side.
v_i2u80Y3BMYs,0,3,0.0,63.36,[0.0s] two men standing in front of a white brick wall | [9.1s] two men standing in front of a white brick wall | [18.1s] two men standing in front of a white brick wall | [27.2s] a man standing in front of a white brick wall | [36.2s] a man squats in front of a white brick wall | [45.3s] a man squats in front of a white brick wall | [54.3s] a man in black shirt lifting a barbell | [63.4s] a man is holding a barbell in his hands,Two men in work out clothes are standing up against the wall and they begin to talk about working out.,Two men in work out clothes are standing up against the wall and they begin to talk about working out. One man is then shown and he bends down and shows the proper way to lift the bar with weight on it. A replay is then shown and the boy bends from the knees and then flips his wrist and brings it over his shoulder as he goes down into a squatting position.
v_i2u80Y3BMYs,1,3,63.36,136.38,[63.4s] a man is holding a barbell in his hands | [73.8s] a man in black shirt holding a barbell | [84.2s] a man squats with a barbell | [94.7s] a man squats in front of a white brick wall | [105.1s] a man standing in front of a white brick wall | [115.5s] a man squats on a bar in the gym | [125.9s] a man squats in front of a white brick wall | [136.4s] a man squats in front of a white brick wall,One man is then shown and he bends down and shows the proper way to lift the bar with weight on it.,Two men in work out clothes are standing up against the wall and they begin to talk about working out. One man is then shown and he bends down and shows the proper way to lift the bar with weight on it. A replay is then shown and the boy bends from the knees and then flips his wrist and brings it over his shoulder as he goes down into a squatting position.
v_i2u80Y3BMYs,2,3,135.31,214.64,"[135.3s] a man squats in front of a white brick wall | [146.6s] a man in black shirt holding a barbell | [158.0s] a man squats in front of a white brick wall | [169.3s] a man squats on a barbell | [180.6s] a man standing in front of a white brick wall | [192.0s] a black and white photo with the words in spanish | [203.3s] a black background with yellow text that reads, ` facebook ' | [214.6s] an image of a black background with the words ht on it",A replay is then shown and the boy bends from the knees and then flips his wrist and brings it over his shoulder as he goes down into a squatting position.,Two men in work out clothes are standing up against the wall and they begin to talk about working out. One man is then shown and he bends down and shows the proper way to lift the bar with weight on it. A replay is then shown and the boy bends from the knees and then flips his wrist and brings it over his shoulder as he goes down into a squatting position.
v_YRRcCaxIoR4,0,2,0.0,2.93,"[1.5s] a black and white photo with the words, pole vault",Pole Vault Greats is on the screen.,Pole Vault Greats is on the screen. There are several scenes of men and women pole vaulting.
v_YRRcCaxIoR4,1,2,2.93,97.48,[2.9s] an old gry background with a gry texture in the middle | [16.4s] a man doing a handstant in the air | [29.9s] a man that is running on a track | [43.5s] a man is doing tricks on the pole | [57.0s] a group of people standing in front of a large screen | [70.5s] a woman doing a high jump in the air | [84.0s] a man doing a handstant in the air | [97.5s] a soccer game is being played in the dark,There are several scenes of men and women pole vaulting.,Pole Vault Greats is on the screen. There are several scenes of men and women pole vaulting.
v_5IkU9svJFRI,0,6,0.0,1.74,[0.9s] a little boy is playing in the dirt,We see a boy squatting in the dirt.,We see a boy squatting in the dirt. We then see the title screen. The little boy attempts to make a campfire using a flint. Small flames start and grow. The boy stands up next to his fire. We see 2 title cards about starting fires for survival and the website is show before the end screens.
v_5IkU9svJFRI,1,6,1.74,13.22,[1.7s] a little boy sitting on the ground in front of a sign that reads can a party be with disaster? | [13.2s] a woman kneeling down on the ground,We then see the title screen.,We see a boy squatting in the dirt. We then see the title screen. The little boy attempts to make a campfire using a flint. Small flames start and grow. The boy stands up next to his fire. We see 2 title cards about starting fires for survival and the website is show before the end screens.
v_5IkU9svJFRI,2,6,12.88,22.97,[12.9s] a young boy is playing in the dirt | [23.0s] a little girl is kneeling down on the ground,The little boy attempts to make a campfire using a flint.,We see a boy squatting in the dirt. We then see the title screen. The little boy attempts to make a campfire using a flint. Small flames start and grow. The boy stands up next to his fire. We see 2 title cards about starting fires for survival and the website is show before the end screens.
v_5IkU9svJFRI,3,6,21.23,26.45,[23.8s] a little girl is kneeling down on the ground,Small flames start and grow.,We see a boy squatting in the dirt. We then see the title screen. The little boy attempts to make a campfire using a flint. Small flames start and grow. The boy stands up next to his fire. We see 2 title cards about starting fires for survival and the website is show before the end screens.
v_5IkU9svJFRI,4,6,25.75,32.02,[28.9s] a man with no shirt is standing in the woods,The boy stands up next to his fire.,We see a boy squatting in the dirt. We then see the title screen. The little boy attempts to make a campfire using a flint. Small flames start and grow. The boy stands up next to his fire. We see 2 title cards about starting fires for survival and the website is show before the end screens.
v_5IkU9svJFRI,5,6,35.15,69.43603333333333,"[35.1s] a black background with orange text that says they are using the aus survival tool | [40.0s] a little boy playing with a toy in the woods | [44.9s] the fire starter you can get | [49.8s] an image of a bright orange light in the dark | [54.7s] a black background with red text that says, | [59.6s] an image of a yellow light in the dark | [64.5s] the word we sell fire on a black background | [69.4s] a black background with the words music by dansong com",We see 2 title cards about starting fires for survival and the website is show before the end screens.,We see a boy squatting in the dirt. We then see the title screen. The little boy attempts to make a campfire using a flint. Small flames start and grow. The boy stands up next to his fire. We see 2 title cards about starting fires for survival and the website is show before the end screens.
v_62h9hnNTKWM,0,6,9.49,27.79,[9.5s] a woman in a pink dress standing on a stage | [15.6s] a young girl in a pink leor | [21.7s] a young girl in a pink leor leor costume | [27.8s] a young girl in a pink dress standing on a stage,"Alexandra Raisman from Massachusetts is seen wearing purple leotards, getting ready to do gymnastics on the horse bar.","Alexandra Raisman from Massachusetts is seen wearing purple leotards, getting ready to do gymnastics on the horse bar. She jumps right onto the horse bar and does some front and back flips. Then she does some back hand springs on the horse bar. she swiftly jumps on the horse bar while maintaining complete control over body and balance. She does a final back flip and a front flip and then, gets off the horse bar. The spectators cheer for her as she walks away."
v_62h9hnNTKWM,1,6,27.79,56.26,[27.8s] a young girl in a pink dress standing on a stage | [32.5s] a young girl in a pink leor leor costume | [37.3s] a man standing on top of a wrestling mat | [42.0s] a man in a red shirt is talking to another man | [46.8s] a woman standing on top of a gymnastics court | [51.5s] a woman in pink shirt and white skirt on stage | [56.3s] a woman standing on top of a blue gymnastics mat,She jumps right onto the horse bar and does some front and back flips.,"Alexandra Raisman from Massachusetts is seen wearing purple leotards, getting ready to do gymnastics on the horse bar. She jumps right onto the horse bar and does some front and back flips. Then she does some back hand springs on the horse bar. she swiftly jumps on the horse bar while maintaining complete control over body and balance. She does a final back flip and a front flip and then, gets off the horse bar. The spectators cheer for her as she walks away."
v_62h9hnNTKWM,2,6,56.26,91.5,[56.3s] a woman standing on top of a blue gymnastics mat | [61.3s] a woman standing on top of a balance beam | [66.3s] a woman is doing gymnastics on the balance bars | [71.4s] a woman on a balance beam in front of an audience | [76.4s] a woman is doing gymnastics on the balance beam | [81.4s] a woman on a balance beam in front of an audience | [86.5s] a woman on a balance beam in front of an audience | [91.5s] a woman on a balance beam in front of an audience,Then she does some back hand springs on the horse bar.,"Alexandra Raisman from Massachusetts is seen wearing purple leotards, getting ready to do gymnastics on the horse bar. She jumps right onto the horse bar and does some front and back flips. Then she does some back hand springs on the horse bar. she swiftly jumps on the horse bar while maintaining complete control over body and balance. She does a final back flip and a front flip and then, gets off the horse bar. The spectators cheer for her as she walks away."
v_62h9hnNTKWM,3,6,91.5,109.12,[91.5s] a woman on a balance beam in front of an audience | [97.4s] a woman standing on top of a balance beam | [103.2s] a woman on a balance beam in front of an audience | [109.1s] a woman on a balance beam in front of an audience,she swiftly jumps on the horse bar while maintaining complete control over body and balance.,"Alexandra Raisman from Massachusetts is seen wearing purple leotards, getting ready to do gymnastics on the horse bar. She jumps right onto the horse bar and does some front and back flips. Then she does some back hand springs on the horse bar. she swiftly jumps on the horse bar while maintaining complete control over body and balance. She does a final back flip and a front flip and then, gets off the horse bar. The spectators cheer for her as she walks away."
v_62h9hnNTKWM,4,6,109.12,124.71,[109.1s] a woman on a balance beam in front of an audience | [116.9s] a woman on a balance beam in front of an audience | [124.7s] a woman standing on top of a balance beam,"She does a final back flip and a front flip and then, gets off the horse bar.","Alexandra Raisman from Massachusetts is seen wearing purple leotards, getting ready to do gymnastics on the horse bar. She jumps right onto the horse bar and does some front and back flips. Then she does some back hand springs on the horse bar. she swiftly jumps on the horse bar while maintaining complete control over body and balance. She does a final back flip and a front flip and then, gets off the horse bar. The spectators cheer for her as she walks away."
v_62h9hnNTKWM,5,6,124.71,131.49,[128.1s] a person jumping in the air on a balance beam,The spectators cheer for her as she walks away.,"Alexandra Raisman from Massachusetts is seen wearing purple leotards, getting ready to do gymnastics on the horse bar. She jumps right onto the horse bar and does some front and back flips. Then she does some back hand springs on the horse bar. she swiftly jumps on the horse bar while maintaining complete control over body and balance. She does a final back flip and a front flip and then, gets off the horse bar. The spectators cheer for her as she walks away."
v_h4m7bYDVLAc,0,3,0.0,21.55,[0.0s] a woman in an orange skirt is holding a red balloon | [5.4s] a woman in a red dress standing next to a tree | [10.8s] a group of people standing in front of a house | [16.2s] a group of people standing around a fence | [21.6s] a woman in a red dress is walking down the street,A woman blindfolded in a yard and swinging away at a pinata being moved around.,A woman blindfolded in a yard and swinging away at a pinata being moved around. Several people around her are watches and can't help but laugh. The woman is laughing as well and finally hits the pinata for the children to grab.
v_h4m7bYDVLAc,1,3,0.37,23.05,[0.4s] a woman in a red dress dancing on the street | [6.0s] a woman in red skirt dancing on the sidewalk | [11.7s] a woman in a red dress dancing on the sidewalk | [17.4s] a group of people standing in front of a house | [23.1s] a woman in a red dress is walking down the street,Several people around her are watches and can't help but laugh.,A woman blindfolded in a yard and swinging away at a pinata being moved around. Several people around her are watches and can't help but laugh. The woman is laughing as well and finally hits the pinata for the children to grab.
v_h4m7bYDVLAc,2,3,20.18,24.17,[22.2s] a woman in a red dress is walking down the street,The woman is laughing as well and finally hits the pinata for the children to grab.,A woman blindfolded in a yard and swinging away at a pinata being moved around. Several people around her are watches and can't help but laugh. The woman is laughing as well and finally hits the pinata for the children to grab.
v_1fF1OQtpctg,0,4,0.0,54.52,[0.0s] an image of a basketball game being played | [7.8s] an image of a basketball game being played | [15.6s] a group of people dancing on a blue carpet | [23.4s] a group of people standing on top of a table | [31.2s] a man standing on top of a teddy bear | [38.9s] a group of young people on stage performing | [46.7s] a group of people are performing on a blue carpet | [54.5s] an image of a basketball game being played,A cheer-leading team begins to hold up posters as their mascot runs behind them.,"A cheer-leading team begins to hold up posters as their mascot runs behind them. They then begin to do a routine and some of the girls run with streamers as the rest of them hold up the girls for their stunt. The stunt is finished and the retreat back to their original position and begin doing cartwheels and other tricks and stunts along with their mascot. As the routine continues,more stunts are performed and the Tiger mascot continues to cheer with the girls."
v_1fF1OQtpctg,1,4,54.52,125.08,[54.5s] an image of a basketball game being played | [64.6s] a group of people on a tennis court | [74.7s] an image of two people on a stage with one person holding up their hands | [84.8s] a group of young people dancing on a stage | [94.8s] a group of girls in cheerleading uniforms on stage | [104.9s] a group of people standing on top of a stage | [115.0s] a group of people playing basketball on a court | [125.1s] a group of people standing in front of a tv screen,They then begin to do a routine and some of the girls run with streamers as the rest of them hold up the girls for their stunt.,"A cheer-leading team begins to hold up posters as their mascot runs behind them. They then begin to do a routine and some of the girls run with streamers as the rest of them hold up the girls for their stunt. The stunt is finished and the retreat back to their original position and begin doing cartwheels and other tricks and stunts along with their mascot. As the routine continues,more stunts are performed and the Tiger mascot continues to cheer with the girls."
v_1fF1OQtpctg,2,4,125.08,181.74,[125.1s] a group of people standing in front of a tv screen | [133.2s] an image of a football game being played | [141.3s] an image of a group of people dancing | [149.4s] an image of a group of people dancing | [157.5s] a group of people standing on top of a stage | [165.6s] an image of a group of people dancing | [173.6s] a group of people dancing on a blue carpet | [181.7s] an image of a group of people on a stage,The stunt is finished and the retreat back to their original position and begin doing cartwheels and other tricks and stunts along with their mascot.,"A cheer-leading team begins to hold up posters as their mascot runs behind them. They then begin to do a routine and some of the girls run with streamers as the rest of them hold up the girls for their stunt. The stunt is finished and the retreat back to their original position and begin doing cartwheels and other tricks and stunts along with their mascot. As the routine continues,more stunts are performed and the Tiger mascot continues to cheer with the girls."
v_1fF1OQtpctg,3,4,182.81,213.66666666666666,[182.8s] a group of people dancing on a blue carpet | [188.0s] the women ' s basketball team celebrating their victory | [193.1s] an image of a woman dancing on stage | [198.2s] an image of a group of people on a basketball court | [203.4s] a group of people standing on top of a stage | [208.5s] a group of women in cheerleading uniforms on stage | [213.7s] a group of people standing on top of a blue carpet,"As the routine continues,more stunts are performed and the Tiger mascot continues to cheer with the girls.","A cheer-leading team begins to hold up posters as their mascot runs behind them. They then begin to do a routine and some of the girls run with streamers as the rest of them hold up the girls for their stunt. The stunt is finished and the retreat back to their original position and begin doing cartwheels and other tricks and stunts along with their mascot. As the routine continues,more stunts are performed and the Tiger mascot continues to cheer with the girls."
v_9eqfQyr3J7k,0,3,0.0,7.4,[3.7s] a group of people are tubling in the snow,Several people are outside in a ski resort sitting on the tubes.,"Several people are outside in a ski resort sitting on the tubes. After,the three individuals in the front,are pulled down the slope and they begin to slide down. Once they are off,the man who pushed him down walks away and more people begin to go down."
v_9eqfQyr3J7k,1,3,7.4,18.63,[7.4s] a group of people riding down the side of a mountain | [18.6s] a group of people riding down the side of a snow covered slope,"After,the three individuals in the front,are pulled down the slope and they begin to slide down.","Several people are outside in a ski resort sitting on the tubes. After,the three individuals in the front,are pulled down the slope and they begin to slide down. Once they are off,the man who pushed him down walks away and more people begin to go down."
v_9eqfQyr3J7k,2,3,18.63,26.36902685734217,[22.5s] a group of people that are standing on some snow,"Once they are off,the man who pushed him down walks away and more people begin to go down.","Several people are outside in a ski resort sitting on the tubes. After,the three individuals in the front,are pulled down the slope and they begin to slide down. Once they are off,the man who pushed him down walks away and more people begin to go down."
v_NttjvRpSdsI,0,3,0.0,61.4,[0.0s] a group of people standing on top of a court | [8.8s] a group of people standing on top of a basketball court | [17.5s] a group of people standing on top of a basketball court | [26.3s] a group of people standing on top of a court | [35.1s] a group of people standing on top of a basketball court | [43.9s] a group of people standing on top of a basketball court | [52.6s] a group of people standing on top of a basketball court | [61.4s] a group of people standing on top of a basketball court,People are sitting in stands watching people.,People are sitting in stands watching people. The people are in robes. They are doing karate moves on the floor.
v_NttjvRpSdsI,1,3,0.0,61.16,[0.0s] a group of people standing on top of a court | [8.7s] a group of people standing on top of a basketball court | [17.5s] a group of people standing on top of a basketball court | [26.2s] a group of people standing on top of a basketball court | [34.9s] a group of people standing on top of a basketball court | [43.7s] a group of people standing on top of a basketball court | [52.4s] a group of people standing on top of a court | [61.2s] a group of people standing on top of a basketball court,The people are in robes.,People are sitting in stands watching people. The people are in robes. They are doing karate moves on the floor.
v_NttjvRpSdsI,2,3,4.92,61.16,[4.9s] a group of people standing on top of a basketball court | [13.0s] a group of people standing on top of a basketball court | [21.0s] a group of people standing on top of a basketball court | [29.0s] a group of people standing on top of a court | [37.1s] a group of people standing on top of a basketball court | [45.1s] a group of people standing on top of a basketball court | [53.1s] a group of people standing on top of a basketball court | [61.2s] a group of people standing on top of a basketball court,They are doing karate moves on the floor.,People are sitting in stands watching people. The people are in robes. They are doing karate moves on the floor.
v_RgzbNJPchqc,0,2,0.0,69.15241666666667,[0.0s] a man standing in front of a desk holding a camera | [9.9s] a woman sitting on top of a couch | [19.8s] a man standing in front of a microphone | [29.6s] a man and woman sitting on a couch | [39.5s] two women sitting on a couch talking to each other women | [49.4s] two women sitting on a couch in a living room | [59.3s] two women sitting on a couch talking to each other people | [69.2s] two and a half men,A man is playing the bagpipes in front of people.,A man is playing the bagpipes in front of people. The people on the couch in front of him start laughing.
v_RgzbNJPchqc,1,2,38.08,60.59,[38.1s] two women sitting on a couch talking to each other people | [43.7s] two women sitting on a couch talking to each other people | [49.3s] two women sitting on a couch talking to each other people | [55.0s] two women sitting on a couch in a living room | [60.6s] two women sitting on a couch talking to each other women,The people on the couch in front of him start laughing.,A man is playing the bagpipes in front of people. The people on the couch in front of him start laughing.
v_hUzsmIWojH0,0,2,0.0,73.38,[0.0s] a black textured background | [10.5s] this is a stadium | [21.0s] this is a tennis court | [31.4s] a baseball field with people on it | [41.9s] a man standing on top of a pole | [52.4s] a man sitting on the sidelines of a stadium | [62.9s] a man is doing tricks on the track | [73.4s] a man running on a track in front of a stadium,A man runs up to a beam and jumps over it several times.,A man runs up to a beam and jumps over it several times. He makes at least six attempts.
v_hUzsmIWojH0,1,2,79.25,117.25046666666667,[79.2s] the football field is empty | [84.7s] a group of people playing soccer on a field | [90.1s] this is a stadium | [95.5s] a man is doing tricks on a pole | [101.0s] this is a stadium | [106.4s] a young boy is running on the track | [111.8s] a baseball field with an empty stadium | [117.3s] a dark background with some light effects,He makes at least six attempts.,A man runs up to a beam and jumps over it several times. He makes at least six attempts.
v_5MjAgMF_FzA,0,7,0.0,9.82,[0.0s] a black and white photo of the moon in the sky | [9.8s] a black and white photo of the moon in the sky,A black screen with a white title appears.,"A black screen with a white title appears. A cook is in front of a professional stove putting seasoning into a metal pan and warming a pan over a gas lit blue flame. The cook now scoops a large portion of mixed egg from a large metal pot into the small metal pan. He begins to whisk the egg mixture with two wooden sticks, holding the pan over the burner. When the egg is almost fully cooked, the man begins to shape the egg inside of the pan with the wooden sticks in the shape of an omelet. He rolls the omelet back and forth in the pan. End black screen and a blue word."
v_5MjAgMF_FzA,1,7,10.37,22.92,[10.4s] a man is preparing food in the kitchen | [16.6s] a man is preparing food in the kitchen | [22.9s] a person is making food in the kitchen,A cook is in front of a professional stove putting seasoning into a metal pan and warming a pan over a gas lit blue flame.,"A black screen with a white title appears. A cook is in front of a professional stove putting seasoning into a metal pan and warming a pan over a gas lit blue flame. The cook now scoops a large portion of mixed egg from a large metal pot into the small metal pan. He begins to whisk the egg mixture with two wooden sticks, holding the pan over the burner. When the egg is almost fully cooked, the man begins to shape the egg inside of the pan with the wooden sticks in the shape of an omelet. He rolls the omelet back and forth in the pan. End black screen and a blue word."
v_5MjAgMF_FzA,2,7,23.47,27.29,[25.4s] a man in an apron is making food,The cook now scoops a large portion of mixed egg from a large metal pot into the small metal pan.,"A black screen with a white title appears. A cook is in front of a professional stove putting seasoning into a metal pan and warming a pan over a gas lit blue flame. The cook now scoops a large portion of mixed egg from a large metal pot into the small metal pan. He begins to whisk the egg mixture with two wooden sticks, holding the pan over the burner. When the egg is almost fully cooked, the man begins to shape the egg inside of the pan with the wooden sticks in the shape of an omelet. He rolls the omelet back and forth in the pan. End black screen and a blue word."
v_5MjAgMF_FzA,3,7,26.74,61.67,[26.7s] a person is cooking food on the stove | [31.7s] two people are making food in a kitchen | [36.7s] a person is stirring food into a pan | [41.7s] a person cooking food in a pan on a stove | [46.7s] a person is cooking food on the stove | [51.7s] a man is cooking food on the stove | [56.7s] a man is making food in the kitchen | [61.7s] a person is putting food into a bowl,"He begins to whisk the egg mixture with two wooden sticks, holding the pan over the burner.","A black screen with a white title appears. A cook is in front of a professional stove putting seasoning into a metal pan and warming a pan over a gas lit blue flame. The cook now scoops a large portion of mixed egg from a large metal pot into the small metal pan. He begins to whisk the egg mixture with two wooden sticks, holding the pan over the burner. When the egg is almost fully cooked, the man begins to shape the egg inside of the pan with the wooden sticks in the shape of an omelet. He rolls the omelet back and forth in the pan. End black screen and a blue word."
v_5MjAgMF_FzA,4,7,61.67,77.5,[61.7s] a person is putting food into a bowl | [69.6s] a person is cooking food on the stove | [77.5s] a person is cooking food on the stove,"When the egg is almost fully cooked, the man begins to shape the egg inside of the pan with the wooden sticks in the shape of an omelet.","A black screen with a white title appears. A cook is in front of a professional stove putting seasoning into a metal pan and warming a pan over a gas lit blue flame. The cook now scoops a large portion of mixed egg from a large metal pot into the small metal pan. He begins to whisk the egg mixture with two wooden sticks, holding the pan over the burner. When the egg is almost fully cooked, the man begins to shape the egg inside of the pan with the wooden sticks in the shape of an omelet. He rolls the omelet back and forth in the pan. End black screen and a blue word."
v_5MjAgMF_FzA,5,7,77.5,98.79,[77.5s] a person is cooking food on the stove | [82.8s] a person is cooking food on the stove | [88.1s] a person is cooking something on the stove | [93.5s] a person is cooking food on the stove | [98.8s] a blue gas stove sitting on top of a counter,He rolls the omelet back and forth in the pan.,"A black screen with a white title appears. A cook is in front of a professional stove putting seasoning into a metal pan and warming a pan over a gas lit blue flame. The cook now scoops a large portion of mixed egg from a large metal pot into the small metal pan. He begins to whisk the egg mixture with two wooden sticks, holding the pan over the burner. When the egg is almost fully cooked, the man begins to shape the egg inside of the pan with the wooden sticks in the shape of an omelet. He rolls the omelet back and forth in the pan. End black screen and a blue word."
v_5MjAgMF_FzA,6,7,99.33,109.109,[99.3s] a black background with the word ' s name on it | [109.1s] a black and white photo of the moon in the sky,End black screen and a blue word.,"A black screen with a white title appears. A cook is in front of a professional stove putting seasoning into a metal pan and warming a pan over a gas lit blue flame. The cook now scoops a large portion of mixed egg from a large metal pot into the small metal pan. He begins to whisk the egg mixture with two wooden sticks, holding the pan over the burner. When the egg is almost fully cooked, the man begins to shape the egg inside of the pan with the wooden sticks in the shape of an omelet. He rolls the omelet back and forth in the pan. End black screen and a blue word."
v_0SmA1cGocz4,0,4,0.0,17.14,"[0.0s] a black and white photo of the moon in the sky | [5.7s] a black and white photo with the words cung curling | [11.4s] a black background with the words prep style finish | [17.1s] a black background with white text that says, ` ' s not ready for results",The word curling appears on the screen numerous times.,"The word curling appears on the screen numerous times. A woman is shown having her hair dried, brushed, and curled by a specialist. He places her hair is rollers, then takes them down and styles it. Then she poses with her new hair style."
v_0SmA1cGocz4,1,4,22.5,107.14,"[22.5s] a white background with the words ' every day, every day ' in black text | [34.6s] a woman with blonde hair standing in front of a white wall | [46.7s] a woman is getting her hair done | [58.8s] a bottle of vitamin oil with an orange background | [70.9s] a person holding a vacuum with the words high speed | [83.0s] a woman is blowing her hair with a blower | [95.0s] a woman is getting her hair done | [107.1s] a woman is blowing her hair with a blower","A woman is shown having her hair dried, brushed, and curled by a specialist.","The word curling appears on the screen numerous times. A woman is shown having her hair dried, brushed, and curled by a specialist. He places her hair is rollers, then takes them down and styles it. Then she poses with her new hair style."
v_0SmA1cGocz4,2,4,112.49,177.85,[112.5s] a woman blows her hair with a blower | [121.8s] a woman is brushing her hair with a brush | [131.2s] a woman with long blonde hair | [140.5s] a woman is getting her hair done | [149.8s] a hand is pressing the button on a door handle | [159.2s] a woman is blowing her hair with a blower | [168.5s] ave cosmetics pure abundance hair oil 100ml | [177.8s] a bottle of air control spray on a white background,"He places her hair is rollers, then takes them down and styles it.","The word curling appears on the screen numerous times. A woman is shown having her hair dried, brushed, and curled by a specialist. He places her hair is rollers, then takes them down and styles it. Then she poses with her new hair style."
v_0SmA1cGocz4,3,4,183.2,214.214,"[183.2s] a woman in a white shirt is pointing at someone | [188.4s] a woman is getting her hair done | [193.5s] a woman with blonde hair standing in front of a white wall | [198.7s] a woman in a black dress posing for the camera | [203.9s] a black and white photo of a woman with long hair | [209.0s] a black and white image of the text, ` ' no one is going to be alone ' | [214.2s] a black and white photo of the moon in the sky",Then she poses with her new hair style.,"The word curling appears on the screen numerous times. A woman is shown having her hair dried, brushed, and curled by a specialist. He places her hair is rollers, then takes them down and styles it. Then she poses with her new hair style."
v_W19-fYOO9sg,0,3,0.0,32.88,[0.0s] a black background with green text that reads pukkavitys | [4.7s] a black background with green text that reads pukkativys | [9.4s] a bicycle tire is shown on the table | [14.1s] a close up of a tire on a table | [18.8s] a close up of a tire on a table | [23.5s] how to replace a bike tire | [28.2s] how to replace a bicycle tire | [32.9s] a bicycle tire sitting on top of a table,A close up of a bike wheel is seen that leads into a person's hands pushing on the tire.,A close up of a bike wheel is seen that leads into a person's hands pushing on the tire. The person uses a tool along the tire to help move it along. The person finally pushes the tire along it's sides.
v_W19-fYOO9sg,1,3,30.92,72.63,[30.9s] a close up of the rim on a bike | [36.9s] a bicycle tire sitting on top of a table | [42.8s] how to cut a bike tire | [48.8s] how to replace a wheel hub | [54.8s] how to replace a wheel hub | [60.7s] how to replace a tire | [66.7s] how to replace a bike tire | [72.6s] how to replace a bicycle tire youtube,The person uses a tool along the tire to help move it along.,A close up of a bike wheel is seen that leads into a person's hands pushing on the tire. The person uses a tool along the tire to help move it along. The person finally pushes the tire along it's sides.
v_W19-fYOO9sg,2,3,65.76,95.7,[65.8s] how to replace a tire | [70.8s] a bicycle tire is shown in this image | [75.7s] a close up of a bicycle tire on the ground | [80.7s] a person is holding a knife in their hand | [85.7s] how to replace a bike tire | [90.7s] a bicycle tire is shown in this image | [95.7s] a bicycle tire is shown in this image,The person finally pushes the tire along it's sides.,A close up of a bike wheel is seen that leads into a person's hands pushing on the tire. The person uses a tool along the tire to help move it along. The person finally pushes the tire along it's sides.
v_2wUKu5UIHmI,0,2,0.0,41.86,[0.0s] a woman standing in front of a window | [6.0s] a woman standing in front of a window | [12.0s] a woman standing in front of a window | [17.9s] a woman with long hair standing in front of a window | [23.9s] a woman with long hair standing in front of a window | [29.9s] a woman with long hair standing in front of a window | [35.9s] a woman is getting her makeup done | [41.9s] a woman standing in front of a window,The camera captures a close up of an older woman putting makeup on and smacking her lips to the camera.,The camera captures a close up of an older woman putting makeup on and smacking her lips to the camera. She then puts mascara on as well as more lipstick and nods her head back and fourth smiling.
v_2wUKu5UIHmI,1,2,39.84,100.76666666666667,[39.8s] a woman is getting her makeup done | [48.5s] a woman is painting her face with black paint | [57.2s] a woman is brushing her hair in front of a mirror | [66.0s] a woman standing in front of a window | [74.7s] a woman with long hair standing in front of a window | [83.4s] a woman standing in front of a window | [92.1s] a woman standing in front of a window | [100.8s] a woman with long brown hair is standing in front of a window,She then puts mascara on as well as more lipstick and nods her head back and fourth smiling.,The camera captures a close up of an older woman putting makeup on and smacking her lips to the camera. She then puts mascara on as well as more lipstick and nods her head back and fourth smiling.
v_kH8YpzoflKg,0,2,0.0,73.13,[0.0s] a tree in the middle of a forest at night | [10.4s] a snowboarder is getting ready to go down the hill | [20.9s] two people are standing in the snow on a mountain | [31.3s] a person is skiing down a snowy hill | [41.8s] a person riding a snowboard down a hill | [52.2s] a snowboarder doing a trick in the air | [62.7s] a man flying through the air while riding a snowboard | [73.1s] a man riding skis down a snowy slope,A camera pans around a shirtless man sitting in the snow followed by the man snowboarding and men riding up a hill.,A camera pans around a shirtless man sitting in the snow followed by the man snowboarding and men riding up a hill. Several shots are shown of people riding down the snowy hill and doing tricks in front of the camera.
v_kH8YpzoflKg,1,2,58.16,115.115,[58.2s] a person on a snowboard doing a trick | [66.3s] a man riding skis down a snow covered slope | [74.4s] a snowboarder is doing a trick in the air | [82.6s] a man riding skis down a snow covered slope | [90.7s] a man flying through the air while riding skis | [98.8s] a man riding a snowboard down a snowy slope | [107.0s] a snowboarder is going down the hill | [115.1s] a black and white photo of the moon in the sky,Several shots are shown of people riding down the snowy hill and doing tricks in front of the camera.,A camera pans around a shirtless man sitting in the snow followed by the man snowboarding and men riding up a hill. Several shots are shown of people riding down the snowy hill and doing tricks in front of the camera.
v_PwMDJapSo70,0,2,0.0,50.44,[0.0s] the cat is white and black | [7.2s] this is a cat | [14.4s] the cat is white | [21.6s] a person holding a cat in their hand | [28.8s] this is a cat | [36.0s] this is a cat | [43.2s] a cat is sitting on someone ' s lap | [50.4s] a cat is being fed by its owner,A person's hands are seen moving around a cat and trimming it's claws while the cat lays still and looks around.,A person's hands are seen moving around a cat and trimming it's claws while the cat lays still and looks around. The person then files the nails of the cat and zooms in on the cat's belly in the end.
v_PwMDJapSo70,1,2,49.59,85.43333333333334,[49.6s] a person is petting a cat in the living room | [54.7s] a person is petting a cat in the kitchen | [59.8s] a cat sitting on someone ' s lap | [65.0s] the cat is white and gray | [70.1s] this is a cat | [75.2s] a person holding a cat in their lap | [80.3s] a cat is sitting on someone ' s lap | [85.4s] an image of a man in a suit and tie,The person then files the nails of the cat and zooms in on the cat's belly in the end.,A person's hands are seen moving around a cat and trimming it's claws while the cat lays still and looks around. The person then files the nails of the cat and zooms in on the cat's belly in the end.
v_Tovbyt_ZiIc,0,4,0.0,6.1,[3.0s] a black background with red text that reads tutor,Opening credits show the description of the video.,Opening credits show the description of the video. A woman waves her hand and acknowledges her hair and face as she continues to talk. The woman has her hair down and starts styling her hair. She completes styling her hair and continues to talk.
v_Tovbyt_ZiIc,1,4,6.1,35.6,"[6.1s] a black background with red text that reads, ' tutor kstenr - eclipse nyc screening | [11.0s] a woman in a black dress is holding her hands up | [15.9s] a woman with long hair wearing a black tank top | [20.9s] a woman in a black dress is talking to the camera | [25.8s] a woman with long brown hair in a black dress | [30.7s] a woman with long hair wearing a black top | [35.6s] a girl with long hair is smiling at the camera",A woman waves her hand and acknowledges her hair and face as she continues to talk.,Opening credits show the description of the video. A woman waves her hand and acknowledges her hair and face as she continues to talk. The woman has her hair down and starts styling her hair. She completes styling her hair and continues to talk.
v_Tovbyt_ZiIc,2,4,35.6,186.16,[35.6s] a girl with long hair is smiling at the camera | [57.1s] a woman is getting her hair done | [78.6s] a woman is getting her hair done | [100.1s] a woman is getting her hair done | [121.6s] a woman with long brown hair sitting on a couch | [143.1s] a woman sitting at a table with her hands on her head | [164.7s] a woman is putting her hair in front of the mirror | [186.2s] a woman in a black top is holding up her phone,The woman has her hair down and starts styling her hair.,Opening credits show the description of the video. A woman waves her hand and acknowledges her hair and face as she continues to talk. The woman has her hair down and starts styling her hair. She completes styling her hair and continues to talk.
v_Tovbyt_ZiIc,3,4,186.16,203.4032,[186.2s] a woman in a black top is holding up her phone | [191.9s] a woman sitting on top of a couch | [197.7s] a woman in a black top is taking her selfie | [203.4s] a woman in a black top is talking on the phone,She completes styling her hair and continues to talk.,Opening credits show the description of the video. A woman waves her hand and acknowledges her hair and face as she continues to talk. The woman has her hair down and starts styling her hair. She completes styling her hair and continues to talk.
v_k3yRK68SEDE,0,3,0.0,40.96373464373465,[0.0s] two boys sitting at a table | [5.9s] a group of men playing guitar in a room | [11.7s] two men sitting at a table | [17.6s] the man is wearing a red shirt | [23.4s] a group of people sitting around a table | [29.3s] the man is wearing a red shirt | [35.1s] two men sitting at a table | [41.0s] a group of people sitting in a classroom,Two men are sitting at a table.,Two men are sitting at a table. The men engage in a game of arm wrestling. One of them beats the other.
v_k3yRK68SEDE,1,3,6.16,36.13,[6.2s] the man is wearing a red shirt | [11.2s] two men sitting at a table | [16.1s] the man is wearing a black shirt | [21.1s] a group of people sitting in a bus | [26.1s] a group of people sitting at a table | [31.1s] a group of people sitting at a table | [36.1s] a group of people sitting around a wooden table,The men engage in a game of arm wrestling.,Two men are sitting at a table. The men engage in a game of arm wrestling. One of them beats the other.
v_k3yRK68SEDE,2,3,36.33,40.96373464373465,[38.6s] a group of people sitting around a wooden table,One of them beats the other.,Two men are sitting at a table. The men engage in a game of arm wrestling. One of them beats the other.
v_bX8QXK9mjKA,0,4,0.0,10.25,[0.0s] a group of people riding bumper cars at an amusement | [10.2s] a group of people riding bumper cars at an amusement,A large group of people are at a carnival playing in their own bumper cars and a few of them bump into one another and come to a stop.,A large group of people are at a carnival playing in their own bumper cars and a few of them bump into one another and come to a stop. They laugh and begin to pull their bumper cars away from one another. The people start driving around again where they all continue to either bump into one another or just drive around. Eventually all the bumper cars come to a complete stop and the ride is over.
v_bX8QXK9mjKA,1,4,10.25,13.46,[11.9s] a group of people riding on bumpers at an amusement,They laugh and begin to pull their bumper cars away from one another.,A large group of people are at a carnival playing in their own bumper cars and a few of them bump into one another and come to a stop. They laugh and begin to pull their bumper cars away from one another. The people start driving around again where they all continue to either bump into one another or just drive around. Eventually all the bumper cars come to a complete stop and the ride is over.
v_bX8QXK9mjKA,2,4,13.46,60.88,[13.5s] a group of people riding bumpers at an amusement | [20.2s] a group of people riding bumper cars in an amusement | [27.0s] a group of people riding bumper cars in a parking | [33.8s] a group of bumper cars parked in a parking lot | [40.6s] a group of people riding bumper cars at an amusement | [47.3s] a group of people riding bumpers in an amusement | [54.1s] a group of bumper cars in a parking lot | [60.9s] a group of people riding bumper cars in a parking,The people start driving around again where they all continue to either bump into one another or just drive around.,A large group of people are at a carnival playing in their own bumper cars and a few of them bump into one another and come to a stop. They laugh and begin to pull their bumper cars away from one another. The people start driving around again where they all continue to either bump into one another or just drive around. Eventually all the bumper cars come to a complete stop and the ride is over.
v_bX8QXK9mjKA,3,4,60.88,64.03063333333333,[62.5s] a group of people riding bumper cars in a parking,Eventually all the bumper cars come to a complete stop and the ride is over.,A large group of people are at a carnival playing in their own bumper cars and a few of them bump into one another and come to a stop. They laugh and begin to pull their bumper cars away from one another. The people start driving around again where they all continue to either bump into one another or just drive around. Eventually all the bumper cars come to a complete stop and the ride is over.
v_nwznKOuZM7w,0,2,0.0,15.51,[0.0s] a man standing in front of a mirror | [7.8s] a person standing in front of a mirror | [15.5s] a man is standing in the corner of his room,Two people are seen moving around a kitchen quickly performing various tasks and sitting down.,Two people are seen moving around a kitchen quickly performing various tasks and sitting down. They then wax down a ski in the kitchen while continuing to move around.
v_nwznKOuZM7w,1,2,11.39,31.564866666666667,[11.4s] a man standing in front of a mirror | [16.4s] a man sitting at his desk in an office | [21.5s] a man standing in front of a mirror | [26.5s] a man is standing in front of a computer | [31.6s] a man standing in a kitchen next to a table,They then wax down a ski in the kitchen while continuing to move around.,Two people are seen moving around a kitchen quickly performing various tasks and sitting down. They then wax down a ski in the kitchen while continuing to move around.
v_TEaugXCX1m4,0,3,0.0,21.02,[0.0s] a black and white photo of a woman with long hair | [5.3s] a man walking on the beach | [10.5s] a person is surfing in the ocean waves | [15.8s] a man riding a wave on top of a surfboard | [21.0s] a person riding a wave on a surfboard,A lighthouse is shown on the beach before we see a man running with a surf board.,"A lighthouse is shown on the beach before we see a man running with a surf board. The man rides a wave, then through it. He completes several stunts before walking onto the beach with the board under his arm."
v_TEaugXCX1m4,1,3,26.27,110.35,[26.3s] a man riding a wave on top of a surfboard | [38.3s] a man riding a wave on top of a surfboard | [50.3s] a man is surfing on the ocean waves | [62.3s] a person riding a wave on a surfboard | [74.3s] a person on a surf board riding a wave | [86.3s] a large wave is coming in the ocean | [98.3s] a person riding a wave on a surfboard | [110.3s] a person riding a wave in the ocean,"The man rides a wave, then through it.","A lighthouse is shown on the beach before we see a man running with a surf board. The man rides a wave, then through it. He completes several stunts before walking onto the beach with the board under his arm."
v_TEaugXCX1m4,2,3,111.1,150.08326666666667,"[111.1s] a man riding a wave on top of a surfboard | [116.7s] a person riding a wave on a surfboard | [122.2s] a man riding a wave on top of a surfboard | [127.8s] a man riding a wave on top of a surfboard | [133.4s] a man standing on the beach holding a surfboard | [138.9s] a black and white photo with the words ' after 4m, san hits camera away at care | [144.5s] a black and white photo with the words ' after 4m, san hits camera away at care | [150.1s] a black and white logo with the words",He completes several stunts before walking onto the beach with the board under his arm.,"A lighthouse is shown on the beach before we see a man running with a surf board. The man rides a wave, then through it. He completes several stunts before walking onto the beach with the board under his arm."
v_6VW7ZPurE7c,0,2,0.0,48.71,[0.0s] a little girl in a pink dress standing next to an older man | [7.0s] a little girl in a pink dress is dancing on the sidewalk | [13.9s] a small dog in a pink dress and hat | [20.9s] a little girl in a pink dress and white hat | [27.8s] the dog is wearing a pink dress | [34.8s] a little girl in a pink dress is dancing with her dad | [41.8s] a small dog in a pink dress and hat | [48.7s] a little girl in a pink dress and sunglasses,A small dog is seen wearing an outfit and walking on two legs while people stand around him and watch.,A small dog is seen wearing an outfit and walking on two legs while people stand around him and watch. The dog continues walking around and looking around as people watch.
v_6VW7ZPurE7c,1,2,39.69,88.86,[39.7s] a little girl in a pink dress walking down the street | [46.7s] a little girl in a pink dress and hat | [53.7s] the dog is wearing a hat and sunglasses | [60.8s] a little girl in a pink dress is walking down the street | [67.8s] the dog is wearing a pink dress | [74.8s] a little girl in a pink dress is walking down the street | [81.8s] a little girl in a pink dress is walking down the street | [88.9s] a small dog wearing a pink dress and hat,The dog continues walking around and looking around as people watch.,A small dog is seen wearing an outfit and walking on two legs while people stand around him and watch. The dog continues walking around and looking around as people watch.
v_2dFLbFsFyuY,0,12,0.0,15.63,[0.0s] a black and white photo of the moon in the sky | [7.8s] a woman is throwing a discus on the track | [15.6s] a woman standing on top of a track,A woman holds a yellow ball behind her neck.,A woman holds a yellow ball behind her neck. She turns around and launches the ball onto a field. People run to measure the distance. A man in a red shirt holds a ball behind his neck. He turns around and launches the ball on the field. People run to measure the distance of it. Another woman holds a ball behind her neck. She also turns around and launches the ball onto the field. People then run over to measure the distance. She waves at the crowd. She then throws the ball again. The results then flash on the screen.
v_2dFLbFsFyuY,1,12,15.63,19.54,[17.6s] a woman standing on top of a hurdle,She turns around and launches the ball onto a field.,A woman holds a yellow ball behind her neck. She turns around and launches the ball onto a field. People run to measure the distance. A man in a red shirt holds a ball behind his neck. He turns around and launches the ball on the field. People run to measure the distance of it. Another woman holds a ball behind her neck. She also turns around and launches the ball onto the field. People then run over to measure the distance. She waves at the crowd. She then throws the ball again. The results then flash on the screen.
v_2dFLbFsFyuY,2,12,21.01,22.96,[22.0s] a group of people standing on top of a field,People run to measure the distance.,A woman holds a yellow ball behind her neck. She turns around and launches the ball onto a field. People run to measure the distance. A man in a red shirt holds a ball behind his neck. He turns around and launches the ball on the field. People run to measure the distance of it. Another woman holds a ball behind her neck. She also turns around and launches the ball onto the field. People then run over to measure the distance. She waves at the crowd. She then throws the ball again. The results then flash on the screen.
v_2dFLbFsFyuY,3,12,30.78,36.15,[33.5s] a woman standing on top of a hurdle,A man in a red shirt holds a ball behind his neck.,A woman holds a yellow ball behind her neck. She turns around and launches the ball onto a field. People run to measure the distance. A man in a red shirt holds a ball behind his neck. He turns around and launches the ball on the field. People run to measure the distance of it. Another woman holds a ball behind her neck. She also turns around and launches the ball onto the field. People then run over to measure the distance. She waves at the crowd. She then throws the ball again. The results then flash on the screen.
v_2dFLbFsFyuY,4,12,36.15,38.11,[37.1s] a man in red shirt throwing a ball,He turns around and launches the ball on the field.,A woman holds a yellow ball behind her neck. She turns around and launches the ball onto a field. People run to measure the distance. A man in a red shirt holds a ball behind his neck. He turns around and launches the ball on the field. People run to measure the distance of it. Another woman holds a ball behind her neck. She also turns around and launches the ball onto the field. People then run over to measure the distance. She waves at the crowd. She then throws the ball again. The results then flash on the screen.
v_2dFLbFsFyuY,5,12,38.11,42.02,[40.1s] a soccer player is running on the field,People run to measure the distance of it.,A woman holds a yellow ball behind her neck. She turns around and launches the ball onto a field. People run to measure the distance. A man in a red shirt holds a ball behind his neck. He turns around and launches the ball on the field. People run to measure the distance of it. Another woman holds a ball behind her neck. She also turns around and launches the ball onto the field. People then run over to measure the distance. She waves at the crowd. She then throws the ball again. The results then flash on the screen.
v_2dFLbFsFyuY,6,12,49.34,57.16,[53.2s] a woman is standing on top of a hurdle,Another woman holds a ball behind her neck.,A woman holds a yellow ball behind her neck. She turns around and launches the ball onto a field. People run to measure the distance. A man in a red shirt holds a ball behind his neck. He turns around and launches the ball on the field. People run to measure the distance of it. Another woman holds a ball behind her neck. She also turns around and launches the ball onto the field. People then run over to measure the distance. She waves at the crowd. She then throws the ball again. The results then flash on the screen.
v_2dFLbFsFyuY,7,12,57.65,61.56,[59.6s] a woman standing on top of a hurdle,She also turns around and launches the ball onto the field.,A woman holds a yellow ball behind her neck. She turns around and launches the ball onto a field. People run to measure the distance. A man in a red shirt holds a ball behind his neck. He turns around and launches the ball on the field. People run to measure the distance of it. Another woman holds a ball behind her neck. She also turns around and launches the ball onto the field. People then run over to measure the distance. She waves at the crowd. She then throws the ball again. The results then flash on the screen.
v_2dFLbFsFyuY,8,12,61.56,64.49,[63.0s] a group of people standing on top of a soccer field,People then run over to measure the distance.,A woman holds a yellow ball behind her neck. She turns around and launches the ball onto a field. People run to measure the distance. A man in a red shirt holds a ball behind his neck. He turns around and launches the ball on the field. People run to measure the distance of it. Another woman holds a ball behind her neck. She also turns around and launches the ball onto the field. People then run over to measure the distance. She waves at the crowd. She then throws the ball again. The results then flash on the screen.
v_2dFLbFsFyuY,9,12,66.44,70.35,[68.4s] a woman running on a track in front of a crowd,She waves at the crowd.,A woman holds a yellow ball behind her neck. She turns around and launches the ball onto a field. People run to measure the distance. A man in a red shirt holds a ball behind his neck. He turns around and launches the ball on the field. People run to measure the distance of it. Another woman holds a ball behind her neck. She also turns around and launches the ball onto the field. People then run over to measure the distance. She waves at the crowd. She then throws the ball again. The results then flash on the screen.
v_2dFLbFsFyuY,10,12,70.84,75.73,[73.3s] a woman standing on top of a hurdle,She then throws the ball again.,A woman holds a yellow ball behind her neck. She turns around and launches the ball onto a field. People run to measure the distance. A man in a red shirt holds a ball behind his neck. He turns around and launches the ball on the field. People run to measure the distance of it. Another woman holds a ball behind her neck. She also turns around and launches the ball onto the field. People then run over to measure the distance. She waves at the crowd. She then throws the ball again. The results then flash on the screen.
v_2dFLbFsFyuY,11,12,81.59,94.29,[81.6s] a close up of the world cup trophy | [87.9s] a close up of the world cup trophy | [94.3s] a gold helmet sits on top of a table,The results then flash on the screen.,A woman holds a yellow ball behind her neck. She turns around and launches the ball onto a field. People run to measure the distance. A man in a red shirt holds a ball behind his neck. He turns around and launches the ball on the field. People run to measure the distance of it. Another woman holds a ball behind her neck. She also turns around and launches the ball onto the field. People then run over to measure the distance. She waves at the crowd. She then throws the ball again. The results then flash on the screen.
v_lHy_OZ8GygM,0,5,0.0,26.6,[0.0s] a man getting his hair cut by a woman | [5.3s] a woman holding up a jar of makeup | [10.6s] a man standing next to a little girl in a room | [16.0s] a man standing next to a girl in a room | [21.3s] a man and woman standing in front of a mirror | [26.6s] a man and woman standing in front of a mirror,"A woman wash the head of a man and cuts his hair, then the woman stands next two man an touch the head of the young man.","A woman wash the head of a man and cuts his hair, then the woman stands next two man an touch the head of the young man. The woman cuts the hair of a young man using first a machine, and then a comb and scissors. Then, the woman dry the hair with a dryer and brush the head. After, the woman takes cream on her hands and comb the head of the man with her fingers to gives form to the hair. Next, the woman explains the hairstyle."
v_lHy_OZ8GygM,1,5,30.69,87.98,[30.7s] a woman getting her hair done by a man | [38.9s] a man getting his hair cut by a woman | [47.1s] a woman is getting her hair done at the salon | [55.2s] a woman getting her hair cut by a man | [63.4s] a man is talking on his cell phone | [71.6s] a man getting his hair cut in front of a mirror | [79.8s] a woman is getting her hair done in the salon | [88.0s] a man is getting his hair cut in the salon,"The woman cuts the hair of a young man using first a machine, and then a comb and scissors.","A woman wash the head of a man and cuts his hair, then the woman stands next two man an touch the head of the young man. The woman cuts the hair of a young man using first a machine, and then a comb and scissors. Then, the woman dry the hair with a dryer and brush the head. After, the woman takes cream on her hands and comb the head of the man with her fingers to gives form to the hair. Next, the woman explains the hairstyle."
v_lHy_OZ8GygM,2,5,87.98,99.24,[88.0s] a man is getting his hair cut in the salon | [99.2s] a woman is getting her hair done in the salon,"Then, the woman dry the hair with a dryer and brush the head.","A woman wash the head of a man and cuts his hair, then the woman stands next two man an touch the head of the young man. The woman cuts the hair of a young man using first a machine, and then a comb and scissors. Then, the woman dry the hair with a dryer and brush the head. After, the woman takes cream on her hands and comb the head of the man with her fingers to gives form to the hair. Next, the woman explains the hairstyle."
v_lHy_OZ8GygM,3,5,101.28,157.55,[101.3s] a man getting his hair cut by a woman | [109.3s] a man is getting his hair cut by a woman | [117.4s] a man getting his hair cut by a woman | [125.4s] a woman is getting her hair done in the salon | [133.4s] a man getting his hair cut by a woman | [141.5s] a woman is getting her hair done in the salon | [149.5s] a man getting his hair cut by a woman | [157.6s] a man is sitting on the couch in his living room,"After, the woman takes cream on her hands and comb the head of the man with her fingers to gives form to the hair.","A woman wash the head of a man and cuts his hair, then the woman stands next two man an touch the head of the young man. The woman cuts the hair of a young man using first a machine, and then a comb and scissors. Then, the woman dry the hair with a dryer and brush the head. After, the woman takes cream on her hands and comb the head of the man with her fingers to gives form to the hair. Next, the woman explains the hairstyle."
v_lHy_OZ8GygM,4,5,157.55,204.56,[157.6s] a man is sitting on the couch in his living room | [164.3s] a woman is getting her hair done in the salon | [171.0s] a woman is getting her hair done in the salon | [177.7s] a man and woman standing in front of a mirror | [184.4s] a woman is getting her hair done in the salon | [191.1s] a group of people standing in a living room | [197.8s] a man and woman playing video game in the living room | [204.6s] a man sitting at a table with lights in the background,"Next, the woman explains the hairstyle.","A woman wash the head of a man and cuts his hair, then the woman stands next two man an touch the head of the young man. The woman cuts the hair of a young man using first a machine, and then a comb and scissors. Then, the woman dry the hair with a dryer and brush the head. After, the woman takes cream on her hands and comb the head of the man with her fingers to gives form to the hair. Next, the woman explains the hairstyle."
v_4hmJfJo6UI8,0,3,0.0,14.15,[0.0s] an image of a woman running on the track | [7.1s] an image of a man running on a track | [14.2s] an image of a woman running on a track,A female athlete runs quickly down a track.,A female athlete runs quickly down a track. She plows into the sand before getting up and walking away. The scene is repeated three times before ending with her cheering and clapping.
v_4hmJfJo6UI8,1,3,18.28,27.71,[18.3s] an image of a woman running on a track | [27.7s] an image of a man running on a track,She plows into the sand before getting up and walking away.,A female athlete runs quickly down a track. She plows into the sand before getting up and walking away. The scene is repeated three times before ending with her cheering and clapping.
v_4hmJfJo6UI8,2,3,41.87,117.88443333333333,[41.9s] an image of a man playing cricket on the field | [52.7s] an image of a man falling off the ground | [63.6s] an image of a woman jumping over a hurdle | [74.4s] an image of a soccer player kicking the ball | [85.3s] an image of a woman throwing a ball in the air | [96.2s] a woman kneeling on the ground in front of a crowd | [107.0s] an image of a person on a track | [117.9s] an image of a woman running on a track,The scene is repeated three times before ending with her cheering and clapping.,A female athlete runs quickly down a track. She plows into the sand before getting up and walking away. The scene is repeated three times before ending with her cheering and clapping.
v_WMoofjkumOs,0,2,0.77,9.21,[0.8s] a bull is standing next to a mata | [9.2s] a bull is standing in the middle of an arena,In the beginning the man is shown tricking the bull.,In the beginning the man is shown tricking the bull. Many other men have been shown tricking bulls in front of large crowds.
v_WMoofjkumOs,1,2,7.67,153.38656666666665,[7.7s] a black bull is standing on its hinds | [28.5s] a man riding on the back of a bull | [49.3s] a man in a suit talking to the camera | [70.1s] a bull is running in the dirt | [90.9s] the man is wearing a white suit | [111.8s] a man in a suit and tie holding a microphone | [132.6s] a man holding a microphone in front of a crowd | [153.4s] a horse that is standing in the dirt,Many other men have been shown tricking bulls in front of large crowds.,In the beginning the man is shown tricking the bull. Many other men have been shown tricking bulls in front of large crowds.
v_cMeKc9mp9wI,0,3,1.08,30.62,[1.1s] a horse that is standing in the dirt | [6.0s] a man riding on the back of a horse | [10.9s] a dog that is standing in the dirt | [15.8s] a man is standing in the water with his feet up | [20.8s] an image of a dog running on the ground | [25.7s] a man riding on the back of a horse | [30.6s] a soccer game is being played at night time,A group of men are riding around on horses while carry large sticks and holding them into the air.,"A group of men are riding around on horses while carry large sticks and holding them into the air. One man comes close to the camera man and near the crowd for a few moments. The man on horses go back to the stable to await their return, and eventually go back out into the ring."
v_cMeKc9mp9wI,1,3,17.07,21.41,[19.2s] a black horse standing on top of a field,One man comes close to the camera man and near the crowd for a few moments.,"A group of men are riding around on horses while carry large sticks and holding them into the air. One man comes close to the camera man and near the crowd for a few moments. The man on horses go back to the stable to await their return, and eventually go back out into the ring."
v_cMeKc9mp9wI,2,3,23.3,54.054,[23.3s] a man riding on the back of a horse | [28.4s] a horse that is standing in the dirt | [33.6s] a horse that is standing in the dirt | [38.7s] a horse that is standing in the dirt | [43.8s] a horse that is standing in the dirt | [48.9s] a horse that is standing in the dirt | [54.1s] a horse that is standing in the dirt,"The man on horses go back to the stable to await their return, and eventually go back out into the ring.","A group of men are riding around on horses while carry large sticks and holding them into the air. One man comes close to the camera man and near the crowd for a few moments. The man on horses go back to the stable to await their return, and eventually go back out into the ring."
v_bWCIcijlgCo,0,2,0.0,74.48,[0.0s] a black and white photo of the moon in the sky | [10.6s] two people walking down the street with skateboards | [21.3s] a person on a skateboard riding down a hill | [31.9s] a person riding on a skateboard down a road | [42.6s] a person riding on a skateboard down a road | [53.2s] a man riding a skateboard down a hill | [63.8s] a person on a skateboard riding down the street | [74.5s] a person on a skateboard riding down the road,The video begins with several shots of people riding down long roads on skateboards in fast motion as well as slow.,The video begins with several shots of people riding down long roads on skateboards in fast motion as well as slow. The people perform various jumps and tricks down these long and winding roads and shows the boarder speaking into the camera.
v_bWCIcijlgCo,1,2,72.29,145.91243333333333,"[72.3s] a person riding a skateboard down a hill | [82.8s] a skateboarder is doing tricks on the road | [93.3s] a man riding a skateboard down a road | [103.8s] a person riding on a bike down a road | [114.4s] a person riding a skateboard down a dirt road | [124.9s] a person laying on the ground next to a skateboard | [135.4s] a black and white photo with the words decent skate media | [145.9s] a black wallpaper with the words, ' i don '",The people perform various jumps and tricks down these long and winding roads and shows the boarder speaking into the camera.,The video begins with several shots of people riding down long roads on skateboards in fast motion as well as slow. The people perform various jumps and tricks down these long and winding roads and shows the boarder speaking into the camera.
v_Cy56IkwsQVs,0,4,1.19,224.59,[1.2s] a group of men playing with cups on a table | [33.1s] a group of girls are standing in the bathroom | [65.0s] a group of people dancing in a kitchen | [96.9s] a blur of people walking down the street | [128.8s] an image of a person dancing on the dance floor | [160.8s] two girls are dancing in the kitchen together | [192.7s] a group of people standing around a table | [224.6s] a man standing on top of a table,"Several young people, talk and laugh while standing around a table covered in beer cans and blue plastic cups.","Several young people, talk and laugh while standing around a table covered in beer cans and blue plastic cups. A young man stands around a table in a room talking to two two women and some more men, occasionally laughing and smiling. A small white balls is thrown across the table as the people attempt to throw the balls in the blue cups from across the table. In the final moments of the clip a ball flies across the table and the men react in a triumphant way throwing their arms in the air in celebration."
v_Cy56IkwsQVs,1,4,1.19,46.34,[1.2s] a group of men playing with cups on a table | [7.6s] two men are playing drums in a room | [14.1s] a man standing on top of a table with cups | [20.5s] a man standing on top of a counter in a kitchen | [27.0s] a group of people standing around a table | [33.4s] a group of people standing around in a room | [39.9s] a man standing in front of some cups | [46.3s] the man is wearing a blue shirt,"A young man stands around a table in a room talking to two two women and some more men, occasionally laughing and smiling.","Several young people, talk and laugh while standing around a table covered in beer cans and blue plastic cups. A young man stands around a table in a room talking to two two women and some more men, occasionally laughing and smiling. A small white balls is thrown across the table as the people attempt to throw the balls in the blue cups from across the table. In the final moments of the clip a ball flies across the table and the men react in a triumphant way throwing their arms in the air in celebration."
v_Cy56IkwsQVs,2,4,46.34,120.02,[46.3s] the man is wearing a blue shirt | [56.9s] this is a man | [67.4s] a group of people standing around a table | [77.9s] a man is playing drums in a room | [88.4s] a group of girls are dancing in the kitchen | [99.0s] a woman standing in front of a kitchen counter | [109.5s] a group of people sitting around a table | [120.0s] a man standing in front of a kitchen counter,A small white balls is thrown across the table as the people attempt to throw the balls in the blue cups from across the table.,"Several young people, talk and laugh while standing around a table covered in beer cans and blue plastic cups. A young man stands around a table in a room talking to two two women and some more men, occasionally laughing and smiling. A small white balls is thrown across the table as the people attempt to throw the balls in the blue cups from across the table. In the final moments of the clip a ball flies across the table and the men react in a triumphant way throwing their arms in the air in celebration."
v_Cy56IkwsQVs,3,4,226.96,236.47,[227.0s] a man standing on top of two blue drums | [236.5s] a group of people dancing in a room,In the final moments of the clip a ball flies across the table and the men react in a triumphant way throwing their arms in the air in celebration.,"Several young people, talk and laugh while standing around a table covered in beer cans and blue plastic cups. A young man stands around a table in a room talking to two two women and some more men, occasionally laughing and smiling. A small white balls is thrown across the table as the people attempt to throw the balls in the blue cups from across the table. In the final moments of the clip a ball flies across the table and the men react in a triumphant way throwing their arms in the air in celebration."
v_l0Sz7dqLzqs,0,3,0.0,39.55,[0.0s] an image of a black background with the text | [5.6s] a blue and white flag flying in the sky | [11.3s] a crowd of people are gathered in the street | [16.9s] a man on a skateboard in the air | [22.6s] a man standing on top of a building | [28.2s] a man jumping into a swimming pool with people watching | [33.9s] a dolphin jumping out of the water in a pool | [39.5s] a dolphin is jumping in the pool while people watch,A large crowd is seen sitting in front of a pool followed by several shots of two people diving into a pool.,A large crowd is seen sitting in front of a pool followed by several shots of two people diving into a pool. More shots are shown of divers performing impressive stunts into the pool and ends with them walking away and their score being shown. A man speaks off into the distance and the divers stand together to get their medals.
v_l0Sz7dqLzqs,1,3,38.09,115.73,[38.1s] a dolphin jumping out of the water in a pool | [49.2s] a bird is perched on the side of a building | [60.3s] the sky is blue | [71.4s] a man standing on top of a building | [82.5s] a man is standing on top of a building | [93.5s] a dolphin is jumping into the pool | [104.6s] a bird is flying over the top of a building | [115.7s] a swimming pool with people in it,More shots are shown of divers performing impressive stunts into the pool and ends with them walking away and their score being shown.,A large crowd is seen sitting in front of a pool followed by several shots of two people diving into a pool. More shots are shown of divers performing impressive stunts into the pool and ends with them walking away and their score being shown. A man speaks off into the distance and the divers stand together to get their medals.
v_l0Sz7dqLzqs,2,3,113.53,146.413,[113.5s] a swimming pool with people in it | [118.2s] an image of a boat in the water | [122.9s] a man standing in front of a gas station | [127.6s] a man in white shirt standing next to palm trees | [132.3s] a man and woman standing next to each other people | [137.0s] a group of men standing on top of a building | [141.7s] a group of people standing on top of a building | [146.4s] a man standing in front of a tv screen,A man speaks off into the distance and the divers stand together to get their medals.,A large crowd is seen sitting in front of a pool followed by several shots of two people diving into a pool. More shots are shown of divers performing impressive stunts into the pool and ends with them walking away and their score being shown. A man speaks off into the distance and the divers stand together to get their medals.
v_QdmUojrWdmE,0,10,0.0,212.64,[0.0s] an image of a col with many different pictures | [30.4s] a surfer riding a wave in the ocean | [60.8s] a man riding a wave in the ocean | [91.1s] a man on a surfboard riding a wave | [121.5s] a person on a surf board riding a wave | [151.9s] a large wave is seen in the ocean as people watch | [182.3s] a surfer riding a wave in the ocean | [212.6s] a man riding a wave on top of a surf,Music plays as surfers ride the waves.,"Music plays as surfers ride the waves. A few men are shown preparing to surf, prepping their board and getting dressed. A helicopter rides over the shoreline where the surfers are riding. A couple laughs together on the beach in a tent awaiting more surfing. A man is then shown prepping his board with surf wax. The crowd watches others riding waves. The crowd cheers multiples surfing runs on. Kelly Slater is featured on a successful run, followed by more clips riding the waves. Kelly Slater is paused mid wave to wrap up the story line. Music and producer credits are then shown."
v_QdmUojrWdmE,1,10,13.72,22.86,[13.7s] a man on a surfboard in the ocean | [22.9s] a man in a red shirt standing in the water,"A few men are shown preparing to surf, prepping their board and getting dressed.","Music plays as surfers ride the waves. A few men are shown preparing to surf, prepping their board and getting dressed. A helicopter rides over the shoreline where the surfers are riding. A couple laughs together on the beach in a tent awaiting more surfing. A man is then shown prepping his board with surf wax. The crowd watches others riding waves. The crowd cheers multiples surfing runs on. Kelly Slater is featured on a successful run, followed by more clips riding the waves. Kelly Slater is paused mid wave to wrap up the story line. Music and producer credits are then shown."
v_QdmUojrWdmE,2,10,21.72,24.01,[22.9s] a man in a red shirt standing in the water,A helicopter rides over the shoreline where the surfers are riding.,"Music plays as surfers ride the waves. A few men are shown preparing to surf, prepping their board and getting dressed. A helicopter rides over the shoreline where the surfers are riding. A couple laughs together on the beach in a tent awaiting more surfing. A man is then shown prepping his board with surf wax. The crowd watches others riding waves. The crowd cheers multiples surfing runs on. Kelly Slater is featured on a successful run, followed by more clips riding the waves. Kelly Slater is paused mid wave to wrap up the story line. Music and producer credits are then shown."
v_QdmUojrWdmE,3,10,52.59,56.02,[54.3s] a man with no shirt is getting his hair cut,A couple laughs together on the beach in a tent awaiting more surfing.,"Music plays as surfers ride the waves. A few men are shown preparing to surf, prepping their board and getting dressed. A helicopter rides over the shoreline where the surfers are riding. A couple laughs together on the beach in a tent awaiting more surfing. A man is then shown prepping his board with surf wax. The crowd watches others riding waves. The crowd cheers multiples surfing runs on. Kelly Slater is featured on a successful run, followed by more clips riding the waves. Kelly Slater is paused mid wave to wrap up the story line. Music and producer credits are then shown."
v_QdmUojrWdmE,4,10,117.75,126.9,[117.8s] a man riding a wave in the ocean | [126.9s] a surfer riding a wave in the ocean,A man is then shown prepping his board with surf wax.,"Music plays as surfers ride the waves. A few men are shown preparing to surf, prepping their board and getting dressed. A helicopter rides over the shoreline where the surfers are riding. A couple laughs together on the beach in a tent awaiting more surfing. A man is then shown prepping his board with surf wax. The crowd watches others riding waves. The crowd cheers multiples surfing runs on. Kelly Slater is featured on a successful run, followed by more clips riding the waves. Kelly Slater is paused mid wave to wrap up the story line. Music and producer credits are then shown."
v_QdmUojrWdmE,5,10,129.19,185.2,[129.2s] a group of people standing in front of a crowd | [137.2s] a surfer riding a wave in the ocean | [145.2s] a large group of people sitting on the beach | [153.2s] a group of people standing in front of a large wave | [161.2s] a large wave is seen in the ocean as people watch | [169.2s] a man in a red shirt is talking to another person | [177.2s] a man on a surfboard riding a wave | [185.2s] a man on a surfboard riding a wave,The crowd watches others riding waves.,"Music plays as surfers ride the waves. A few men are shown preparing to surf, prepping their board and getting dressed. A helicopter rides over the shoreline where the surfers are riding. A couple laughs together on the beach in a tent awaiting more surfing. A man is then shown prepping his board with surf wax. The crowd watches others riding waves. The crowd cheers multiples surfing runs on. Kelly Slater is featured on a successful run, followed by more clips riding the waves. Kelly Slater is paused mid wave to wrap up the story line. Music and producer credits are then shown."
v_QdmUojrWdmE,6,10,129.19,201.21,[129.2s] a group of people standing in front of a crowd | [139.5s] a man riding a wave in the ocean | [149.8s] a group of people standing in front of a wave | [160.1s] a man riding a wave on top of a surfboard | [170.3s] two people are running in the water on a beach | [180.6s] a person riding a wave on a surfboard | [190.9s] a man riding a wave in the ocean | [201.2s] a man riding a wave in the ocean,The crowd cheers multiples surfing runs on.,"Music plays as surfers ride the waves. A few men are shown preparing to surf, prepping their board and getting dressed. A helicopter rides over the shoreline where the surfers are riding. A couple laughs together on the beach in a tent awaiting more surfing. A man is then shown prepping his board with surf wax. The crowd watches others riding waves. The crowd cheers multiples surfing runs on. Kelly Slater is featured on a successful run, followed by more clips riding the waves. Kelly Slater is paused mid wave to wrap up the story line. Music and producer credits are then shown."
v_QdmUojrWdmE,7,10,129.19,197.78,[129.2s] a group of people standing in front of a crowd | [139.0s] a large wave is coming in the ocean | [148.8s] a group of people standing in front of a waterfall | [158.6s] a man in red shirt standing on the beach | [168.4s] a man in a red shirt is talking to another person | [178.2s] a man on a surfboard riding a wave | [188.0s] a bottle of pepsi is being sprayed with water | [197.8s] a man riding a wave on top of a surfboard,"Kelly Slater is featured on a successful run, followed by more clips riding the waves.","Music plays as surfers ride the waves. A few men are shown preparing to surf, prepping their board and getting dressed. A helicopter rides over the shoreline where the surfers are riding. A couple laughs together on the beach in a tent awaiting more surfing. A man is then shown prepping his board with surf wax. The crowd watches others riding waves. The crowd cheers multiples surfing runs on. Kelly Slater is featured on a successful run, followed by more clips riding the waves. Kelly Slater is paused mid wave to wrap up the story line. Music and producer credits are then shown."
v_QdmUojrWdmE,8,10,204.64,214.93,[204.6s] a surfer riding a wave in the ocean | [214.9s] a man riding a wave on top of a surfboard,Kelly Slater is paused mid wave to wrap up the story line.,"Music plays as surfers ride the waves. A few men are shown preparing to surf, prepping their board and getting dressed. A helicopter rides over the shoreline where the surfers are riding. A couple laughs together on the beach in a tent awaiting more surfing. A man is then shown prepping his board with surf wax. The crowd watches others riding waves. The crowd cheers multiples surfing runs on. Kelly Slater is featured on a successful run, followed by more clips riding the waves. Kelly Slater is paused mid wave to wrap up the story line. Music and producer credits are then shown."
v_QdmUojrWdmE,9,10,214.93,228.6,[214.9s] a man riding a wave on top of a surfboard | [221.8s] a cartoon character playing an electric guitar with the words music | [228.6s] a black and white photo of the moon in the sky,Music and producer credits are then shown.,"Music plays as surfers ride the waves. A few men are shown preparing to surf, prepping their board and getting dressed. A helicopter rides over the shoreline where the surfers are riding. A couple laughs together on the beach in a tent awaiting more surfing. A man is then shown prepping his board with surf wax. The crowd watches others riding waves. The crowd cheers multiples surfing runs on. Kelly Slater is featured on a successful run, followed by more clips riding the waves. Kelly Slater is paused mid wave to wrap up the story line. Music and producer credits are then shown."
v_Y8WY_c3onSY,0,2,0.0,2.81,[1.4s] an orange and blue water slide in a park,A couple girls are seen riding down a long slide in the middle of a park.,A couple girls are seen riding down a long slide in the middle of a park. More children ride down the slide while a mother helps the kids at the top.
v_Y8WY_c3onSY,1,2,1.55,4.96,[3.3s] a large orange inflatable,More children ride down the slide while a mother helps the kids at the top.,A couple girls are seen riding down a long slide in the middle of a park. More children ride down the slide while a mother helps the kids at the top.
v_Pu92wJ-7UTQ,0,3,1.24,12.72,[1.2s] a man sitting on top of a drum | [12.7s] a man sitting in front of two drums,The man is strumming one drum.,The man is strumming one drum. The man strum the other drum while moving his leg. The man play two drums at the same time.
v_Pu92wJ-7UTQ,1,3,11.48,31.02,[11.5s] a man playing drums in an office | [18.0s] a man sitting on top of a drum | [24.5s] a man sitting in front of a drum set | [31.0s] a man sitting on top of a drum,The man strum the other drum while moving his leg.,The man is strumming one drum. The man strum the other drum while moving his leg. The man play two drums at the same time.
v_Pu92wJ-7UTQ,2,3,27.92,61.928533333333334,[27.9s] a man sitting in front of a drum set | [32.8s] a man sitting on the floor playing drums | [37.6s] a man sitting in front of a drum set | [42.5s] a man sitting in front of a drum set | [47.4s] a man sitting on top of a drum | [52.2s] a man sitting on top of a drum | [57.1s] a man sitting on top of a table playing drums | [61.9s] a man sitting on top of a chair playing drums,The man play two drums at the same time.,The man is strumming one drum. The man strum the other drum while moving his leg. The man play two drums at the same time.
v_rbDbXXqaZaM,0,2,0.0,104.15,[0.0s] a man is doing tricks on his skateboard | [14.9s] a man riding on top of a red lawn mower | [29.8s] a little boy is playing in the yard | [44.6s] a man riding on the back of a red lawn tractor | [59.5s] a small white house sitting on top of a green field | [74.4s] a man riding on top of a red lawn mower | [89.3s] a man riding on the back of a red motorcycle | [104.2s] a man riding on a red lawn mower,A man drives a mowing machine to cut the grass of a backyard.,A man drives a mowing machine to cut the grass of a backyard. The man pass on front the home to continues mowing the other parts of the yard.
v_rbDbXXqaZaM,1,2,104.73,117.6,[104.7s] a man riding on a red lawn mower | [111.2s] a man sitting on a lawn in front of a house | [117.6s] a white house sitting on top of a lush green field,The man pass on front the home to continues mowing the other parts of the yard.,A man drives a mowing machine to cut the grass of a backyard. The man pass on front the home to continues mowing the other parts of the yard.
v_O4P07fipvIA,0,2,1.1,130.77,[1.1s] a group of people standing on top of a stage | [19.6s] a group of young women are dancing on the ice | [38.1s] a group of people standing on top of a tennis court | [56.7s] a group of people standing on top of a stage | [75.2s] a group of young women are performing on stage | [93.7s] a group of people standing on top of a basketball court | [112.2s] two young girls are dancing in the street | [130.8s] a group of people standing on top of a stage,A large group of cheerleaders are seen running into an arena cheering and beginning performing a routine with one another.,A large group of cheerleaders are seen running into an arena cheering and beginning performing a routine with one another. The girls continue cheering around the stage while lifting one another up and performing tricks and pans to the audience in the end.
v_O4P07fipvIA,1,2,62.64,201.1,[62.6s] a group of people standing on top of a basketball court | [82.4s] a group of young girls in cheerleading uniforms | [102.2s] a group of young women dancing on stage | [122.0s] a group of young girls standing on top of a stage | [141.8s] a group of young women dancing on stage | [161.5s] a group of people standing on top of an ice rink | [181.3s] a group of young girls dancing on the dance floor | [201.1s] a group of people standing on top of a stage,The girls continue cheering around the stage while lifting one another up and performing tricks and pans to the audience in the end.,A large group of cheerleaders are seen running into an arena cheering and beginning performing a routine with one another. The girls continue cheering around the stage while lifting one another up and performing tricks and pans to the audience in the end.
v_TmI9MxCDBMw,0,3,0.0,32.63,[0.0s] kaying on the river in wisconsin | [4.7s] a river with trees and water in the background | [9.3s] a view of the water from a kay boat | [14.0s] a man is floating in the water while another watches | [18.6s] a bird is standing in the water near some trees | [23.3s] an image of a river with white water | [28.0s] a man is rafting down a river | [32.6s] a man is rafting down a river,A murky river is shown next to a row of trees.,A murky river is shown next to a row of trees. A bunch of people on intertubes go by slowly. Then we see rapid waters as the tubers go over small falls.
v_TmI9MxCDBMw,1,3,34.55,142.99,[34.5s] a man is rafting down a river | [50.0s] a group of people are rafting in the water | [65.5s] a group of people rafting down a river | [81.0s] a group of people are tubling down the river | [96.5s] a man is standing in the middle of a river | [112.0s] a man is in the water with a surfboard | [127.5s] a man is kaying down a river | [143.0s] a man is in the water on a surfboard,A bunch of people on intertubes go by slowly.,A murky river is shown next to a row of trees. A bunch of people on intertubes go by slowly. Then we see rapid waters as the tubers go over small falls.
v_TmI9MxCDBMw,2,3,149.71,191.7916,[149.7s] the rapids of a river with rocks and water | [155.7s] a man is rafting down the rapids of a river | [161.7s] a group of people are rafting down the rapids | [167.7s] a man is kaying down a river | [173.8s] a group of people are rafting in the water | [179.8s] an image of a black background with the words | [185.8s] a black and white photo of the moon in the sky | [191.8s] a man with a beard and sunglasses holding a guitar,Then we see rapid waters as the tubers go over small falls.,A murky river is shown next to a row of trees. A bunch of people on intertubes go by slowly. Then we see rapid waters as the tubers go over small falls.
v_JBTiD2-FcR0,0,5,0.0,7.02,[3.5s] a black and white photo of the moon in the sky,A closeup of a bag of cement mix is shown.,A closeup of a bag of cement mix is shown. One man adds water into a container while another watches. The first man pours the cement mix into the container. The second man uses a mixer on the container. one of the men applies the mixture to a wall.
v_JBTiD2-FcR0,1,5,7.52,11.78,[9.6s] two men standing in front of a brick wall,One man adds water into a container while another watches.,A closeup of a bag of cement mix is shown. One man adds water into a container while another watches. The first man pours the cement mix into the container. The second man uses a mixer on the container. one of the men applies the mixture to a wall.
v_JBTiD2-FcR0,2,5,12.53,22.3,[12.5s] two men in blue work clothes and hard hats with buckets | [22.3s] a man in blue overalls is standing next to buckets,The first man pours the cement mix into the container.,A closeup of a bag of cement mix is shown. One man adds water into a container while another watches. The first man pours the cement mix into the container. The second man uses a mixer on the container. one of the men applies the mixture to a wall.
v_JBTiD2-FcR0,3,5,12.53,32.32,[12.5s] two men in blue work clothes and hard hats with buckets | [19.1s] two men in blue work clothes and hard hats are working on a brick wall | [25.7s] a group of people standing next to buckets | [32.3s] a man standing in front of a pile of rubble,The second man uses a mixer on the container.,A closeup of a bag of cement mix is shown. One man adds water into a container while another watches. The first man pours the cement mix into the container. The second man uses a mixer on the container. one of the men applies the mixture to a wall.
v_JBTiD2-FcR0,4,5,32.82,50.04,[32.8s] a man is pouring water from a bucket | [38.6s] a man in blue shirt and white hat working on a wall | [44.3s] a man in blue jumps up the side of a brick wall | [50.0s] a black and white photo of the moon in the sky,one of the men applies the mixture to a wall.,A closeup of a bag of cement mix is shown. One man adds water into a container while another watches. The first man pours the cement mix into the container. The second man uses a mixer on the container. one of the men applies the mixture to a wall.
v_IoiDAHNryTk,0,2,0.0,19.29,[0.0s] a girl is playing on the playground equipment | [6.4s] a little girl is playing on the playground | [12.9s] a little girl is playing on the playground | [19.3s] a little girl is playing on the playground,A girl is seen climbing across a set of monkey bars followed by her waving to the camera.,A girl is seen climbing across a set of monkey bars followed by her waving to the camera. She climbs her way back on the bars and jumps down mid way through.
v_IoiDAHNryTk,1,2,19.99,46.980266666666665,[20.0s] a little girl is playing on the playground | [25.4s] a little girl is playing on the playground | [30.8s] a little girl is playing on the playground | [36.2s] a little girl is playing on the playground | [41.6s] a little girl is playing on the playground | [47.0s] a little girl is playing on the playground,She climbs her way back on the bars and jumps down mid way through.,A girl is seen climbing across a set of monkey bars followed by her waving to the camera. She climbs her way back on the bars and jumps down mid way through.
v_EwMAJPldfKs,0,3,0.0,10.67,[0.0s] a woman is washing her hands in the sink | [10.7s] a woman is sitting on the edge of a bathroom sink,A young lady with a grey jacket on is standing in front of a sink lathering her hands.,"A young lady with a grey jacket on is standing in front of a sink lathering her hands. She then turns the water on and begins to rinse her hands and flex her fingers to make sure all of the soap is off. After that is done,she grabs a white towel,dries her hands and wipes her mouth."
v_EwMAJPldfKs,1,3,10.19,21.19,[10.2s] a woman is sitting on the floor in front of a sink | [21.2s] a man is trying to get into the bathroom sink,She then turns the water on and begins to rinse her hands and flex her fingers to make sure all of the soap is off.,"A young lady with a grey jacket on is standing in front of a sink lathering her hands. She then turns the water on and begins to rinse her hands and flex her fingers to make sure all of the soap is off. After that is done,she grabs a white towel,dries her hands and wipes her mouth."
v_EwMAJPldfKs,2,3,21.19,31.698333333333334,[21.2s] a man is trying to get into the bathroom sink | [31.7s] a woman sitting on the floor in front of a toilet,"After that is done,she grabs a white towel,dries her hands and wipes her mouth.","A young lady with a grey jacket on is standing in front of a sink lathering her hands. She then turns the water on and begins to rinse her hands and flex her fingers to make sure all of the soap is off. After that is done,she grabs a white towel,dries her hands and wipes her mouth."
v_hlwSgE7Epwo,0,4,0.0,15.82,[0.0s] a black and white photo of the moon in the sky | [7.9s] a woman standing on top of a tennis court | [15.8s] a sign in front of a brick building,A woman standing outside near a tennis court talking about things.,A woman standing outside near a tennis court talking about things. A girl in all black with a baton practicing her moves and dances inside of the studio. Her coach does an interview while sitting down with her hands held together. The girl continues to practice by herself in the studio.
v_hlwSgE7Epwo,1,4,15.82,87.29,[15.8s] a sign in front of a brick building | [26.0s] a woman standing in front of a large window | [36.2s] a woman standing in front of a glass door | [46.4s] a woman standing in front of a large window | [56.7s] a woman with long brown hair | [66.9s] a woman is standing in an empty room | [77.1s] a group of people sitting around a table | [87.3s] a woman in a black dress is dancing on the floor,A girl in all black with a baton practicing her moves and dances inside of the studio.,A woman standing outside near a tennis court talking about things. A girl in all black with a baton practicing her moves and dances inside of the studio. Her coach does an interview while sitting down with her hands held together. The girl continues to practice by herself in the studio.
v_hlwSgE7Epwo,2,4,87.88,102.52,[87.9s] a woman standing in front of a large window | [95.2s] a woman sitting in a chair | [102.5s] a woman sitting in a chair,Her coach does an interview while sitting down with her hands held together.,A woman standing outside near a tennis court talking about things. A girl in all black with a baton practicing her moves and dances inside of the studio. Her coach does an interview while sitting down with her hands held together. The girl continues to practice by herself in the studio.
v_hlwSgE7Epwo,3,4,103.11,117.05026666666667,[103.1s] a woman is dancing in an empty room | [110.1s] a woman standing in front of a large window | [117.1s] a black and white photo of the moon in the sky,The girl continues to practice by herself in the studio.,A woman standing outside near a tennis court talking about things. A girl in all black with a baton practicing her moves and dances inside of the studio. Her coach does an interview while sitting down with her hands held together. The girl continues to practice by herself in the studio.
v_M_LSDRzVN38,0,3,0.0,15.04,[0.0s] a group of people standing around a tree | [7.5s] a group of people playing in the grass | [15.0s] a group of people standing in the grass,A blindfolded young woman swings a stick around wildly as a man holds a piñata high above her head on a string at a birthday party.,"A blindfolded young woman swings a stick around wildly as a man holds a piñata high above her head on a string at a birthday party. Then woman swings a few more times as the man brings the piñata up and down with the attached string and as she does this knocks a piece of the piñata off and a few kids gather round her to see if any candy fell out. The woman feels for the piñata a few times with the stick, but does not swing as kids continue to look up in amazement."
v_M_LSDRzVN38,1,3,15.04,32.91,[15.0s] a group of people standing in the grass | [21.0s] a group of people standing in the grass | [27.0s] a group of people standing in the grass | [32.9s] a group of people playing in the grass,Then woman swings a few more times as the man brings the piñata up and down with the attached string and as she does this knocks a piece of the piñata off and a few kids gather round her to see if any candy fell out.,"A blindfolded young woman swings a stick around wildly as a man holds a piñata high above her head on a string at a birthday party. Then woman swings a few more times as the man brings the piñata up and down with the attached string and as she does this knocks a piece of the piñata off and a few kids gather round her to see if any candy fell out. The woman feels for the piñata a few times with the stick, but does not swing as kids continue to look up in amazement."
v_M_LSDRzVN38,2,3,32.91,43.46666666666667,[32.9s] a group of people playing in the grass | [43.5s] a group of people playing in the grass,"The woman feels for the piñata a few times with the stick, but does not swing as kids continue to look up in amazement.","A blindfolded young woman swings a stick around wildly as a man holds a piñata high above her head on a string at a birthday party. Then woman swings a few more times as the man brings the piñata up and down with the attached string and as she does this knocks a piece of the piñata off and a few kids gather round her to see if any candy fell out. The woman feels for the piñata a few times with the stick, but does not swing as kids continue to look up in amazement."
v_pYb8jzB5vs0,0,2,0.0,21.41,[0.0s] a close up view of an abstract blue and white background | [5.4s] the logo for watch go | [10.7s] a man and woman standing next to a swimming pool | [16.1s] a man and woman are standing next to a swimming pool | [21.4s] a man in scuba gear standing next to a swimming pool,An intro leads into a man in women sitting beside a pool and talking.,An intro leads into a man in women sitting beside a pool and talking. The people are then shown underwater wearing scuba gear and teaching one another hand signals while the man speaks to the camera above the surface.
v_pYb8jzB5vs0,1,2,22.39,194.56103333333334,[22.4s] a man in scuba gear standing next to a swimming pool | [47.0s] two people are diving in the water | [71.6s] a woman wearing scuba gear in the water | [96.2s] a woman scubas in the ocean while another watches | [120.8s] two scubas in the water with their equipment | [145.4s] two people are diving in the water | [170.0s] a man and woman scuba in the ocean | [194.6s] a black and white photo of the moon in the sky,The people are then shown underwater wearing scuba gear and teaching one another hand signals while the man speaks to the camera above the surface.,An intro leads into a man in women sitting beside a pool and talking. The people are then shown underwater wearing scuba gear and teaching one another hand signals while the man speaks to the camera above the surface.
v_Vcv9P-4Tty0,0,3,0.0,9.79,[0.0s] a group of people playing volleyball on the beach | [9.8s] a man riding on the back of a horse,A group of people are seen standing on a sandy field with one throwing a soccer ball to another.,A group of people are seen standing on a sandy field with one throwing a soccer ball to another. The other person scores a goal and other players jump on him and congratulate him. The same goal is shown several more times from different angles.
v_Vcv9P-4Tty0,1,3,9.33,26.18,[9.3s] a group of people are playing volleyball on the beach | [14.9s] a man in pink shirt standing next to another person | [20.6s] two men are talking to each other people | [26.2s] a man holding up a sign in front of a crowd,The other person scores a goal and other players jump on him and congratulate him.,A group of people are seen standing on a sandy field with one throwing a soccer ball to another. The other person scores a goal and other players jump on him and congratulate him. The same goal is shown several more times from different angles.
v_Vcv9P-4Tty0,2,3,26.41,45.478766666666665,[26.4s] a group of people standing in front of a sign | [32.8s] a group of people playing soccer on the beach | [39.1s] a group of people standing on top of a stage | [45.5s] a man riding on the back of a horse,The same goal is shown several more times from different angles.,A group of people are seen standing on a sandy field with one throwing a soccer ball to another. The other person scores a goal and other players jump on him and congratulate him. The same goal is shown several more times from different angles.
v_K2l7ops-tno,0,4,0.0,7.67,[3.8s] a man in blue shirt and black pants standing on the floor,A man is placing tiles on the floor.,"A man is placing tiles on the floor. A woman appears, removing tiles from a box and talking about them. The woman kneels onto the ground, cutting and applying tiles. A man rolls a pressure roller over the finished floor before the woman returns, speaking about the finished product."
v_K2l7ops-tno,1,4,14.24,31.77,[14.2s] a woman standing in a room with boxes on the floor | [20.1s] a man in a blue shirt is moving a piece of cardboard | [25.9s] a man laying tile on the floor | [31.8s] a man is painting the floor with white paint,"A woman appears, removing tiles from a box and talking about them.","A man is placing tiles on the floor. A woman appears, removing tiles from a box and talking about them. The woman kneels onto the ground, cutting and applying tiles. A man rolls a pressure roller over the finished floor before the woman returns, speaking about the finished product."
v_K2l7ops-tno,2,4,35.61,81.08,[35.6s] a man laying down the floor in a room | [42.1s] a person is putting something on the floor | [48.6s] a woman is kneeling on the floor | [55.1s] a person is laying tile on the floor | [61.6s] a person holding a piece of paper in their hand | [68.1s] a box that is sitting on the floor | [74.6s] a woman standing in front of a kitchen | [81.1s] how to install a concrete floor youtube,"The woman kneels onto the ground, cutting and applying tiles.","A man is placing tiles on the floor. A woman appears, removing tiles from a box and talking about them. The woman kneels onto the ground, cutting and applying tiles. A man rolls a pressure roller over the finished floor before the woman returns, speaking about the finished product."
v_K2l7ops-tno,3,4,82.72,109.47603333333333,[82.7s] a person is putting something on the floor | [88.1s] a man in a blue shirt is talking to someone | [93.4s] a man laying on the floor next to a roll of paper | [98.8s] the floor is blue and white | [104.1s] a woman standing in front of a tv screen | [109.5s] a man standing in front of a store,"A man rolls a pressure roller over the finished floor before the woman returns, speaking about the finished product.","A man is placing tiles on the floor. A woman appears, removing tiles from a box and talking about them. The woman kneels onto the ground, cutting and applying tiles. A man rolls a pressure roller over the finished floor before the woman returns, speaking about the finished product."
v_ZJCbT3300OA,0,3,0.0,7.49,[3.7s] a group of people riding on top of a snow covered hill,A large intertube is shown on the screen.,A large intertube is shown on the screen. A bunch of sledders get on the tubes. They ride them down a steep hill together.
v_ZJCbT3300OA,1,3,16.23,51.82,[16.2s] a person on a sler in the snow | [21.3s] two people are sling down a snowy hill | [26.4s] a group of people riding down a snow covered slope | [31.5s] two people on snowboards | [36.6s] a person laying on top of a snow covered hill | [41.7s] a person laying in the snow on top of a hill | [46.7s] a person on a snow tubing down a hill | [51.8s] two people are sling down a hill in the snow,A bunch of sledders get on the tubes.,A large intertube is shown on the screen. A bunch of sledders get on the tubes. They ride them down a steep hill together.
v_ZJCbT3300OA,2,3,56.19,124.79145812479146,[56.2s] two people are tubling down a hill | [66.0s] two people sled down a hill in the snow | [75.8s] a group of people riding on top of a snow covered hill | [85.6s] a man riding down the side of a snow covered slope | [95.4s] a snowboarder riding down the side of a mountain | [105.2s] a woman sitting on top of a snow covered hill | [115.0s] a person on a snow tubing down a hill | [124.8s] a black and white photo of the moon in the sky,They ride them down a steep hill together.,A large intertube is shown on the screen. A bunch of sledders get on the tubes. They ride them down a steep hill together.
v_lQq_JPRFEMw,0,4,0.0,171.73823333333334,[0.0s] a little boy sitting on the ground | [24.5s] a girl with long hair standing on a soccer field | [49.1s] a young boy is playing hockey on the field | [73.6s] this is a football player | [98.1s] a woman wearing glasses | [122.7s] a group of people playing soccer on a field | [147.2s] a woman is standing on a tennis court | [171.7s] a group of people sitting on top of a field,People are playing a game of lacrosse on a field.,People are playing a game of lacrosse on a field. The teams line up and shake hands. A woman in a blue coat is talking to the camera. A man in a tan suit is talking into a microphone.
v_lQq_JPRFEMw,1,4,39.52,43.82,[41.7s] a group of people playing lacrosse on a field,The teams line up and shake hands.,People are playing a game of lacrosse on a field. The teams line up and shake hands. A woman in a blue coat is talking to the camera. A man in a tan suit is talking into a microphone.
v_lQq_JPRFEMw,2,4,95.37,102.25,[98.8s] the man is wearing glasses,A woman in a blue coat is talking to the camera.,People are playing a game of lacrosse on a field. The teams line up and shake hands. A woman in a blue coat is talking to the camera. A man in a tan suit is talking into a microphone.
v_lQq_JPRFEMw,3,4,153.8,156.38,[155.1s] a man standing in front of a soccer goal,A man in a tan suit is talking into a microphone.,People are playing a game of lacrosse on a field. The teams line up and shake hands. A woman in a blue coat is talking to the camera. A man in a tan suit is talking into a microphone.
v_Cjq9wf9XnX0,0,3,0.0,6.11,[3.1s] a man squats on a barbell in the gym,man is putting the lifts on a pole.,man is putting the lifts on a pole. man is standing in middle of a room in a gym lifting weight. a lot of different lifts are stacked in the gym.
v_Cjq9wf9XnX0,1,3,6.11,33.900533333333335,[6.1s] a black and white photo of a gym equipment | [11.7s] a man in a crossfit gym doing an overhead squat | [17.2s] a man is holding a barbell in the gym | [22.8s] a gym with the logo for catalyst athleticss | [28.3s] a gym with the logo for catalyst athleticss | [33.9s] a gym with the logo for catalyst athleticss,man is standing in middle of a room in a gym lifting weight.,man is putting the lifts on a pole. man is standing in middle of a room in a gym lifting weight. a lot of different lifts are stacked in the gym.
v_Cjq9wf9XnX0,2,3,6.79,33.900533333333335,[6.8s] a black background with the words catalyst arts | [12.2s] a man holding a barbell in the gym | [17.6s] a man in a gym holding a barbell | [23.1s] a gym with the logo for catalyst athleticss | [28.5s] a gym with the logo for catalyst athleticss | [33.9s] a gym with the logo for catalyst athleticss,a lot of different lifts are stacked in the gym.,man is putting the lifts on a pole. man is standing in middle of a room in a gym lifting weight. a lot of different lifts are stacked in the gym.
v_UF2v4emX7rc,0,3,0.0,5.2,[2.6s] a man sitting on top of a tree stump,A group of men in masks are gathered around targets.,"A group of men in masks are gathered around targets. They are holding paint guns as they run across the field. They hide behind obstacles, shooting at each other."
v_UF2v4emX7rc,1,3,6.24,48.5,[6.2s] a group of people sitting on top of a hill | [12.3s] a group of people sitting in the grass | [18.3s] a group of people standing in the grass | [24.4s] a group of people standing on top of a field | [30.4s] a group of people are playing in the grass | [36.4s] a man standing on top of a hill | [42.5s] a man in an orange suit is standing next to a large black object | [48.5s] a man standing next to a machine in the grass,They are holding paint guns as they run across the field.,"A group of men in masks are gathered around targets. They are holding paint guns as they run across the field. They hide behind obstacles, shooting at each other."
v_UF2v4emX7rc,2,3,49.53,69.1691,[49.5s] a group of people standing in front of some graves | [56.1s] a man standing next to a large pipe | [62.6s] a group of people standing around a pile of tires | [69.2s] a group of people that are standing in the grass,"They hide behind obstacles, shooting at each other.","A group of men in masks are gathered around targets. They are holding paint guns as they run across the field. They hide behind obstacles, shooting at each other."
v_LvRP3c5n3P8,0,4,21.92,72.69,[21.9s] a woman standing at the front of a hospital | [29.2s] a group of people walking down a hospital hallway | [36.4s] a man walking down a hospital hallway | [43.7s] a man laying on top of a hospital bed | [50.9s] a man laying in a hospital bed next to another man | [58.2s] a man in white shirt holding an injured person | [65.4s] a man laying in a hospital bed next to another person | [72.7s] a hospital room filled with lots of medical equipment,"People walk in the hallways of a hospital, then a doctor reviews the injured leg of a man leaving green sparkles on the leg and a machine.","People walk in the hallways of a hospital, then a doctor reviews the injured leg of a man leaving green sparkles on the leg and a machine. Then, the man makes a call and leaves green sparkles on the phone that it is passes to the hand of a nurse that grabs the phone. After the nurse enters to visit a a sick man as well two doctors who carry green sparkles on their hands that leaves on the sick man. A person wash hand, use hand sanitizes and cleans an stethoscope to get rid off microbes."
v_LvRP3c5n3P8,1,4,75.0,105.0,[75.0s] a man wearing a white shirt | [80.0s] a man in white lab coat holding a cell phone | [85.0s] a hospital room filled with lots of medical equipment | [90.0s] a woman holding a cell phone to her ear | [95.0s] a woman is talking on her cell phone | [100.0s] a woman standing in a hospital hallway | [105.0s] a woman standing in front of a door,"Then, the man makes a call and leaves green sparkles on the phone that it is passes to the hand of a nurse that grabs the phone.","People walk in the hallways of a hospital, then a doctor reviews the injured leg of a man leaving green sparkles on the leg and a machine. Then, the man makes a call and leaves green sparkles on the phone that it is passes to the hand of a nurse that grabs the phone. After the nurse enters to visit a a sick man as well two doctors who carry green sparkles on their hands that leaves on the sick man. A person wash hand, use hand sanitizes and cleans an stethoscope to get rid off microbes."
v_LvRP3c5n3P8,2,4,105.0,139.61,[105.0s] a woman standing in front of a door | [109.9s] a door handle that has been painted green | [114.9s] a woman in a hospital bed | [119.8s] a woman in a hospital bed | [124.8s] a woman laying on a bed in a hospital room | [129.7s] a man laying in a hospital bed | [134.7s] a man in a hospital bed being examined by a doctor | [139.6s] a black background with green leaves on it,After the nurse enters to visit a a sick man as well two doctors who carry green sparkles on their hands that leaves on the sick man.,"People walk in the hallways of a hospital, then a doctor reviews the injured leg of a man leaving green sparkles on the leg and a machine. Then, the man makes a call and leaves green sparkles on the phone that it is passes to the hand of a nurse that grabs the phone. After the nurse enters to visit a a sick man as well two doctors who carry green sparkles on their hands that leaves on the sick man. A person wash hand, use hand sanitizes and cleans an stethoscope to get rid off microbes."
v_LvRP3c5n3P8,3,4,144.23,189.22,[144.2s] a person is washing their hands in the sink | [150.7s] a person is washing their hands in the sink | [157.1s] a person is washing their hands in the sink | [163.5s] a person is using an automatic hand dryer | [169.9s] a person is holding an electric hand dryer | [176.4s] a person holding a pair of scissors in their hand | [182.8s] this is a hand dryer | [189.2s] a white hand dryer,"A person wash hand, use hand sanitizes and cleans an stethoscope to get rid off microbes.","People walk in the hallways of a hospital, then a doctor reviews the injured leg of a man leaving green sparkles on the leg and a machine. Then, the man makes a call and leaves green sparkles on the phone that it is passes to the hand of a nurse that grabs the phone. After the nurse enters to visit a a sick man as well two doctors who carry green sparkles on their hands that leaves on the sick man. A person wash hand, use hand sanitizes and cleans an stethoscope to get rid off microbes."
v_XHMrvd3sKzE,0,5,0.0,5.74,[2.9s] a group of people climbing on a rock wall,Two kids are climbing a rock wall.,"Two kids are climbing a rock wall. The adults are guiding the lines. The kids continue to climb. The one on the right will make it to the top first. The one on the left did not make it to the top, both hop back down the wall."
v_XHMrvd3sKzE,1,5,5.74,25.63,[5.7s] a group of people climbing on a rock wall | [12.4s] a group of people climbing on a rock wall | [19.0s] a group of people climbing on a rock wall | [25.6s] a group of kids climbing on a wall,The adults are guiding the lines.,"Two kids are climbing a rock wall. The adults are guiding the lines. The kids continue to climb. The one on the right will make it to the top first. The one on the left did not make it to the top, both hop back down the wall."
v_XHMrvd3sKzE,2,5,25.63,45.96,[25.6s] a group of kids climbing on a wall | [30.7s] a group of people climbing up the side of a building | [35.8s] a group of people climbing up the side of a building | [40.9s] a person climbing on a wall in an indoor gym | [46.0s] a room filled with lots of climbing equipment,The kids continue to climb.,"Two kids are climbing a rock wall. The adults are guiding the lines. The kids continue to climb. The one on the right will make it to the top first. The one on the left did not make it to the top, both hop back down the wall."
v_XHMrvd3sKzE,3,5,45.96,59.21,[46.0s] a room filled with lots of climbing equipment | [52.6s] the floor is made of wood | [59.2s] a little girl climbing up the side of a building,The one on the right will make it to the top first.,"Two kids are climbing a rock wall. The adults are guiding the lines. The kids continue to climb. The one on the right will make it to the top first. The one on the left did not make it to the top, both hop back down the wall."
v_XHMrvd3sKzE,4,5,59.21,88.33333333333333,[59.2s] a little girl climbing up the side of a building | [64.1s] a little girl climbing up the side of a building | [68.9s] a group of people climbing up the side of a building | [73.8s] a group of people climbing up the side of a building | [78.6s] a group of people climbing on a wall | [83.5s] a group of people climbing on a rock wall | [88.3s] two people are climbing on a rock wall,"The one on the left did not make it to the top, both hop back down the wall.","Two kids are climbing a rock wall. The adults are guiding the lines. The kids continue to climb. The one on the right will make it to the top first. The one on the left did not make it to the top, both hop back down the wall."
v_oP77DgsbhKQ,0,4,0.0,40.77,[0.0s] a black and white photo of the moon in the sky | [5.8s] a man laying tile on the floor | [11.6s] a man is kneeling on the floor with paint | [17.5s] a man is pouring cement into a bucket | [23.3s] a bucket filled with cement sitting on the ground | [29.1s] a person is pouring something into a metal bowl | [34.9s] a man is pouring cement into a bucket | [40.8s] a man is kneeling on the floor with paint,A man is seen kneeling down on the floor speaking to the camera.,A man is seen kneeling down on the floor speaking to the camera. The man mixes up various ingredients and begins laying plaster on the floor. He measures the floor and tiles and cuts out a piece of tile to lay on the floor. He continues laying tiles on the floor while looking back to speak to the camera.
v_oP77DgsbhKQ,1,4,41.85,119.1,[41.9s] a man is sitting on the floor with paint | [52.9s] a person is putting cement into the floor | [63.9s] a man is measuring the floor with a tape | [75.0s] a man is measuring the floor with a tape | [86.0s] a man is working on a piece of wood | [97.0s] a man is cutting wood with a knife | [108.1s] a man using a tile cutter on the floor | [119.1s] a man is laying tile on the floor,The man mixes up various ingredients and begins laying plaster on the floor.,A man is seen kneeling down on the floor speaking to the camera. The man mixes up various ingredients and begins laying plaster on the floor. He measures the floor and tiles and cuts out a piece of tile to lay on the floor. He continues laying tiles on the floor while looking back to speak to the camera.
v_oP77DgsbhKQ,2,4,96.57,170.61,[96.6s] a man is working on a piece of wood | [107.1s] a person using a tile cutter on the floor | [117.7s] how to make a table saw | [128.3s] a man laying tile on the floor | [138.9s] a man laying tile on the floor | [149.5s] how to install a shower grate | [160.0s] a man laying tile on the floor | [170.6s] a man kneeling down on the floor to install tile,He measures the floor and tiles and cuts out a piece of tile to lay on the floor.,A man is seen kneeling down on the floor speaking to the camera. The man mixes up various ingredients and begins laying plaster on the floor. He measures the floor and tiles and cuts out a piece of tile to lay on the floor. He continues laying tiles on the floor while looking back to speak to the camera.
v_oP77DgsbhKQ,3,4,168.46,214.50595833333333,[168.5s] how to install a tile floor youtube | [175.0s] a man kneeling down on the floor with cement | [181.6s] a man laying tile on the floor | [188.2s] how to install ceramic floor tile youtube | [194.8s] a man kneeling on the floor next to a bucket | [201.3s] a man kneeling on the floor in front of a wall | [207.9s] an empty room with tile floor and white walls | [214.5s] a black and white photo of the moon in the sky,He continues laying tiles on the floor while looking back to speak to the camera.,A man is seen kneeling down on the floor speaking to the camera. The man mixes up various ingredients and begins laying plaster on the floor. He measures the floor and tiles and cuts out a piece of tile to lay on the floor. He continues laying tiles on the floor while looking back to speak to the camera.
v_tjuYS-6UC_M,0,3,0.0,49.4,[0.0s] two girls playing with a kite in the backyard | [7.1s] two women are playing with a kite in the yard | [14.1s] a woman is playing with her dog in the backyard | [21.2s] a woman in a pink top is dancing outside | [28.2s] two girls are playing with a kite in the backyard | [35.3s] two girls are playing with a fire stick | [42.3s] a group of people are playing in the yard | [49.4s] a woman in pink shirt and black pants playing with a stick,"A pinata hangs from a tree, as a group of girls stand in front of it.","A pinata hangs from a tree, as a group of girls stand in front of it. One has a stick and is blindfolded. She hits the pinata, then walks away."
v_tjuYS-6UC_M,1,3,54.43,140.67,[54.4s] a woman in pink shirt playing with a hut | [66.8s] a man and woman dancing on the sidewalk | [79.1s] two people are playing with a pole in the backyard | [91.4s] a group of people standing in front of a fence | [103.7s] a man and woman are dancing in the backyard | [116.0s] a woman is dancing outside in the yard | [128.3s] a man and woman are dancing in the backyard | [140.7s] a woman is swinging on a rope in the yard,One has a stick and is blindfolded.,"A pinata hangs from a tree, as a group of girls stand in front of it. One has a stick and is blindfolded. She hits the pinata, then walks away."
v_tjuYS-6UC_M,2,3,141.51,167.4,[141.5s] a woman is playing with her dog in the backyard | [146.7s] a woman in a pink top and black pants | [151.9s] a woman in a pink shirt and black pants | [157.0s] a man holding a baseball bat in his hand | [162.2s] two girls are playing with a ball in the backyard | [167.4s] a group of people are playing in the yard,"She hits the pinata, then walks away.","A pinata hangs from a tree, as a group of girls stand in front of it. One has a stick and is blindfolded. She hits the pinata, then walks away."
v_aOzMA2rpWEw,0,5,0.0,42.95,[0.0s] a black and white photo of a man in a suit | [6.1s] a man and woman are standing in the snow | [12.3s] a man and woman are standing in the snow | [18.4s] a man and woman standing in the snow | [24.5s] a man and woman standing in the snow | [30.7s] a man and woman are standing in the snow | [36.8s] a man and woman are standing in the snow | [43.0s] a man and woman are standing in the snow,A man and a woman are standing outside in the snow talking.,A man and a woman are standing outside in the snow talking. The man is cleaning the snow off of the car. The girl wears a fur coat and talks to the camera. The man continues brushing the snow off of the car. They are sitting inside the car talking.
v_aOzMA2rpWEw,1,5,42.95,171.8,[43.0s] a man and woman are standing in the snow | [61.4s] a man is standing in the snow | [79.8s] a man standing next to a car covered in snow | [98.2s] a man in red jacket standing on snow covered street | [116.6s] a man is standing in the snow next to his car | [135.0s] a woman shovels snow off her car | [153.4s] a car is covered in snow on the street | [171.8s] a car is covered in snow on the street,The man is cleaning the snow off of the car.,A man and a woman are standing outside in the snow talking. The man is cleaning the snow off of the car. The girl wears a fur coat and talks to the camera. The man continues brushing the snow off of the car. They are sitting inside the car talking.
v_aOzMA2rpWEw,2,5,177.17,193.27,[177.2s] a man in a fur coat is driving down the street | [182.5s] a person wearing a furry hat in the snow | [187.9s] a person wearing a furry hat in the snow | [193.3s] a woman wearing a furry hat in the snow,The girl wears a fur coat and talks to the camera.,A man and a woman are standing outside in the snow talking. The man is cleaning the snow off of the car. The girl wears a fur coat and talks to the camera. The man continues brushing the snow off of the car. They are sitting inside the car talking.
v_aOzMA2rpWEw,3,5,193.27,222.8,[193.3s] a woman wearing a furry hat in the snow | [198.2s] a woman is walking in the snow next to her car | [203.1s] a woman is standing in the snow next to her car | [208.0s] a man is standing in the snow next to his car | [213.0s] a man shovels snow from the roof of his car | [217.9s] a car is covered in snow on the street | [222.8s] a woman standing next to a car in the snow,The man continues brushing the snow off of the car.,A man and a woman are standing outside in the snow talking. The man is cleaning the snow off of the car. The girl wears a fur coat and talks to the camera. The man continues brushing the snow off of the car. They are sitting inside the car talking.
v_aOzMA2rpWEw,4,5,244.28,536.8029333333334,[244.3s] a man and woman in the back seat of a car | [286.1s] a man and woman sitting in the back seat of a car | [327.9s] a man and woman sitting in the back seat of a car | [369.6s] a car is covered in snow on the side of a road | [411.4s] a man and woman sitting in the back seat of a car | [453.2s] two women are sitting in the back seat of a car | [495.0s] a man and woman sitting in the back seat of a car | [536.8s] a white background with the words la second life and an image of a suitcase,They are sitting inside the car talking.,A man and a woman are standing outside in the snow talking. The man is cleaning the snow off of the car. The girl wears a fur coat and talks to the camera. The man continues brushing the snow off of the car. They are sitting inside the car talking.
v_MsBqlgdzeag,0,6,0.0,8.69,[0.0s] a tree stump in the middle of a garden | [8.7s] a man standing next to a tree stump,A man approaches a trunk standing by some dirt.,A man approaches a trunk standing by some dirt. He grabs an ax sitting on the dirt. He takes the ax and cuts the trunk in half. The trunk falls and he picks up one of the halves. He takes the ax to the trunk and cuts it in half. He stands the other trunk and cuts it in half.
v_MsBqlgdzeag,1,6,8.97,13.45,[11.2s] a small tree stump in the ground,He grabs an ax sitting on the dirt.,A man approaches a trunk standing by some dirt. He grabs an ax sitting on the dirt. He takes the ax and cuts the trunk in half. The trunk falls and he picks up one of the halves. He takes the ax to the trunk and cuts it in half. He stands the other trunk and cuts it in half.
v_MsBqlgdzeag,2,6,13.73,17.1,[15.4s] a bird is sitting on the ground in front of some trees,He takes the ax and cuts the trunk in half.,A man approaches a trunk standing by some dirt. He grabs an ax sitting on the dirt. He takes the ax and cuts the trunk in half. The trunk falls and he picks up one of the halves. He takes the ax to the trunk and cuts it in half. He stands the other trunk and cuts it in half.
v_MsBqlgdzeag,3,6,17.38,27.75,[17.4s] the man is holding a shovel in his hand | [27.8s] a man standing on top of a tree stump,The trunk falls and he picks up one of the halves.,A man approaches a trunk standing by some dirt. He grabs an ax sitting on the dirt. He takes the ax and cuts the trunk in half. The trunk falls and he picks up one of the halves. He takes the ax to the trunk and cuts it in half. He stands the other trunk and cuts it in half.
v_MsBqlgdzeag,4,6,28.03,36.43,[28.0s] a man standing on top of a tree stump | [36.4s] a man standing on top of a wooden block,He takes the ax to the trunk and cuts it in half.,A man approaches a trunk standing by some dirt. He grabs an ax sitting on the dirt. He takes the ax and cuts the trunk in half. The trunk falls and he picks up one of the halves. He takes the ax to the trunk and cuts it in half. He stands the other trunk and cuts it in half.
v_MsBqlgdzeag,5,6,36.71,56.041666666666664,[36.7s] a young boy playing cricket in the garden | [43.2s] a man standing on top of a wooden block | [49.6s] a black and white dog running through the woods | [56.0s] an image of a small piece of wood on the ground,He stands the other trunk and cuts it in half.,A man approaches a trunk standing by some dirt. He grabs an ax sitting on the dirt. He takes the ax and cuts the trunk in half. The trunk falls and he picks up one of the halves. He takes the ax to the trunk and cuts it in half. He stands the other trunk and cuts it in half.
v_Sw7iRtHxMSs,0,11,0.0,16.8,[0.0s] a group of people sitting around a table | [5.6s] a group of people standing around a table | [11.2s] a group of men standing in a kitchen | [16.8s] a group of people playing instruments in a room,A group of young men poses and goofs around in front of a table full of red cups.,A group of young men poses and goofs around in front of a table full of red cups. A young man in black puts two shot glasses down on the table. Another group of young men sit in chairs outside. A young man in grey bounces a ball on the table and in to one of the cups and celebrates with the young man next to him. A young man in black bounces a ball toward the cups but misses. Another man holds his hand up next to the cups. The two men that bounced the balls at the cups clink the shot glasses together and then drink the shot. A young man in black pats the back of the young man in grey. The young man in grey drinks from one of the red cups on the table while the young man in black pretends to punch him. Another young man rearranges the remaining cups on the table. The young man in grey and the young man in black fist bump.
v_Sw7iRtHxMSs,1,11,16.8,20.88,[18.8s] a group of people standing around a table,A young man in black puts two shot glasses down on the table.,A group of young men poses and goofs around in front of a table full of red cups. A young man in black puts two shot glasses down on the table. Another group of young men sit in chairs outside. A young man in grey bounces a ball on the table and in to one of the cups and celebrates with the young man next to him. A young man in black bounces a ball toward the cups but misses. Another man holds his hand up next to the cups. The two men that bounced the balls at the cups clink the shot glasses together and then drink the shot. A young man in black pats the back of the young man in grey. The young man in grey drinks from one of the red cups on the table while the young man in black pretends to punch him. Another young man rearranges the remaining cups on the table. The young man in grey and the young man in black fist bump.
v_Sw7iRtHxMSs,2,11,0.0,90.73333333333333,[0.0s] a group of people sitting around a table | [13.0s] a group of buckets that are sitting on the ground | [25.9s] a kitchen counter with several cups on it | [38.9s] a group of people standing in a room | [51.8s] the man is wearing a hoodie | [64.8s] two men sitting at a table in the dark | [77.8s] a group of people sitting around a fire pit | [90.7s] a group of people standing around some cups,Another group of young men sit in chairs outside.,A group of young men poses and goofs around in front of a table full of red cups. A young man in black puts two shot glasses down on the table. Another group of young men sit in chairs outside. A young man in grey bounces a ball on the table and in to one of the cups and celebrates with the young man next to him. A young man in black bounces a ball toward the cups but misses. Another man holds his hand up next to the cups. The two men that bounced the balls at the cups clink the shot glasses together and then drink the shot. A young man in black pats the back of the young man in grey. The young man in grey drinks from one of the red cups on the table while the young man in black pretends to punch him. Another young man rearranges the remaining cups on the table. The young man in grey and the young man in black fist bump.
v_Sw7iRtHxMSs,3,11,29.96,34.05,[32.0s] a group of people standing around a table,A young man in grey bounces a ball on the table and in to one of the cups and celebrates with the young man next to him.,A group of young men poses and goofs around in front of a table full of red cups. A young man in black puts two shot glasses down on the table. Another group of young men sit in chairs outside. A young man in grey bounces a ball on the table and in to one of the cups and celebrates with the young man next to him. A young man in black bounces a ball toward the cups but misses. Another man holds his hand up next to the cups. The two men that bounced the balls at the cups clink the shot glasses together and then drink the shot. A young man in black pats the back of the young man in grey. The young man in grey drinks from one of the red cups on the table while the young man in black pretends to punch him. Another young man rearranges the remaining cups on the table. The young man in grey and the young man in black fist bump.
v_Sw7iRtHxMSs,4,11,35.41,44.49,[35.4s] a group of people standing at a bar | [44.5s] a group of people standing in a room,A young man in black bounces a ball toward the cups but misses.,A group of young men poses and goofs around in front of a table full of red cups. A young man in black puts two shot glasses down on the table. Another group of young men sit in chairs outside. A young man in grey bounces a ball on the table and in to one of the cups and celebrates with the young man next to him. A young man in black bounces a ball toward the cups but misses. Another man holds his hand up next to the cups. The two men that bounced the balls at the cups clink the shot glasses together and then drink the shot. A young man in black pats the back of the young man in grey. The young man in grey drinks from one of the red cups on the table while the young man in black pretends to punch him. Another young man rearranges the remaining cups on the table. The young man in grey and the young man in black fist bump.
v_Sw7iRtHxMSs,5,11,38.59,44.03,[41.3s] a group of people standing around some buckets,Another man holds his hand up next to the cups.,A group of young men poses and goofs around in front of a table full of red cups. A young man in black puts two shot glasses down on the table. Another group of young men sit in chairs outside. A young man in grey bounces a ball on the table and in to one of the cups and celebrates with the young man next to him. A young man in black bounces a ball toward the cups but misses. Another man holds his hand up next to the cups. The two men that bounced the balls at the cups clink the shot glasses together and then drink the shot. A young man in black pats the back of the young man in grey. The young man in grey drinks from one of the red cups on the table while the young man in black pretends to punch him. Another young man rearranges the remaining cups on the table. The young man in grey and the young man in black fist bump.
v_Sw7iRtHxMSs,6,11,46.76,60.38,[46.8s] a group of people standing in a room | [53.6s] the man is wearing a hoodie | [60.4s] two men standing next to each other people,The two men that bounced the balls at the cups clink the shot glasses together and then drink the shot.,A group of young men poses and goofs around in front of a table full of red cups. A young man in black puts two shot glasses down on the table. Another group of young men sit in chairs outside. A young man in grey bounces a ball on the table and in to one of the cups and celebrates with the young man next to him. A young man in black bounces a ball toward the cups but misses. Another man holds his hand up next to the cups. The two men that bounced the balls at the cups clink the shot glasses together and then drink the shot. A young man in black pats the back of the young man in grey. The young man in grey drinks from one of the red cups on the table while the young man in black pretends to punch him. Another young man rearranges the remaining cups on the table. The young man in grey and the young man in black fist bump.
v_Sw7iRtHxMSs,7,11,52.66,57.2,[54.9s] a man holding a wine glass in his hand,A young man in black pats the back of the young man in grey.,A group of young men poses and goofs around in front of a table full of red cups. A young man in black puts two shot glasses down on the table. Another group of young men sit in chairs outside. A young man in grey bounces a ball on the table and in to one of the cups and celebrates with the young man next to him. A young man in black bounces a ball toward the cups but misses. Another man holds his hand up next to the cups. The two men that bounced the balls at the cups clink the shot glasses together and then drink the shot. A young man in black pats the back of the young man in grey. The young man in grey drinks from one of the red cups on the table while the young man in black pretends to punch him. Another young man rearranges the remaining cups on the table. The young man in grey and the young man in black fist bump.
v_Sw7iRtHxMSs,8,11,61.74,65.37,[63.6s] the man is wearing a black shirt,The young man in grey drinks from one of the red cups on the table while the young man in black pretends to punch him.,A group of young men poses and goofs around in front of a table full of red cups. A young man in black puts two shot glasses down on the table. Another group of young men sit in chairs outside. A young man in grey bounces a ball on the table and in to one of the cups and celebrates with the young man next to him. A young man in black bounces a ball toward the cups but misses. Another man holds his hand up next to the cups. The two men that bounced the balls at the cups clink the shot glasses together and then drink the shot. A young man in black pats the back of the young man in grey. The young man in grey drinks from one of the red cups on the table while the young man in black pretends to punch him. Another young man rearranges the remaining cups on the table. The young man in grey and the young man in black fist bump.
v_Sw7iRtHxMSs,9,11,69.0,81.71,[69.0s] a bunch of buckets | [75.4s] a group of people sitting around a fire pit | [81.7s] a man in black shirt playing guitar on stage,Another young man rearranges the remaining cups on the table.,A group of young men poses and goofs around in front of a table full of red cups. A young man in black puts two shot glasses down on the table. Another group of young men sit in chairs outside. A young man in grey bounces a ball on the table and in to one of the cups and celebrates with the young man next to him. A young man in black bounces a ball toward the cups but misses. Another man holds his hand up next to the cups. The two men that bounced the balls at the cups clink the shot glasses together and then drink the shot. A young man in black pats the back of the young man in grey. The young man in grey drinks from one of the red cups on the table while the young man in black pretends to punch him. Another young man rearranges the remaining cups on the table. The young man in grey and the young man in black fist bump.
v_Sw7iRtHxMSs,10,11,82.62,83.53,[83.1s] a group of people standing around a table,The young man in grey and the young man in black fist bump.,A group of young men poses and goofs around in front of a table full of red cups. A young man in black puts two shot glasses down on the table. Another group of young men sit in chairs outside. A young man in grey bounces a ball on the table and in to one of the cups and celebrates with the young man next to him. A young man in black bounces a ball toward the cups but misses. Another man holds his hand up next to the cups. The two men that bounced the balls at the cups clink the shot glasses together and then drink the shot. A young man in black pats the back of the young man in grey. The young man in grey drinks from one of the red cups on the table while the young man in black pretends to punch him. Another young man rearranges the remaining cups on the table. The young man in grey and the young man in black fist bump.
v_LChqFAESyCg,0,6,14.07,28.15,[14.1s] a woman standing in a bathroom brushing her teeth | [21.1s] a woman brushing her teeth in the bathroom | [28.1s] a woman brushing her teeth in front of a mirror,There's a young girl standing in her bathroom doing a tutorial on how to apply lipstick.,"There's a young girl standing in her bathroom doing a tutorial on how to apply lipstick. she opens her mirror cabinet and takes her lipstick out. She begins applying the lipstick on her lips. Then she uses the same lipstick and dabs it on her cheeks. She uses her fingers to smear the lipstick evenly on her cheek bones. Then she pouts and smiles for the camera, striking a pose."
v_LChqFAESyCg,1,6,28.15,48.55,[28.1s] a woman brushing her teeth in front of a mirror | [33.2s] a woman brushing her teeth in the bathroom | [38.3s] a woman brushing her teeth in the bathroom | [43.4s] a woman brushing her teeth in the bathroom | [48.5s] a man in the bath,she opens her mirror cabinet and takes her lipstick out.,"There's a young girl standing in her bathroom doing a tutorial on how to apply lipstick. she opens her mirror cabinet and takes her lipstick out. She begins applying the lipstick on her lips. Then she uses the same lipstick and dabs it on her cheeks. She uses her fingers to smear the lipstick evenly on her cheek bones. Then she pouts and smiles for the camera, striking a pose."
v_LChqFAESyCg,2,6,48.55,61.92,[48.5s] a man in the bath | [55.2s] a man is standing in front of a mirror | [61.9s] a young girl brushing her teeth in the bathroom,She begins applying the lipstick on her lips.,"There's a young girl standing in her bathroom doing a tutorial on how to apply lipstick. she opens her mirror cabinet and takes her lipstick out. She begins applying the lipstick on her lips. Then she uses the same lipstick and dabs it on her cheeks. She uses her fingers to smear the lipstick evenly on her cheek bones. Then she pouts and smiles for the camera, striking a pose."
v_LChqFAESyCg,3,6,61.92,77.41,[61.9s] a young girl brushing her teeth in the bathroom | [69.7s] a woman brushing her teeth in the bathroom | [77.4s] a young girl is making a funny face,Then she uses the same lipstick and dabs it on her cheeks.,"There's a young girl standing in her bathroom doing a tutorial on how to apply lipstick. she opens her mirror cabinet and takes her lipstick out. She begins applying the lipstick on her lips. Then she uses the same lipstick and dabs it on her cheeks. She uses her fingers to smear the lipstick evenly on her cheek bones. Then she pouts and smiles for the camera, striking a pose."
v_LChqFAESyCg,4,6,77.41,97.11,[77.4s] a young girl is making a funny face | [84.0s] a young girl brushing her teeth in the bathroom | [90.5s] a young girl is standing in the bathroom | [97.1s] a woman with red paint on her face,She uses her fingers to smear the lipstick evenly on her cheek bones.,"There's a young girl standing in her bathroom doing a tutorial on how to apply lipstick. she opens her mirror cabinet and takes her lipstick out. She begins applying the lipstick on her lips. Then she uses the same lipstick and dabs it on her cheeks. She uses her fingers to smear the lipstick evenly on her cheek bones. Then she pouts and smiles for the camera, striking a pose."
v_LChqFAESyCg,5,6,97.11,105.55,[97.1s] a woman with red paint on her face | [105.5s] a woman is applying her face in the mirror,"Then she pouts and smiles for the camera, striking a pose.","There's a young girl standing in her bathroom doing a tutorial on how to apply lipstick. she opens her mirror cabinet and takes her lipstick out. She begins applying the lipstick on her lips. Then she uses the same lipstick and dabs it on her cheeks. She uses her fingers to smear the lipstick evenly on her cheek bones. Then she pouts and smiles for the camera, striking a pose."
v_e0a1lp4ZWu8,0,3,0.0,89.83975,[0.0s] a group of people walking down the street | [12.8s] a person riding on the back of a horse | [25.7s] a woman riding on the back of a horse | [38.5s] a woman is riding on the back of a horse | [51.3s] a group of people walking down the street | [64.2s] a man riding on the back of a white horse | [77.0s] a group of people riding on the back of horses | [89.8s] a group of people riding on the back of a horse,People are riding on horses in a field.,People are riding on horses in a field. A person in a red shirt is standing next to the horse. A man in a black hat is next to the horse.
v_e0a1lp4ZWu8,1,3,28.31,29.65,[29.0s] two girls riding on the back of a horse,A person in a red shirt is standing next to the horse.,People are riding on horses in a field. A person in a red shirt is standing next to the horse. A man in a black hat is next to the horse.
v_e0a1lp4ZWu8,2,3,86.27,89.83975,[88.1s] a group of people standing around a white horse,A man in a black hat is next to the horse.,People are riding on horses in a field. A person in a red shirt is standing next to the horse. A man in a black hat is next to the horse.
v_xC9s-_MNO_Q,0,10,0.0,103.96,[0.0s] a living room filled with furniture and a christmas tree | [14.9s] a living room filled with furniture and a christmas tree | [29.7s] a christmas tree in the middle of a living room | [44.6s] a christmas tree in the middle of a living room | [59.4s] a man standing in front of a christmas tree | [74.3s] a large christmas tree | [89.1s] a group of people standing around a christmas tree | [104.0s] a woman standing in front of a christmas tree,We see a man decorating a Christmas tree.,We see a man decorating a Christmas tree. The man adds a string of lights. A little girl ads bulbs to the tree. The man turns the lights on. The man and the girl add bulbs to the tree. The lady goes up and own the stairs. The lady adds ornaments to the tree. The man stands on a ladder and adds ornaments. The lady turns off the lights and the family looks at the tree together. The man and woman kiss each other.
v_xC9s-_MNO_Q,1,10,0.0,19.57,[0.0s] a living room filled with furniture and a christmas tree | [6.5s] a living room filled with furniture and a christmas tree | [13.0s] a man standing in front of a christmas tree | [19.6s] a living room with a christmas tree in it,The man adds a string of lights.,We see a man decorating a Christmas tree. The man adds a string of lights. A little girl ads bulbs to the tree. The man turns the lights on. The man and the girl add bulbs to the tree. The lady goes up and own the stairs. The lady adds ornaments to the tree. The man stands on a ladder and adds ornaments. The lady turns off the lights and the family looks at the tree together. The man and woman kiss each other.
v_xC9s-_MNO_Q,2,10,9.17,12.84,[11.0s] a living room filled with furniture and a christmas tree,A little girl ads bulbs to the tree.,We see a man decorating a Christmas tree. The man adds a string of lights. A little girl ads bulbs to the tree. The man turns the lights on. The man and the girl add bulbs to the tree. The lady goes up and own the stairs. The lady adds ornaments to the tree. The man stands on a ladder and adds ornaments. The lady turns off the lights and the family looks at the tree together. The man and woman kiss each other.
v_xC9s-_MNO_Q,3,10,15.9,20.79,[18.3s] a living room with a christmas tree in the corner,The man turns the lights on.,We see a man decorating a Christmas tree. The man adds a string of lights. A little girl ads bulbs to the tree. The man turns the lights on. The man and the girl add bulbs to the tree. The lady goes up and own the stairs. The lady adds ornaments to the tree. The man stands on a ladder and adds ornaments. The lady turns off the lights and the family looks at the tree together. The man and woman kiss each other.
v_xC9s-_MNO_Q,4,10,53.2,73.99,[53.2s] a christmas tree in the middle of a living room | [58.4s] a christmas tree in the living room | [63.6s] a man standing in front of a christmas tree | [68.8s] a christmas tree in the middle of a living room | [74.0s] a large christmas tree,The man and the girl add bulbs to the tree.,We see a man decorating a Christmas tree. The man adds a string of lights. A little girl ads bulbs to the tree. The man turns the lights on. The man and the girl add bulbs to the tree. The lady goes up and own the stairs. The lady adds ornaments to the tree. The man stands on a ladder and adds ornaments. The lady turns off the lights and the family looks at the tree together. The man and woman kiss each other.
v_xC9s-_MNO_Q,5,10,69.71,70.93,[70.3s] a christmas tree in the middle of a living room,The lady goes up and own the stairs.,We see a man decorating a Christmas tree. The man adds a string of lights. A little girl ads bulbs to the tree. The man turns the lights on. The man and the girl add bulbs to the tree. The lady goes up and own the stairs. The lady adds ornaments to the tree. The man stands on a ladder and adds ornaments. The lady turns off the lights and the family looks at the tree together. The man and woman kiss each other.
v_xC9s-_MNO_Q,6,10,71.55,102.12,[71.5s] a living room with a christmas tree in it | [76.6s] a christmas tree in the middle of a living room | [81.7s] a man standing in front of a christmas tree | [86.8s] a man standing in front of a christmas tree | [91.9s] a man standing in front of a christmas tree | [97.0s] a man standing on top of a christmas tree | [102.1s] a man standing in front of a christmas tree,The lady adds ornaments to the tree.,We see a man decorating a Christmas tree. The man adds a string of lights. A little girl ads bulbs to the tree. The man turns the lights on. The man and the girl add bulbs to the tree. The lady goes up and own the stairs. The lady adds ornaments to the tree. The man stands on a ladder and adds ornaments. The lady turns off the lights and the family looks at the tree together. The man and woman kiss each other.
v_xC9s-_MNO_Q,7,10,89.28,93.56,[91.4s] a man standing in front of a christmas tree,The man stands on a ladder and adds ornaments.,We see a man decorating a Christmas tree. The man adds a string of lights. A little girl ads bulbs to the tree. The man turns the lights on. The man and the girl add bulbs to the tree. The lady goes up and own the stairs. The lady adds ornaments to the tree. The man stands on a ladder and adds ornaments. The lady turns off the lights and the family looks at the tree together. The man and woman kiss each other.
v_xC9s-_MNO_Q,8,10,104.57,122.18873333333333,[104.6s] a man standing in front of a christmas tree | [110.4s] a man standing in front of a christmas tree | [116.3s] a person standing in front of a christmas tree | [122.2s] a christmas tree is lit up in the dark,The lady turns off the lights and the family looks at the tree together.,We see a man decorating a Christmas tree. The man adds a string of lights. A little girl ads bulbs to the tree. The man turns the lights on. The man and the girl add bulbs to the tree. The lady goes up and own the stairs. The lady adds ornaments to the tree. The man stands on a ladder and adds ornaments. The lady turns off the lights and the family looks at the tree together. The man and woman kiss each other.
v_xC9s-_MNO_Q,9,10,114.35,116.18,[115.3s] a person standing in front of a christmas tree,The man and woman kiss each other.,We see a man decorating a Christmas tree. The man adds a string of lights. A little girl ads bulbs to the tree. The man turns the lights on. The man and the girl add bulbs to the tree. The lady goes up and own the stairs. The lady adds ornaments to the tree. The man stands on a ladder and adds ornaments. The lady turns off the lights and the family looks at the tree together. The man and woman kiss each other.
v_ULZpTYSwlTs,0,4,5.02,9.2,[7.1s] a man holding a barbell on top of a stage,There are some weightlifters on stage participating in weightlifting events.,There are some weightlifters on stage participating in weightlifting events. There are several spectators watching the event. One of the weightlifters successfully lifts the weight bar high up and then drops it down. He raises his right hand feeling triumphant.
v_ULZpTYSwlTs,1,4,9.2,17.15,[13.2s] a woman holding a barbell in her hands,There are several spectators watching the event.,There are some weightlifters on stage participating in weightlifting events. There are several spectators watching the event. One of the weightlifters successfully lifts the weight bar high up and then drops it down. He raises his right hand feeling triumphant.
v_ULZpTYSwlTs,2,4,17.15,24.82,[21.0s] an image of a man lifting a barbell,One of the weightlifters successfully lifts the weight bar high up and then drops it down.,There are some weightlifters on stage participating in weightlifting events. There are several spectators watching the event. One of the weightlifters successfully lifts the weight bar high up and then drops it down. He raises his right hand feeling triumphant.
v_ULZpTYSwlTs,3,4,24.82,26.91,[25.9s] a man holding a barbell on top of his head,He raises his right hand feeling triumphant.,There are some weightlifters on stage participating in weightlifting events. There are several spectators watching the event. One of the weightlifters successfully lifts the weight bar high up and then drops it down. He raises his right hand feeling triumphant.
v_NSdBL6HqlWk,0,4,0.0,13.34,[0.0s] a band performing on stage at night time | [6.7s] a band performing on stage at night time | [13.3s] a band performing on stage at night time,A man is playing cymbals under a bright light on a stage.,"A man is playing cymbals under a bright light on a stage. He is joined by a woman on a bass drum. Then they are joined by other drummers, and a man on a huge set in the background. Lights flash as they perform in unison."
v_NSdBL6HqlWk,1,4,15.25,29.55,[15.2s] a band performing on stage at night time | [22.4s] a band performing on stage at night time | [29.6s] a group of people on stage playing instruments,He is joined by a woman on a bass drum.,"A man is playing cymbals under a bright light on a stage. He is joined by a woman on a bass drum. Then they are joined by other drummers, and a man on a huge set in the background. Lights flash as they perform in unison."
v_NSdBL6HqlWk,2,4,37.17,148.68,[37.2s] a group of people standing on top of a stage | [53.1s] a group of people standing on top of a stage | [69.0s] a group of men playing drums on stage | [85.0s] a group of men standing on a stage | [100.9s] a group of men sitting on top of a stage | [116.8s] a band performing on stage at night time | [132.8s] a man standing on top of a stage | [148.7s] a group of people on stage with blue lights,"Then they are joined by other drummers, and a man on a huge set in the background.","A man is playing cymbals under a bright light on a stage. He is joined by a woman on a bass drum. Then they are joined by other drummers, and a man on a huge set in the background. Lights flash as they perform in unison."
v_NSdBL6HqlWk,3,4,154.4,190.56,[154.4s] a group of men on stage playing instruments | [159.6s] a group of people sitting on top of a stage | [164.7s] two men playing drums on stage at night | [169.9s] two people on a stage playing instruments | [175.1s] two people on a stage playing instruments | [180.2s] two men playing drums on stage at night | [185.4s] a band performing on stage at night time | [190.6s] logo design by person for this project | design 212,Lights flash as they perform in unison.,"A man is playing cymbals under a bright light on a stage. He is joined by a woman on a bass drum. Then they are joined by other drummers, and a man on a huge set in the background. Lights flash as they perform in unison."
v_ogQozSI5V8U,0,3,0.0,7.49,[3.7s] a man is walking down the hallway in his house,We see a hallway with a wooden floor.,We see a hallway with a wooden floor. A dog in socks walks slowly out onto the floor as a lady films him. The dog turns around and goes back to the other room.
v_ogQozSI5V8U,1,3,7.49,18.09,[7.5s] a man is walking down the hallway of an apartment | [18.1s] a dog is standing in the hallway of a house,A dog in socks walks slowly out onto the floor as a lady films him.,We see a hallway with a wooden floor. A dog in socks walks slowly out onto the floor as a lady films him. The dog turns around and goes back to the other room.
v_ogQozSI5V8U,2,3,19.37,36.5,[19.4s] a dog is standing in the hallway of a house | [25.1s] a dog that is standing in the hallway | [30.8s] a dog is standing on its hinds in the hallway | [36.5s] a man is walking down the hallway in his house,The dog turns around and goes back to the other room.,We see a hallway with a wooden floor. A dog in socks walks slowly out onto the floor as a lady films him. The dog turns around and goes back to the other room.
v_H2KVO7LWU5w,0,3,0.0,51.51414309484193,[0.0s] a little boy is sitting on the ground | [7.4s] a little boy playing with a toy in the grass | [14.7s] a little boy sitting on the ground in front of a tree | [22.1s] a little boy sitting on the ground playing with a toy | [29.4s] a little boy is sitting on the ground | [36.8s] a baby is playing with a bat in the yard | [44.2s] a little boy playing with a bat in the yard | [51.5s] a little boy playing with a bat in the yard,A toddler is holding a leaf blower.,A toddler is holding a leaf blower. A teen is raking the lawn. A teen tosses a rake full of leaves at the toddler.
v_H2KVO7LWU5w,1,3,3.35,14.71,[3.4s] a little boy is sitting on the ground | [14.7s] a little boy sitting on the ground in front of a tree,A teen is raking the lawn.,A toddler is holding a leaf blower. A teen is raking the lawn. A teen tosses a rake full of leaves at the toddler.
v_H2KVO7LWU5w,2,3,44.9,47.74,[46.3s] a little boy is playing with a bat,A teen tosses a rake full of leaves at the toddler.,A toddler is holding a leaf blower. A teen is raking the lawn. A teen tosses a rake full of leaves at the toddler.
v_g7IZWqeyM20,0,3,0.0,2.95,[1.5s] england squash and rocketball,"A white intro screen appears with a red,white and black art swirl on the left side red and black words on the right that say ""England Squash&Racketball"" and the website in black at the bottom.","A white intro screen appears with a red,white and black art swirl on the left side red and black words on the right that say ""England Squash&Racketball"" and the website in black at the bottom. A man appears with a racket and he's talking to the camera as he hits a racketball then various small clips play afterwards that include him hitting the racketball as well as various other people playing, too. The outro screen appears and it's exactly like the white intro screen."
v_g7IZWqeyM20,1,3,2.95,110.81,[3.0s] england squash and cricket | [18.4s] two women are playing squash on a court | [33.8s] a man with black hair standing in front of a white wall | [49.2s] a man is playing tennis on the court | [64.6s] two men playing squash in a squash court | [80.0s] a man is seen on the roof of an office building | [95.4s] a man holding a tennis racket in his hand | [110.8s] a man is playing tennis on the court,"A man appears with a racket and he's talking to the camera as he hits a racketball then various small clips play afterwards that include him hitting the racketball as well as various other people playing, too.","A white intro screen appears with a red,white and black art swirl on the left side red and black words on the right that say ""England Squash&Racketball"" and the website in black at the bottom. A man appears with a racket and he's talking to the camera as he hits a racketball then various small clips play afterwards that include him hitting the racketball as well as various other people playing, too. The outro screen appears and it's exactly like the white intro screen."
v_g7IZWqeyM20,2,3,110.81,117.88,[114.3s] england squash and rocketball,The outro screen appears and it's exactly like the white intro screen.,"A white intro screen appears with a red,white and black art swirl on the left side red and black words on the right that say ""England Squash&Racketball"" and the website in black at the bottom. A man appears with a racket and he's talking to the camera as he hits a racketball then various small clips play afterwards that include him hitting the racketball as well as various other people playing, too. The outro screen appears and it's exactly like the white intro screen."
v_nvsK9ggeics,0,2,1.1,37.36,[1.1s] a little boy sitting on top of a drum kit | [6.3s] a little boy sitting on top of a drum kit | [11.5s] a young boy playing drums in a room | [16.6s] a little boy playing drums in a room | [21.8s] a little boy playing drums in a room | [27.0s] a little boy playing drums in a room | [32.2s] a little boy playing drums in a room | [37.4s] a little boy playing drums in a room,A young child is seen sitting behind a drum set playing the drums.,A young child is seen sitting behind a drum set playing the drums. The boy continues playing the instrument while the camera zooms in on him playing.
v_nvsK9ggeics,1,2,30.04,71.79,[30.0s] a little boy sitting on top of a drum kit | [36.0s] a young boy playing drums in a room | [42.0s] a little boy playing the drums in a room | [47.9s] a little boy playing drums in his room | [53.9s] a little boy playing drums in a room | [59.9s] a young boy sitting on top of a drum kit | [65.8s] a little boy is standing on the toilet | [71.8s] a little boy is sitting on the floor,The boy continues playing the instrument while the camera zooms in on him playing.,A young child is seen sitting behind a drum set playing the drums. The boy continues playing the instrument while the camera zooms in on him playing.
v_Lmne5ZF0McI,0,3,0.0,45.65,[0.0s] a man riding a skateboard down a sidewalk | [6.5s] a man riding a skateboard down a path | [13.0s] a person riding a skateboard down a sidewalk | [19.6s] a man riding a skateboard down a sidewalk | [26.1s] a man riding a skateboard down a sidewalk | [32.6s] a man riding on top of a skateboard | [39.1s] a man riding a skateboard down a sidewalk | [45.6s] a man is riding his bike down the street,man is jumping wearing stilts on a sidewalk.,man is jumping wearing stilts on a sidewalk. a calm green grassy field is behind the man wearinf stilts. man is wearing white sweater and stilts and is in a green grassy park.
v_Lmne5ZF0McI,1,3,0.23,45.82210242587601,[0.2s] a man riding a skateboard down a sidewalk | [6.7s] a man riding a skateboard down a path | [13.3s] a person riding a bike down a path | [19.8s] a person on a skateboard in the park | [26.3s] a man riding a skateboard down a sidewalk | [32.8s] a man riding a skateboard on top of a green field | [39.3s] a person jumping in the air on a skateboard | [45.8s] a man is riding his bike down the street,a calm green grassy field is behind the man wearinf stilts.,man is jumping wearing stilts on a sidewalk. a calm green grassy field is behind the man wearinf stilts. man is wearing white sweater and stilts and is in a green grassy park.
v_Lmne5ZF0McI,2,3,0.0,45.82210242587601,[0.0s] a man riding a skateboard down a sidewalk | [6.5s] a man riding a skateboard down a sidewalk | [13.1s] a person riding a bike down a path | [19.6s] a person riding a skateboard down a path | [26.2s] a man riding a skateboard down a sidewalk | [32.7s] a man is skateboarding in the park | [39.3s] a person jumping in the air on a skateboard | [45.8s] a man is riding his bike down the street,man is wearing white sweater and stilts and is in a green grassy park.,man is jumping wearing stilts on a sidewalk. a calm green grassy field is behind the man wearinf stilts. man is wearing white sweater and stilts and is in a green grassy park.
v_pizl41xmw7k,0,3,0.0,85.18,[0.0s] a hallway with hardwood flooring | [12.2s] a little boy is walking down the stairs | [24.3s] a young boy is standing in the hallway | [36.5s] a little girl with curly hair | [48.7s] a little boy playing with a bat on the floor | [60.8s] a little boy standing in the middle of a room | [73.0s] a small child standing on the floor | [85.2s] a little boy standing in front of a door,A child mops the floor of a hallway in a house.,A child mops the floor of a hallway in a house. The child sets the mop down and plays with her family member. The child walks into the bedroom area and continues to mop the floor.
v_pizl41xmw7k,1,3,27.53,43.02,[27.5s] a woman standing in the middle of a room | [35.3s] a little girl is sitting on the floor | [43.0s] a little girl is standing on the floor,The child sets the mop down and plays with her family member.,A child mops the floor of a hallway in a house. The child sets the mop down and plays with her family member. The child walks into the bedroom area and continues to mop the floor.
v_pizl41xmw7k,2,3,86.04,168.64,[86.0s] a small child standing in front of a door | [97.8s] a little boy standing in front of a christmas tree | [109.6s] a little girl standing in front of a mirror | [121.4s] a little boy is playing with his teddy bear | [133.2s] a little boy is playing with a baseball bat | [145.0s] a man is playing with a baby in the living room | [156.8s] a group of people standing around in a room | [168.6s] a woman is cleaning the floor with a broom,The child walks into the bedroom area and continues to mop the floor.,A child mops the floor of a hallway in a house. The child sets the mop down and plays with her family member. The child walks into the bedroom area and continues to mop the floor.
v_J8WxSDLZwu0,0,3,0.0,3.49,[1.7s] a small dog playing with a toy in the grass,This baby hits the ball and falls down.,This baby hits the ball and falls down. Then he gets back up and grabs the stick to attempt hitting the ball again. Next he falls again and gets back up while holding the stick and he grabs the ball hitting it really far.
v_J8WxSDLZwu0,1,3,3.49,10.67,[7.1s] a young boy laying on the grass,Then he gets back up and grabs the stick to attempt hitting the ball again.,This baby hits the ball and falls down. Then he gets back up and grabs the stick to attempt hitting the ball again. Next he falls again and gets back up while holding the stick and he grabs the ball hitting it really far.
v_J8WxSDLZwu0,2,3,10.67,40.95403527525387,[10.7s] a little girl is playing with her dog | [15.7s] a dog is playing with a ball in the grass | [20.8s] a young boy is playing with a soccer ball | [25.8s] a man kneeling on the ground | [30.9s] a small child playing with a baseball bat | [35.9s] a little boy standing in the grass | [41.0s] a bird is standing on the ground in the rain,Next he falls again and gets back up while holding the stick and he grabs the ball hitting it really far.,This baby hits the ball and falls down. Then he gets back up and grabs the stick to attempt hitting the ball again. Next he falls again and gets back up while holding the stick and he grabs the ball hitting it really far.
v_Vfb3LmFDols,0,5,0.0,6.51,[3.3s] a man standing on top of a wooden ramp,We see a man in BMX bike arena talking.,We see a man in BMX bike arena talking. We see people bring bikes up a ramp. We see people start when the gate opens. We then see people riding bikes. We see a man wipe dirt from his hair and turn off the camera.
v_Vfb3LmFDols,1,5,7.16,11.72,[9.4s] a group of people riding bikes at night,We see people bring bikes up a ramp.,We see a man in BMX bike arena talking. We see people bring bikes up a ramp. We see people start when the gate opens. We then see people riding bikes. We see a man wipe dirt from his hair and turn off the camera.
v_Vfb3LmFDols,2,5,11.72,25.39,[11.7s] a man riding a bike on top of a ramp | [18.6s] a man riding a skateboard on top of a ramp | [25.4s] a group of people riding bikes down a street,We see people start when the gate opens.,We see a man in BMX bike arena talking. We see people bring bikes up a ramp. We see people start when the gate opens. We then see people riding bikes. We see a man wipe dirt from his hair and turn off the camera.
v_Vfb3LmFDols,3,5,25.39,124.99,[25.4s] a group of people riding bikes down a street | [39.6s] a man riding on the back of a horse | [53.8s] a person riding on a skateboard inside of a building | [68.1s] a snowboarder riding down the side of a ramp | [82.3s] a person on a dirt bike doing tricks | [96.5s] a man riding a skateboard on top of a ramp | [110.8s] a man riding a bike on top of a ramp | [125.0s] a car is driving down the street at night,We then see people riding bikes.,We see a man in BMX bike arena talking. We see people bring bikes up a ramp. We see people start when the gate opens. We then see people riding bikes. We see a man wipe dirt from his hair and turn off the camera.
v_Vfb3LmFDols,4,5,124.99,130.06326666666666,[127.5s] an image of the inside of a building,We see a man wipe dirt from his hair and turn off the camera.,We see a man in BMX bike arena talking. We see people bring bikes up a ramp. We see people start when the gate opens. We then see people riding bikes. We see a man wipe dirt from his hair and turn off the camera.
v_TBeZXLchito,0,6,0.0,101.05,[0.0s] a car driving down the side of a road | [14.4s] a person on a skateboard riding down the road | [28.9s] a person on a skateboard riding down the road | [43.3s] a man riding on the back of a motorcycle down a road | [57.7s] a person riding on the back of a motorcycle | [72.2s] a person riding on the back of a motorcycle | [86.6s] a person riding on the back of a motorcycle | [101.0s] two people are skateboarding on a road,People skateboard in a competition on the road while bending and holding his arms back.,"People skateboard in a competition on the road while bending and holding his arms back. Then, a skateboarder opens his arms and signal others to advance. Then, the skateboarders pass on front spectators watching on side the road. People take picture to the skateboarders. A skateboarder fells on the road. People continues skateboarding in the road."
v_TBeZXLchito,1,6,101.95,103.75,[102.8s] two people are skateboarding on a road,"Then, a skateboarder opens his arms and signal others to advance.","People skateboard in a competition on the road while bending and holding his arms back. Then, a skateboarder opens his arms and signal others to advance. Then, the skateboarders pass on front spectators watching on side the road. People take picture to the skateboarders. A skateboarder fells on the road. People continues skateboarding in the road."
v_TBeZXLchito,2,6,103.75,138.04,[103.8s] two people are riding down a road in the desert | [108.6s] a person on a skateboard riding down the road | [113.5s] a person riding on the back of a skateboard | [118.4s] a person on a motorcycle riding down the road | [123.3s] a man riding a skateboard down a road | [128.2s] a man riding a skateboard down a road | [133.1s] a group of people standing on the side of a road | [138.0s] a group of people standing on top of a hill,"Then, the skateboarders pass on front spectators watching on side the road.","People skateboard in a competition on the road while bending and holding his arms back. Then, a skateboarder opens his arms and signal others to advance. Then, the skateboarders pass on front spectators watching on side the road. People take picture to the skateboarders. A skateboarder fells on the road. People continues skateboarding in the road."
v_TBeZXLchito,3,6,129.02,135.33,[132.2s] a man riding a skateboard down a hill,People take picture to the skateboarders.,"People skateboard in a competition on the road while bending and holding his arms back. Then, a skateboarder opens his arms and signal others to advance. Then, the skateboarders pass on front spectators watching on side the road. People take picture to the skateboarders. A skateboarder fells on the road. People continues skateboarding in the road."
v_TBeZXLchito,4,6,138.04,154.28,[138.0s] a group of people standing on top of a hill | [143.5s] a man riding a bike down a hill | [148.9s] a group of people are walking down the road | [154.3s] a group of people standing on the side of a road,A skateboarder fells on the road.,"People skateboard in a competition on the road while bending and holding his arms back. Then, a skateboarder opens his arms and signal others to advance. Then, the skateboarders pass on front spectators watching on side the road. People take picture to the skateboarders. A skateboarder fells on the road. People continues skateboarding in the road."
v_TBeZXLchito,5,6,154.28,167.81,[154.3s] a group of people standing on the side of a road | [161.0s] a man riding a skateboard down a road | [167.8s] a person on a skateboard riding down the road,People continues skateboarding in the road.,"People skateboard in a competition on the road while bending and holding his arms back. Then, a skateboarder opens his arms and signal others to advance. Then, the skateboarders pass on front spectators watching on side the road. People take picture to the skateboarders. A skateboarder fells on the road. People continues skateboarding in the road."
v_q-RNYziOHjE,0,4,0.0,31.46,[0.0s] a black and white photo of a woman with long hair | [5.2s] a woman with long blonde hair in front of a mirror | [10.5s] a woman with long blonde hair in front of a mirror | [15.7s] a woman with long blonde hair wearing a black turtle neck top | [21.0s] a woman with long blonde hair standing in front of a mirror | [26.2s] a woman with long blonde hair wearing a black turtle neck top | [31.5s] a woman is getting her hair done,A black female is talking to the screen with long blonde curly hair and a black sweater.,A black female is talking to the screen with long blonde curly hair and a black sweater. A blow dryer is shown and the lady then begins drying a girl's hair. The girls hair is then shown extremely curly and the young lady has trouble drying her hair. The Red by Kiss blow dryer is shown again and the lady continues drying the young lady's hair.
v_q-RNYziOHjE,1,4,31.46,62.92,[31.5s] a woman is getting her hair done | [36.7s] a woman getting her hair done at the salon | [41.9s] a woman with long blonde hair wearing a black turtle neck top | [47.2s] a woman getting her hair done at the salon | [52.4s] a woman with long blonde hair wearing a black turtle neck top | [57.7s] a hair dryer on a white background | [62.9s] a black and red hair dryer sitting on top of a white background,A blow dryer is shown and the lady then begins drying a girl's hair.,A black female is talking to the screen with long blonde curly hair and a black sweater. A blow dryer is shown and the lady then begins drying a girl's hair. The girls hair is then shown extremely curly and the young lady has trouble drying her hair. The Red by Kiss blow dryer is shown again and the lady continues drying the young lady's hair.
v_q-RNYziOHjE,2,4,62.92,115.11,[62.9s] a black and red hair dryer sitting on top of a white background | [70.4s] a pair of black combs with the words ' 3 styling attachments for hair styling | [77.8s] a woman getting her hair done at the salon | [85.3s] a woman is getting her hair done | [92.7s] a woman is blowing her hair in the bathroom | [100.2s] a woman is getting her hair done | [107.7s] a hair dryer is shown with the text | [115.1s] a woman with long blonde hair is doing her hair,The girls hair is then shown extremely curly and the young lady has trouble drying her hair.,A black female is talking to the screen with long blonde curly hair and a black sweater. A blow dryer is shown and the lady then begins drying a girl's hair. The girls hair is then shown extremely curly and the young lady has trouble drying her hair. The Red by Kiss blow dryer is shown again and the lady continues drying the young lady's hair.
v_q-RNYziOHjE,3,4,115.11,142.89275,[115.1s] a woman with long blonde hair is doing her hair | [120.7s] a woman is getting her hair done | [126.2s] a woman with long blonde hair wearing a black turtle neck top | [131.8s] a woman holding a hair dryer in her hands | [137.3s] a woman holding a box of hair dryers | [142.9s] the logo for a new company,The Red by Kiss blow dryer is shown again and the lady continues drying the young lady's hair.,A black female is talking to the screen with long blonde curly hair and a black sweater. A blow dryer is shown and the lady then begins drying a girl's hair. The girls hair is then shown extremely curly and the young lady has trouble drying her hair. The Red by Kiss blow dryer is shown again and the lady continues drying the young lady's hair.
v_eMB9L-LDK1E,0,3,0.0,52.52,[0.0s] the sink is white | [7.5s] a person using a brush to clean a sink | [15.0s] a person cleaning a sink in a bathroom | [22.5s] a man is cleaning the sink in his bathroom | [30.0s] a person cleaning a sink in a bathroom | [37.5s] the sink is white | [45.0s] a person is holding a bottle in the sink | [52.5s] the sink is dirty,A person sprays a sink and wipes it with a towel.,A person sprays a sink and wipes it with a towel. They spray a bath tub and wipe it with a towel. They spray a toilet and wipe it with a toilet.
v_eMB9L-LDK1E,1,3,52.52,83.0,[52.5s] the sink is dirty | [57.6s] a person is cleaning the bathtub in the bathroom | [62.7s] a person is using a brush to clean the toilet | [67.8s] a person is cleaning the bathtub in the bathroom | [72.8s] a man is cleaning the sink in his bathroom | [77.9s] a man is washing his hands in the bathroom | [83.0s] a bathtub that is dirty,They spray a bath tub and wipe it with a towel.,A person sprays a sink and wipes it with a towel. They spray a bath tub and wipe it with a towel. They spray a toilet and wipe it with a toilet.
v_eMB9L-LDK1E,2,3,85.59,129.66286666666667,[85.6s] a man is cleaning the toilet with a brush | [91.9s] a man is cleaning the toilet with a brush | [98.2s] a man cleaning a toilet in a bathroom | [104.5s] a man is cleaning the toilet with a brush | [110.8s] a group of people standing around a white toilet | [117.1s] a person is cleaning the toilet with a hose | [123.4s] a person is cleaning the toilet with a sponge | [129.7s] a black and white photo of the moon in the sky,They spray a toilet and wipe it with a toilet.,A person sprays a sink and wipes it with a towel. They spray a bath tub and wipe it with a towel. They spray a toilet and wipe it with a toilet.
v_NOxiMgQMeuk,0,3,0.0,24.85,[0.0s] strawberrys and leaves how to paint leaves | [5.0s] how to paint water lilies | [9.9s] a person painting on a canvas with green paint | [14.9s] a person drawing on a piece of paper | [19.9s] a person is painting on a green board | [24.9s] a person is drawing on a piece of paper,A woman is shown with a paintbrush and a piece of canvas.,"A woman is shown with a paintbrush and a piece of canvas. She uses green paint to fill in a drawing of a plant. She goes around in circles, painting the image."
v_NOxiMgQMeuk,1,3,35.32,88.29,[35.3s] an image of a leaf floating in water | [42.9s] a painting of a leaf on a piece of paper | [50.5s] a person holding up a leaf in their hand | [58.0s] how to paint a shamrock leaf | [65.6s] a person is painting a leaf on a canvas | [73.2s] a person is holding up a green leaf | [80.7s] how to draw a shamrock leaf | [88.3s] a person is painting on a canvas,She uses green paint to fill in a drawing of a plant.,"A woman is shown with a paintbrush and a piece of canvas. She uses green paint to fill in a drawing of a plant. She goes around in circles, painting the image."
v_NOxiMgQMeuk,2,3,100.72,130.73333333333332,[100.7s] a person is painting a leaf on a canvas | [105.7s] a person is painting on a canvas | [110.7s] a person is drawing on a board | [115.7s] a painting of flowers on a wall | [120.7s] a person is painting flowers on a canvas | [125.7s] a person holding a pencil in their hand | [130.7s] a black and white photo of the moon in the sky,"She goes around in circles, painting the image.","A woman is shown with a paintbrush and a piece of canvas. She uses green paint to fill in a drawing of a plant. She goes around in circles, painting the image."
v_QOlSCBRmfWY,0,3,0.83,19.86,[0.8s] a woman in a black top is standing on the floor | [7.2s] a woman is dancing in an empty room | [13.5s] a woman standing on one leg in an empty room | [19.9s] a woman is laying on the floor in an empty room,A young woman is seen standing in a room and leads into her dancing.,A young woman is seen standing in a room and leads into her dancing. The girl dances around the room while the camera captures her movements. She continues dancing around the room and ends by laying on the floor.
v_QOlSCBRmfWY,1,3,17.37,60.81,[17.4s] a woman doing a handstant on the floor | [23.6s] a woman is doing a handstant on the floor | [29.8s] a woman is sitting on the floor in an empty room | [36.0s] a woman is dancing in an empty room | [42.2s] a person doing a handstant in a room | [48.4s] a woman laying on the floor in a gym | [54.6s] a woman sitting on the floor in an empty room | [60.8s] a woman is dancing in an empty room,The girl dances around the room while the camera captures her movements.,A young woman is seen standing in a room and leads into her dancing. The girl dances around the room while the camera captures her movements. She continues dancing around the room and ends by laying on the floor.
v_QOlSCBRmfWY,2,3,56.26,79.42,[56.3s] a woman is doing a handstant on the floor | [62.0s] a woman is standing on the floor in an empty room | [67.8s] a woman is dancing in an empty room | [73.6s] a woman is sitting on the floor in an empty room | [79.4s] a woman laying on the floor in an empty room,She continues dancing around the room and ends by laying on the floor.,A young woman is seen standing in a room and leads into her dancing. The girl dances around the room while the camera captures her movements. She continues dancing around the room and ends by laying on the floor.
v_44r5SAczrOg,0,2,0.0,49.72,[0.0s] a man is playing with some rubs on the table | [7.1s] a man sitting at a table with two rubs | [14.2s] a man is holding a cube in his hands | [21.3s] a man holding a rub in his hands | [28.4s] a man is holding a toy in his hands | [35.5s] a man is holding a rub in his hands | [42.6s] a man is playing with some colorful blocks | [49.7s] a man is holding a small blue object,A person is solving a cube puzzle spinning the pieces to match the colors.,"A person is solving a cube puzzle spinning the pieces to match the colors. When, the person match all the color, points the table and puts the cube puzzle on it."
v_44r5SAczrOg,1,2,49.98,53.08,[51.5s] a man is holding up his cell phone,"When, the person match all the color, points the table and puts the cube puzzle on it.","A person is solving a cube puzzle spinning the pieces to match the colors. When, the person match all the color, points the table and puts the cube puzzle on it."
v_m7XKITsRtVw,0,4,0.0,79.68,[0.0s] a black and white photo of a woman with long hair | [11.4s] a man sitting at a table playing guitar | [22.8s] a man playing guitar in front of an rv | [34.1s] a woman holding up a sign in front of an rv | [45.5s] a person holding up a sign that reads met je mobile | [56.9s] two people sitting at a table in front of an rv | [68.3s] a woman standing in front of an rv park | [79.7s] a black and white photo of the moon in the sky,A man and a woman are drinking coffee outside next to a camper.,A man and a woman are drinking coffee outside next to a camper. The man is playing guitar. The woman walks to the camera and starts showing off paper documents. She throws the papers and walks back to the man.
v_m7XKITsRtVw,1,4,0.0,7.58,[3.8s] two people sitting at a table in front of an rv,The man is playing guitar.,A man and a woman are drinking coffee outside next to a camper. The man is playing guitar. The woman walks to the camera and starts showing off paper documents. She throws the papers and walks back to the man.
v_m7XKITsRtVw,2,4,20.33,25.52,[22.9s] two people sitting at a table in front of an rv,The woman walks to the camera and starts showing off paper documents.,A man and a woman are drinking coffee outside next to a camper. The man is playing guitar. The woman walks to the camera and starts showing off paper documents. She throws the papers and walks back to the man.
v_m7XKITsRtVw,3,4,64.19,72.16,[68.2s] a woman standing in front of an rv park,She throws the papers and walks back to the man.,A man and a woman are drinking coffee outside next to a camper. The man is playing guitar. The woman walks to the camera and starts showing off paper documents. She throws the papers and walks back to the man.
v_MGF7I9aCPPM,0,3,0.0,29.65,[0.0s] a black and white photo of the moon in the sky | [4.9s] a woman is standing in the gym with her arms outstretched | [9.9s] a woman is riding her bike in the gym | [14.8s] a group of people riding bikes in a gym | [19.8s] a group of people riding stationary bikes in a gym | [24.7s] a group of people riding bikes in a gym | [29.6s] a man and woman doing push ups in the gym,A woman in a pink shirt is riding a cycle bike.,A woman in a pink shirt is riding a cycle bike. She is then doing push ups on the ground. She does sit ups on the ground.
v_MGF7I9aCPPM,1,3,29.32,38.12,[29.3s] a group of women doing push ups in a gym | [38.1s] a group of people working out in an office,She is then doing push ups on the ground.,A woman in a pink shirt is riding a cycle bike. She is then doing push ups on the ground. She does sit ups on the ground.
v_MGF7I9aCPPM,2,3,42.03,49.19,[45.6s] a woman laying on the ground while another watches,She does sit ups on the ground.,A woman in a pink shirt is riding a cycle bike. She is then doing push ups on the ground. She does sit ups on the ground.
v_TgDzZIop_uw,0,4,5.78,41.74,[5.8s] how to change a tire | [10.9s] how to change a tire youtube | [16.1s] a yellow wheel with black spokes on it | [21.2s] how to change a tire youtube | [26.3s] how to change the brake pads on a car | [31.5s] how to change a tire on a car | [36.6s] a man is changing the tire on his car | [41.7s] an image of a man working on a yellow wheel,An unseen person demonstrates how to remove and install a tire valve on a tire using a special tool.,"An unseen person demonstrates how to remove and install a tire valve on a tire using a special tool. A pair of hands is seen yielding a metal tool over a yellow walled tire lying on a flat surface. The hand uses the metal curved tool to pluck the old tire valve out of its hole. The hand then uses a metal, black, tool to insert a new valve into the tire."
v_TgDzZIop_uw,1,4,5.78,8.3,[7.0s] a yellow wheel with black spokes on it,A pair of hands is seen yielding a metal tool over a yellow walled tire lying on a flat surface.,"An unseen person demonstrates how to remove and install a tire valve on a tire using a special tool. A pair of hands is seen yielding a metal tool over a yellow walled tire lying on a flat surface. The hand uses the metal curved tool to pluck the old tire valve out of its hole. The hand then uses a metal, black, tool to insert a new valve into the tire."
v_TgDzZIop_uw,2,4,8.55,16.34,[12.4s] a person is holding the wheel of a car,The hand uses the metal curved tool to pluck the old tire valve out of its hole.,"An unseen person demonstrates how to remove and install a tire valve on a tire using a special tool. A pair of hands is seen yielding a metal tool over a yellow walled tire lying on a flat surface. The hand uses the metal curved tool to pluck the old tire valve out of its hole. The hand then uses a metal, black, tool to insert a new valve into the tire."
v_TgDzZIop_uw,3,4,16.09,41.99,[16.1s] how to change a flat tire youtube | [21.3s] how to change a tire youtube | [26.5s] how to change a wheel | [31.6s] a yellow wheel with black spokes on it | [36.8s] how to change a tire on a car | [42.0s] a man is working on a yellow wheel,"The hand then uses a metal, black, tool to insert a new valve into the tire.","An unseen person demonstrates how to remove and install a tire valve on a tire using a special tool. A pair of hands is seen yielding a metal tool over a yellow walled tire lying on a flat surface. The hand uses the metal curved tool to pluck the old tire valve out of its hole. The hand then uses a metal, black, tool to insert a new valve into the tire."
v_hQXWnoipdFE,0,5,20.0,50.76,[20.0s] a mountain scene with the word ' s name on it | [25.1s] a black and white image of two people in the woods | [30.3s] a black and white image of a tree trunk | [35.4s] a revolution was born | [40.5s] a man climbing on the side of a mountain | [45.6s] two men standing next to a sign that says absolutely climbing | [50.8s] a man climbing up the side of a mountain,The video is represented by North Face and Cliff Bar where they show mountain climbers at Yosemite National Park.,The video is represented by North Face and Cliff Bar where they show mountain climbers at Yosemite National Park. There are several people talking about the fascination of mountain climbing. There are pictures of people wearing bandanas shown sitting on the mountain tops. There's a man who is mountain climbing on a steep slope. Another man takes a leap from the top of mountain in an attempt to bungee jump from that height.
v_hQXWnoipdFE,1,5,50.76,87.68,"[50.8s] a man climbing up the side of a mountain | [56.0s] a person walking down a snow covered street | [61.3s] an image of a mountain in the fog | [66.6s] a man with long hair wearing a red and yellow jacket | [71.9s] an image of a man in the sky with text that reads, ' i am generation ' | [77.1s] a man is rapping down the side of a cliff | [82.4s] an image of a man wearing sunglasses and smiling | [87.7s] a man sitting on top of a rock",There are several people talking about the fascination of mountain climbing.,The video is represented by North Face and Cliff Bar where they show mountain climbers at Yosemite National Park. There are several people talking about the fascination of mountain climbing. There are pictures of people wearing bandanas shown sitting on the mountain tops. There's a man who is mountain climbing on a steep slope. Another man takes a leap from the top of mountain in an attempt to bungee jump from that height.
v_hQXWnoipdFE,2,5,87.68,111.53,[87.7s] a man sitting on top of a rock | [93.6s] a man jumping off of a cliff into the water | [99.6s] a person standing on the edge of a cliff | [105.6s] a kite flying in the sky | [111.5s] an old car with the words ' and the laws of the land ',There are pictures of people wearing bandanas shown sitting on the mountain tops.,The video is represented by North Face and Cliff Bar where they show mountain climbers at Yosemite National Park. There are several people talking about the fascination of mountain climbing. There are pictures of people wearing bandanas shown sitting on the mountain tops. There's a man who is mountain climbing on a steep slope. Another man takes a leap from the top of mountain in an attempt to bungee jump from that height.
v_hQXWnoipdFE,3,5,111.53,136.91,[111.5s] an old car with the words ' and the laws of the land ' | [116.6s] a man hanging from the side of a cliff | [121.7s] a man climbing up the side of a mountain | [126.8s] an older man with grey hair and a mustache | [131.8s] a man climbing on the side of a mountain | [136.9s] the logo for valley uprising,There's a man who is mountain climbing on a steep slope.,The video is represented by North Face and Cliff Bar where they show mountain climbers at Yosemite National Park. There are several people talking about the fascination of mountain climbing. There are pictures of people wearing bandanas shown sitting on the mountain tops. There's a man who is mountain climbing on a steep slope. Another man takes a leap from the top of mountain in an attempt to bungee jump from that height.
v_hQXWnoipdFE,4,5,136.91,146.91,[136.9s] the logo for valley uprising | [146.9s] a man in a suit and tie is looking at the camera,Another man takes a leap from the top of mountain in an attempt to bungee jump from that height.,The video is represented by North Face and Cliff Bar where they show mountain climbers at Yosemite National Park. There are several people talking about the fascination of mountain climbing. There are pictures of people wearing bandanas shown sitting on the mountain tops. There's a man who is mountain climbing on a steep slope. Another man takes a leap from the top of mountain in an attempt to bungee jump from that height.
v_1VmqefkNV_8,0,3,0.0,171.8,[0.0s] a black and white photo of the moon in the sky | [24.5s] a group of people dancing in the dark | [49.1s] a group of people dancing in the dark | [73.6s] a group of people dancing in the dark | [98.2s] a group of people dancing in the dark | [122.7s] a group of people dancing in the dark | [147.3s] a group of people dancing in the dark | [171.8s] a black and white photo of the moon in the sky,A man is dancing on a stage in a yellow shirt.,A man is dancing on a stage in a yellow shirt. People in the audience watching him are dancing with him. A man walks in front of the crowd.
v_1VmqefkNV_8,1,3,12.03,171.8,[12.0s] a group of people dancing in a dark room | [34.9s] a group of people are dancing in the dark | [57.7s] a man is dancing on the dance floor | [80.5s] a person is dancing on the dance floor | [103.3s] a group of people dancing at a party | [126.2s] a group of people dancing in the dark | [149.0s] a group of people dancing in the dark | [171.8s] a black and white photo of the moon in the sky,People in the audience watching him are dancing with him.,A man is dancing on a stage in a yellow shirt. People in the audience watching him are dancing with him. A man walks in front of the crowd.
v_1VmqefkNV_8,2,3,117.73,171.8,"[117.7s] a crowd of people dancing at a nightclub | [125.5s] a group of people dancing at a nightclub | [133.2s] a group of people dancing in the dark | [140.9s] a group of people dancing in the dark | [148.6s] a group of people dancing at a nightclub | [156.4s] a group of people dancing in a dark room | [164.1s] a black background with the words, ' fines on the way ' | [171.8s] a black and white photo of the moon in the sky",A man walks in front of the crowd.,A man is dancing on a stage in a yellow shirt. People in the audience watching him are dancing with him. A man walks in front of the crowd.
v_zDPsJ3ECaTI,0,3,0.0,24.35,[0.0s] a red light shines in the dark | [4.9s] the title for zuba patrick ' s new album | [9.7s] the logo for djm ' s fiesta | [14.6s] a red and black background with the words facebook | [19.5s] a close up of an orange and purple flower | [24.4s] a group of people dancing in a dance studio,An intro starts and begins showing a group of people.,An intro starts and begins showing a group of people. Various people perform a dance routine together with an instructor performing front and center. The routine continues with the people and instructor moving around with their arms and legs doing various movements to music.
v_zDPsJ3ECaTI,1,3,24.35,205.9,[24.4s] a group of people dancing in a dance studio | [50.3s] a group of people dancing in a dance studio | [76.2s] a group of people dancing in a dance studio | [102.2s] a group of people dancing in a dance studio | [128.1s] a group of people dancing in a dance studio | [154.0s] a group of people dancing in a dance studio | [180.0s] a group of people dancing in a dance studio | [205.9s] a group of people dancing in a dance studio,Various people perform a dance routine together with an instructor performing front and center.,An intro starts and begins showing a group of people. Various people perform a dance routine together with an instructor performing front and center. The routine continues with the people and instructor moving around with their arms and legs doing various movements to music.
v_zDPsJ3ECaTI,2,3,40.96,205.9,[41.0s] a group of people dancing in a dance studio | [64.5s] a group of people dancing in a dance studio | [88.1s] a group of people dancing in a dance studio | [111.6s] a group of people dancing in a dance studio | [135.2s] a group of people dancing in a dance studio | [158.8s] a group of people dancing in a dance studio | [182.3s] a group of people dancing in a dance studio | [205.9s] a group of people dancing in a dance studio,The routine continues with the people and instructor moving around with their arms and legs doing various movements to music.,An intro starts and begins showing a group of people. Various people perform a dance routine together with an instructor performing front and center. The routine continues with the people and instructor moving around with their arms and legs doing various movements to music.
v_BFICeyu5oMM,0,3,0.0,45.4,[0.0s] a minute classic lemon logo | [6.5s] a stove with some food on top of it | [13.0s] a person is making something on the stove | [19.5s] a person is preparing food in the kitchen | [25.9s] a person is preparing food in the kitchen | [32.4s] a person is preparing food in the kitchen | [38.9s] a person is preparing food in the kitchen | [45.4s] an image of a person cooking in the kitchen,Ingredients are sitting on a wooden block.,Ingredients are sitting on a wooden block. A person starts mixing the ingredients together. Words come onto the screen at the end.
v_BFICeyu5oMM,1,3,19.61,95.97,[19.6s] a person is preparing food in the kitchen | [30.5s] a person is preparing food in the kitchen | [41.4s] a person is preparing food in the kitchen | [52.3s] a person is making some drinks on the stove | [63.2s] a person is making drinks in the kitchen | [74.2s] a person is preparing food in the kitchen | [85.1s] a person is making something on the stove | [96.0s] a person is preparing food in the kitchen,A person starts mixing the ingredients together.,Ingredients are sitting on a wooden block. A person starts mixing the ingredients together. Words come onto the screen at the end.
v_BFICeyu5oMM,2,3,102.16,103.06666666666666,[102.6s] a person is preparing food in the kitchen,Words come onto the screen at the end.,Ingredients are sitting on a wooden block. A person starts mixing the ingredients together. Words come onto the screen at the end.
v_8ClpQ4q6NmM,0,2,0.0,57.71,[0.0s] a person standing on top of a blue motorcycle | [8.2s] a man is petting a goat in the street | [16.5s] a man is washing his dog on the ground | [24.7s] a man is washing his dog in the street | [33.0s] a man is petting a dog on the street | [41.2s] a man sitting on the ground next to a dog | [49.5s] a man sitting on the ground with two dogs | [57.7s] a man sitting on the ground next to a dog,A man is seen kneeling down next to a dog scrubbing his back while another man pours water over the dog's body.,A man is seen kneeling down next to a dog scrubbing his back while another man pours water over the dog's body. The man continues scrubbing as the other pours water and ends with the dog running away.
v_8ClpQ4q6NmM,1,2,55.88,121.233,[55.9s] a man sitting on the ground next to a goat | [65.2s] a man sitting on the ground next to a dog | [74.6s] a man is petting a goat in the street | [83.9s] a man is sitting on the floor with his dog | [93.2s] a man sitting on the ground with his dog | [102.6s] a man standing in front of a door | [111.9s] a man sitting on the ground with his dog | [121.2s] a man kneeling on top of a table,The man continues scrubbing as the other pours water and ends with the dog running away.,A man is seen kneeling down next to a dog scrubbing his back while another man pours water over the dog's body. The man continues scrubbing as the other pours water and ends with the dog running away.
v_W3fKTlm1BPs,0,2,5.92,114.78,[5.9s] a white background with the words oadwesty attack on it | [21.5s] a group of men playing lacrosse on a field | [37.0s] a football game is being played on the field | [52.6s] a group of people playing soccer on a field | [68.1s] a group of men playing lacrosse on a field | [83.7s] a football game is being played on the field | [99.2s] a football game is being played on the field | [114.8s] a football game is being played on the field,An intro leads into a camera following around a lacrosse match and pausing to show off players movements.,An intro leads into a camera following around a lacrosse match and pausing to show off players movements. The game continues on as the people play and run around chasing a ball.
v_W3fKTlm1BPs,1,2,91.11,230.74,[91.1s] a football game is being played on the field | [111.1s] a football game is being played on the field | [131.0s] a football game is being played on the field | [151.0s] a group of people playing soccer on a field | [170.9s] a group of people playing soccer on a field | [190.8s] a football game is being played on the field | [210.8s] a football game is being played on the field | [230.7s] a group of young men playing soccer on a field,The game continues on as the people play and run around chasing a ball.,An intro leads into a camera following around a lacrosse match and pausing to show off players movements. The game continues on as the people play and run around chasing a ball.
v_FkQ1V0V_XCs,0,7,1.19,230.89,[1.2s] a woman with long brown hair wearing a black shirt | [34.0s] a woman sitting on the floor with long brown hair | [66.8s] a woman is getting her nails done | [99.6s] a person holding a cigarette in their hand | [132.4s] a woman ' s hands with red nail polish on her nails | [165.3s] a woman is painting her nails with red and white paint | [198.1s] a woman ' s hand holding a bottle of nail polish | [230.9s] a woman with long brown hair and red lipstick,"A lady sits and discusses, indoors.","A lady sits and discusses, indoors. The lady shows off her painted nails. The lady presents her nail polishes. The lady paints her fingernail. The puts nail polish on a folder and uses them to embellish her fingernail. The lady raises her foot and shows off her sock. The credits of the clip are shown."
v_FkQ1V0V_XCs,1,7,10.71,48.8,[10.7s] a woman with long brown hair wearing a black shirt | [16.2s] a woman pointing her finger at the camera | [21.6s] a woman ' s hand with red and black nail polish | [27.0s] a girl with long brown hair sitting on the floor | [32.5s] a young woman is sitting on the floor | [37.9s] a woman with long brown hair is sitting on the floor | [43.4s] a young girl with long brown hair wearing a black shirt | [48.8s] a woman ' s hand with red nail polish,The lady shows off her painted nails.,"A lady sits and discusses, indoors. The lady shows off her painted nails. The lady presents her nail polishes. The lady paints her fingernail. The puts nail polish on a folder and uses them to embellish her fingernail. The lady raises her foot and shows off her sock. The credits of the clip are shown."
v_FkQ1V0V_XCs,2,7,49.99,72.6,[50.0s] a person holding a bottle of red nail polish | [55.6s] a person holding an orange nail polish | [61.3s] a bottle of liquid sitting on top of a table | [66.9s] a person holding a cigarette in their hand | [72.6s] a person holding a bottle of red nail polish,The lady presents her nail polishes.,"A lady sits and discusses, indoors. The lady shows off her painted nails. The lady presents her nail polishes. The lady paints her fingernail. The puts nail polish on a folder and uses them to embellish her fingernail. The lady raises her foot and shows off her sock. The credits of the clip are shown."
v_FkQ1V0V_XCs,3,7,78.55,92.83,[78.5s] a woman ' s hands with red nail polish | [85.7s] a woman ' s hands with red nail polish | [92.8s] a woman ' s hands with red nail polish,The lady paints her fingernail.,"A lady sits and discusses, indoors. The lady shows off her painted nails. The lady presents her nail polishes. The lady paints her fingernail. The puts nail polish on a folder and uses them to embellish her fingernail. The lady raises her foot and shows off her sock. The credits of the clip are shown."
v_FkQ1V0V_XCs,4,7,104.73,192.8,[104.7s] a person using glue on a piece of paper | [117.3s] a woman is painting her nails with red nail polish | [129.9s] a woman is painting her nails with red nail polish | [142.5s] a person is using an orange nail polisher | [155.1s] a woman ' s hand with red and white nails | [167.6s] a woman ' s hand with red and white nail polish | [180.2s] a woman ' s hand with red and white nails | [192.8s] a woman is painting her nails with red nail polish,The puts nail polish on a folder and uses them to embellish her fingernail.,"A lady sits and discusses, indoors. The lady shows off her painted nails. The lady presents her nail polishes. The lady paints her fingernail. The puts nail polish on a folder and uses them to embellish her fingernail. The lady raises her foot and shows off her sock. The credits of the clip are shown."
v_FkQ1V0V_XCs,5,7,224.94,226.13,[225.5s] the woman is wearing a black shirt,The lady raises her foot and shows off her sock.,"A lady sits and discusses, indoors. The lady shows off her painted nails. The lady presents her nail polishes. The lady paints her fingernail. The puts nail polish on a folder and uses them to embellish her fingernail. The lady raises her foot and shows off her sock. The credits of the clip are shown."
v_FkQ1V0V_XCs,6,7,232.08,236.84,[234.5s] a white background with the words flow me on twitter,The credits of the clip are shown.,"A lady sits and discusses, indoors. The lady shows off her painted nails. The lady presents her nail polishes. The lady paints her fingernail. The puts nail polish on a folder and uses them to embellish her fingernail. The lady raises her foot and shows off her sock. The credits of the clip are shown."
v_0MtST08F2Xc,0,4,3.87,7.37,[5.6s] a dog is playing with a toy in the leaves,A person in blue pants is raking some fallen leaves from the ground.,"A person in blue pants is raking some fallen leaves from the ground. There is a black dog and a white dog jumping around the person raking the leaves. The white dog is trying to bite off the rake. Both the dogs are playing around the man raking the leaves, trying to bite the rake. The person is moving the rake in circles as the dogs are jumping around him."
v_0MtST08F2Xc,1,4,7.37,12.9,[10.1s] a man is standing on the ground with his dog,There is a black dog and a white dog jumping around the person raking the leaves.,"A person in blue pants is raking some fallen leaves from the ground. There is a black dog and a white dog jumping around the person raking the leaves. The white dog is trying to bite off the rake. Both the dogs are playing around the man raking the leaves, trying to bite the rake. The person is moving the rake in circles as the dogs are jumping around him."
v_0MtST08F2Xc,2,4,12.9,17.88,[15.4s] two dogs playing with a ball in the leaves,The white dog is trying to bite off the rake.,"A person in blue pants is raking some fallen leaves from the ground. There is a black dog and a white dog jumping around the person raking the leaves. The white dog is trying to bite off the rake. Both the dogs are playing around the man raking the leaves, trying to bite the rake. The person is moving the rake in circles as the dogs are jumping around him."
v_0MtST08F2Xc,3,4,17.88,27.28,[17.9s] a man is playing with two dogs in the yard | [27.3s] a woman is playing with her dog in the yard,"Both the dogs are playing around the man raking the leaves, trying to bite the rake.","A person in blue pants is raking some fallen leaves from the ground. There is a black dog and a white dog jumping around the person raking the leaves. The white dog is trying to bite off the rake. Both the dogs are playing around the man raking the leaves, trying to bite the rake. The person is moving the rake in circles as the dogs are jumping around him."
v_KpOSIph2hHw,0,7,0.0,3.76,[1.9s] the gopro logo on a black background,We see a GoPro opening screen.,We see a GoPro opening screen. We see a lady walking with a raft into a river. We see people riding rafts in the river. We see a mans's legs and the lady rides past. We see the lady handing a beverage in a can to the cameraman. The cameraman goes under a branch that is across the water. We then see the GoPro ending scene.
v_KpOSIph2hHw,1,7,3.76,10.97,[7.4s] a man is tubing down a river,We see a lady walking with a raft into a river.,We see a GoPro opening screen. We see a lady walking with a raft into a river. We see people riding rafts in the river. We see a mans's legs and the lady rides past. We see the lady handing a beverage in a can to the cameraman. The cameraman goes under a branch that is across the water. We then see the GoPro ending scene.
v_KpOSIph2hHw,2,7,11.28,58.93,[11.3s] a woman sitting on top of a rock next to a river | [18.1s] a man riding on top of a rock | [24.9s] a woman kaying down a river in the woods | [31.7s] a person is standing in the water with their feet up | [38.5s] a person in a canoe on a river | [45.3s] a river with water and trees in the background | [52.1s] two people are in a boat on the river | [58.9s] a camera in the dark,We see people riding rafts in the river.,We see a GoPro opening screen. We see a lady walking with a raft into a river. We see people riding rafts in the river. We see a mans's legs and the lady rides past. We see the lady handing a beverage in a can to the cameraman. The cameraman goes under a branch that is across the water. We then see the GoPro ending scene.
v_KpOSIph2hHw,3,7,23.82,26.64,[25.2s] a group of people sitting on rocks in the water,We see a mans's legs and the lady rides past.,We see a GoPro opening screen. We see a lady walking with a raft into a river. We see people riding rafts in the river. We see a mans's legs and the lady rides past. We see the lady handing a beverage in a can to the cameraman. The cameraman goes under a branch that is across the water. We then see the GoPro ending scene.
v_KpOSIph2hHw,4,7,30.09,38.56,[30.1s] the sun is shining through the trees | [38.6s] a person in a canoe on a river,We see the lady handing a beverage in a can to the cameraman.,We see a GoPro opening screen. We see a lady walking with a raft into a river. We see people riding rafts in the river. We see a mans's legs and the lady rides past. We see the lady handing a beverage in a can to the cameraman. The cameraman goes under a branch that is across the water. We then see the GoPro ending scene.
v_KpOSIph2hHw,5,7,47.33,51.41,[49.4s] a man is in the water near a tree,The cameraman goes under a branch that is across the water.,We see a GoPro opening screen. We see a lady walking with a raft into a river. We see people riding rafts in the river. We see a mans's legs and the lady rides past. We see the lady handing a beverage in a can to the cameraman. The cameraman goes under a branch that is across the water. We then see the GoPro ending scene.
v_KpOSIph2hHw,6,7,58.93,62.629,[60.8s] the gopro logo on a black background,We then see the GoPro ending scene.,We see a GoPro opening screen. We see a lady walking with a raft into a river. We see people riding rafts in the river. We see a mans's legs and the lady rides past. We see the lady handing a beverage in a can to the cameraman. The cameraman goes under a branch that is across the water. We then see the GoPro ending scene.
v_py4ekPd5G_k,0,3,0.0,17.56,[0.0s] a green wall with a sign that says zu | [5.9s] a flooded river with trees in the background | [11.7s] a body of water | [17.6s] the water is brown in color,Several shots of a building are shown as well as a lake surrounded by trees.,Several shots of a building are shown as well as a lake surrounded by trees. Many people are seen riding canoes and a person's feet and legs are shown. The people ride down the river while the camera pans in more landscapes and trees.
v_py4ekPd5G_k,1,3,15.41,51.6,[15.4s] the water is brown | [20.6s] the water is brown in color | [25.8s] a group of people on kays in the water | [30.9s] a dog is playing in the water with its owner | [36.1s] a group of people are rafting down the river | [41.3s] an old water tower in the middle of a park | [46.4s] a man standing on top of a tall tower | [51.6s] a river with trees and water in the background,Many people are seen riding canoes and a person's feet and legs are shown.,Several shots of a building are shown as well as a lake surrounded by trees. Many people are seen riding canoes and a person's feet and legs are shown. The people ride down the river while the camera pans in more landscapes and trees.
v_py4ekPd5G_k,2,3,50.17,71.4714,[50.2s] a man is in the water under a bridge | [55.5s] a large tree in the middle of a park | [60.8s] the sun shines through the canopy of a tree | [66.1s] an image of a tree in the woods | [71.5s] a black and white photo of the moon in the sky,The people ride down the river while the camera pans in more landscapes and trees.,Several shots of a building are shown as well as a lake surrounded by trees. Many people are seen riding canoes and a person's feet and legs are shown. The people ride down the river while the camera pans in more landscapes and trees.
v_B3ZVUyLeT84,0,4,5.35,12.49,[8.9s] a large wave in the ocean,A boy surfs in a big wave.,"A boy surfs in a big wave. A group of people lye down on surfboards in a wave. Suddenly, a boy stands an surf below the wave. Men stand in the beach holding surfboards."
v_B3ZVUyLeT84,1,4,12.49,20.23,[16.4s] a group of people surfing in the ocean,A group of people lye down on surfboards in a wave.,"A boy surfs in a big wave. A group of people lye down on surfboards in a wave. Suddenly, a boy stands an surf below the wave. Men stand in the beach holding surfboards."
v_B3ZVUyLeT84,2,4,20.52,52.35,[20.5s] a group of people surfing in the ocean | [25.8s] a large wave in the ocean | [31.1s] a man riding a wave in the ocean | [36.4s] a person on a surf board riding a wave | [41.7s] a group of people surfing in the ocean | [47.0s] a surfer riding a large wave in the ocean | [52.4s] a group of people are surfing in the ocean,"Suddenly, a boy stands an surf below the wave.","A boy surfs in a big wave. A group of people lye down on surfboards in a wave. Suddenly, a boy stands an surf below the wave. Men stand in the beach holding surfboards."
v_B3ZVUyLeT84,3,4,53.54,55.03,[54.3s] two men walking on the beach with surfboards,Men stand in the beach holding surfboards.,"A boy surfs in a big wave. A group of people lye down on surfboards in a wave. Suddenly, a boy stands an surf below the wave. Men stand in the beach holding surfboards."
v_EmlmKZ6Gi3Y,0,7,11.29,20.52,[11.3s] a group of people standing in front of a bus | [20.5s] a group of people are rafting on the river,There's a large team of participants getting ready to do engage in a water tubing activity.,There's a large team of participants getting ready to do engage in a water tubing activity. They walk down a hilly terrain to the river. They get onto their tubes and begin going down the rapids. The participants seem very calm and happy as they wave to the camera. They all begin their journey down the rapids as the water starts getting more turbulent. They continue going along the with water current as they flow steadily through the water. Then they all arrive at banks of the river where the water is calm and steady flowing.
v_EmlmKZ6Gi3Y,1,7,20.52,48.23,[20.5s] a group of people are rafting on the river | [26.1s] a group of people walking down a rocky trail | [31.6s] a group of people are rafting in the water | [37.1s] a group of people are rafting down the river | [42.7s] a group of people are rafting down the river | [48.2s] a group of people are rafting down the river,They walk down a hilly terrain to the river.,There's a large team of participants getting ready to do engage in a water tubing activity. They walk down a hilly terrain to the river. They get onto their tubes and begin going down the rapids. The participants seem very calm and happy as they wave to the camera. They all begin their journey down the rapids as the water starts getting more turbulent. They continue going along the with water current as they flow steadily through the water. Then they all arrive at banks of the river where the water is calm and steady flowing.
v_EmlmKZ6Gi3Y,2,7,48.23,82.1,[48.2s] a group of people are rafting down the river | [53.1s] a group of people are rafting down the river | [57.9s] a group of people are swimming in the water | [62.7s] a man in an orange life jacket is rafting down a river | [67.6s] a man in an inflatable raft on the river | [72.4s] a man riding on the back of a motorcycle | [77.3s] a group of people are rafting down the river | [82.1s] a group of people are rafting down the river,They get onto their tubes and begin going down the rapids.,There's a large team of participants getting ready to do engage in a water tubing activity. They walk down a hilly terrain to the river. They get onto their tubes and begin going down the rapids. The participants seem very calm and happy as they wave to the camera. They all begin their journey down the rapids as the water starts getting more turbulent. They continue going along the with water current as they flow steadily through the water. Then they all arrive at banks of the river where the water is calm and steady flowing.
v_EmlmKZ6Gi3Y,3,7,82.1,126.22,[82.1s] a group of people are rafting down the river | [88.4s] a group of people are rafting down the river | [94.7s] a man in an orange life jacket is rafting down the river | [101.0s] a group of people are rafting down the river | [107.3s] a group of people rafting down a river | [113.6s] a group of people rafting down a river | [119.9s] a group of people are rafting down a river | [126.2s] a group of people are rafting down the river,The participants seem very calm and happy as they wave to the camera.,There's a large team of participants getting ready to do engage in a water tubing activity. They walk down a hilly terrain to the river. They get onto their tubes and begin going down the rapids. The participants seem very calm and happy as they wave to the camera. They all begin their journey down the rapids as the water starts getting more turbulent. They continue going along the with water current as they flow steadily through the water. Then they all arrive at banks of the river where the water is calm and steady flowing.
v_EmlmKZ6Gi3Y,4,7,126.22,154.96,[126.2s] a group of people are rafting down the river | [131.0s] a group of people are rafting down the river | [135.8s] a group of people are rafting down the river | [140.6s] a man is rafting down a river | [145.4s] a man in an orange life jacket is rafting down a waterfall | [150.2s] a man in a red shirt is rafting down the river | [155.0s] a group of people are rafting down a river,They all begin their journey down the rapids as the water starts getting more turbulent.,There's a large team of participants getting ready to do engage in a water tubing activity. They walk down a hilly terrain to the river. They get onto their tubes and begin going down the rapids. The participants seem very calm and happy as they wave to the camera. They all begin their journey down the rapids as the water starts getting more turbulent. They continue going along the with water current as they flow steadily through the water. Then they all arrive at banks of the river where the water is calm and steady flowing.
v_EmlmKZ6Gi3Y,5,7,154.96,183.69,[155.0s] a group of people are rafting down a river | [159.7s] a group of people are rafting down a river | [164.5s] a group of people are rafting down a river | [169.3s] a man in a red shirt is rafting down a river | [174.1s] a man is rafting down a river | [178.9s] a man on an inflatable rafting down a waterfall | [183.7s] a group of people rafting down a river,They continue going along the with water current as they flow steadily through the water.,There's a large team of participants getting ready to do engage in a water tubing activity. They walk down a hilly terrain to the river. They get onto their tubes and begin going down the rapids. The participants seem very calm and happy as they wave to the camera. They all begin their journey down the rapids as the water starts getting more turbulent. They continue going along the with water current as they flow steadily through the water. Then they all arrive at banks of the river where the water is calm and steady flowing.
v_EmlmKZ6Gi3Y,6,7,183.69,188.82,[186.3s] a group of people are rafting down the river,Then they all arrive at banks of the river where the water is calm and steady flowing.,There's a large team of participants getting ready to do engage in a water tubing activity. They walk down a hilly terrain to the river. They get onto their tubes and begin going down the rapids. The participants seem very calm and happy as they wave to the camera. They all begin their journey down the rapids as the water starts getting more turbulent. They continue going along the with water current as they flow steadily through the water. Then they all arrive at banks of the river where the water is calm and steady flowing.
v_bpg2PC2neQM,0,3,0.0,32.8,[0.0s] an image of a person on a skateboard | [4.7s] an image of a man running in the street | [9.4s] an image of a baseball player hitting the ball | [14.1s] several shots of a cricket match | [18.7s] a group of men playing soccer on a field | [23.4s] a soccer game is being played on the field | [28.1s] a soccer player is trying to kick the ball | [32.8s] a soccer game is being played on the field,A black and white video is being played of people playing lacrosse on a field.,"A black and white video is being played of people playing lacrosse on a field. It then turns back to color and splits into multiple frames and speeds. The video includes numerous clips of players in lacrosse games, hitting the ball toward opposing goals."
v_bpg2PC2neQM,1,3,38.27,83.11,[38.3s] a man is hitting a ball on the field | [44.7s] two men playing a game of field hockey | [51.1s] a group of men playing field hockey on an ice rink | [57.5s] a black background with green and white stripes | [63.9s] a woman playing field hockey on an ice rink | [70.3s] a woman is playing soccer on the field | [76.7s] a group of people playing field hockey on a field | [83.1s] a man is playing soccer on the field,It then turns back to color and splits into multiple frames and speeds.,"A black and white video is being played of people playing lacrosse on a field. It then turns back to color and splits into multiple frames and speeds. The video includes numerous clips of players in lacrosse games, hitting the ball toward opposing goals."
v_bpg2PC2neQM,2,3,88.57,218.6,[88.6s] a man is playing soccer on the field | [107.1s] a man in an orange shirt is playing hockey | [125.7s] a group of people playing soccer on a field | [144.3s] a group of people playing soccer on a field | [162.9s] a group of people playing soccer on a field | [181.4s] a group of people playing soccer on a field | [200.0s] a group of people playing soccer on a field | [218.6s] a group of people playing soccer on a field,"The video includes numerous clips of players in lacrosse games, hitting the ball toward opposing goals.","A black and white video is being played of people playing lacrosse on a field. It then turns back to color and splits into multiple frames and speeds. The video includes numerous clips of players in lacrosse games, hitting the ball toward opposing goals."
v_cdiazgshHuc,0,5,0.0,3.38,[1.7s] a woman is feeding a horse in an enclosure,A girl holds up a brush and walks up to the horse.,A girl holds up a brush and walks up to the horse. The girl brushes of the coat of the horse in a stable. The girl removes the ankle braces from the horse. The girl wraps up the braces together an puts them away. A horse sticks his head out from a stable and a man watches.
v_cdiazgshHuc,1,5,3.64,14.82,[3.6s] a woman is petting a horse in an enclosure | [14.8s] a woman standing next to a brown horse,The girl brushes of the coat of the horse in a stable.,A girl holds up a brush and walks up to the horse. The girl brushes of the coat of the horse in a stable. The girl removes the ankle braces from the horse. The girl wraps up the braces together an puts them away. A horse sticks his head out from a stable and a man watches.
v_cdiazgshHuc,2,5,16.64,29.65,[16.6s] a woman is petting a horse in the stable | [23.1s] a small child standing next to a brown horse | [29.6s] a man is petting a horse in an enclosure,The girl removes the ankle braces from the horse.,A girl holds up a brush and walks up to the horse. The girl brushes of the coat of the horse in a stable. The girl removes the ankle braces from the horse. The girl wraps up the braces together an puts them away. A horse sticks his head out from a stable and a man watches.
v_cdiazgshHuc,3,5,31.47,51.49,[31.5s] a woman in purple shirt petting a horse | [36.5s] a brown horse standing inside of a stable | [41.5s] a little girl standing next to a horse | [46.5s] a blur of cars driving down a street | [51.5s] a group of people are dancing in the room,The girl wraps up the braces together an puts them away.,A girl holds up a brush and walks up to the horse. The girl brushes of the coat of the horse in a stable. The girl removes the ankle braces from the horse. The girl wraps up the braces together an puts them away. A horse sticks his head out from a stable and a man watches.
v_cdiazgshHuc,4,5,35.63,45.77,[35.6s] a blur of people walking down the street | [45.8s] a man standing in front of some cows,A horse sticks his head out from a stable and a man watches.,A girl holds up a brush and walks up to the horse. The girl brushes of the coat of the horse in a stable. The girl removes the ankle braces from the horse. The girl wraps up the braces together an puts them away. A horse sticks his head out from a stable and a man watches.
v_WltsIClflnA,0,3,0.0,13.43,[0.0s] a small child playing on the playground equipment | [6.7s] a backyard play area with swings and swings | [13.4s] a little girl is playing on the playground,kid is swinging on a playground.,kid is swinging on a playground. woman runs to the swings and sits. woman stands and foot up.
v_WltsIClflnA,1,3,13.43,59.23,"[13.4s] a little girl is playing on the playground | [20.0s] a playground area with swings, swings and slides | [26.5s] a child playing on the playground equipment | [33.1s] a little girl is playing on the playground | [39.6s] a child playing on the playground | [46.1s] a small child playing on a swing set | [52.7s] an empty playground with a swing and swings | [59.2s] a child playing in the playground area",woman runs to the swings and sits.,kid is swinging on a playground. woman runs to the swings and sits. woman stands and foot up.
v_WltsIClflnA,2,3,60.26,68.82074719668385,[60.3s] a young boy is playing on the playground | [68.8s] a small child ' s swing on the ground,woman stands and foot up.,kid is swinging on a playground. woman runs to the swings and sits. woman stands and foot up.
v_HhbTyPnFVIg,0,4,4.19,16.33,[4.2s] custom fitness now logo | [10.3s] a woman standing in front of a lake | [16.3s] a woman standing in front of a lake,A woman stand with athletic jacket in a grass covered and forested yard.,A woman stand with athletic jacket in a grass covered and forested yard. The woman enters an open workshop area. Logs are stacked upright on a chopping block. The woman uses an an ax to split the logs in half.
v_HhbTyPnFVIg,1,4,17.59,27.64,[17.6s] a woman standing on the side of a road | [27.6s] a man standing in front of a pile of wood,The woman enters an open workshop area.,A woman stand with athletic jacket in a grass covered and forested yard. The woman enters an open workshop area. Logs are stacked upright on a chopping block. The woman uses an an ax to split the logs in half.
v_HhbTyPnFVIg,2,4,30.15,53.6,[30.1s] a man is standing in front of a pile of wood | [36.0s] a man is chopping wood in the yard | [41.9s] a woman is chopping wood in the woods | [47.7s] a woman standing next to a pile of logs | [53.6s] a man standing in front of a pile of wood,Logs are stacked upright on a chopping block.,A woman stand with athletic jacket in a grass covered and forested yard. The woman enters an open workshop area. Logs are stacked upright on a chopping block. The woman uses an an ax to split the logs in half.
v_HhbTyPnFVIg,3,4,56.12,72.45,[56.1s] a woman standing in front of a pile of wood | [61.6s] a man is chopping wood in the barn | [67.0s] a woman standing in front of a pile of wood | [72.5s] a man standing in front of a pile of logs,The woman uses an an ax to split the logs in half.,A woman stand with athletic jacket in a grass covered and forested yard. The woman enters an open workshop area. Logs are stacked upright on a chopping block. The woman uses an an ax to split the logs in half.
v_BhxKjirVF4Y,0,5,8.51,17.01,[8.5s] a woman standing in front of a gym machine | [17.0s] a woman standing in front of a gym machine,A woman dressed in gym clothes is doing a tutorial on spinning in a gym.,A woman dressed in gym clothes is doing a tutorial on spinning in a gym. She is demonstrating the dumbbells that she will be using. She then demonstrates the exercise bike and continues to bike along with some other women at the gym. She explains how to do some rigorous exercise on the bike. there are several other women who are also biking on the exercise bike with her.
v_BhxKjirVF4Y,1,5,17.01,27.11,[17.0s] a woman standing in front of a gym machine | [27.1s] a woman is working out in the gym,She is demonstrating the dumbbells that she will be using.,A woman dressed in gym clothes is doing a tutorial on spinning in a gym. She is demonstrating the dumbbells that she will be using. She then demonstrates the exercise bike and continues to bike along with some other women at the gym. She explains how to do some rigorous exercise on the bike. there are several other women who are also biking on the exercise bike with her.
v_BhxKjirVF4Y,2,5,27.11,44.12,[27.1s] a woman is working out in the gym | [32.8s] a group of people riding bikes in a gym | [38.4s] a group of people riding stationary bikes in a gym | [44.1s] a woman is doing an exercise in the gym,She then demonstrates the exercise bike and continues to bike along with some other women at the gym.,A woman dressed in gym clothes is doing a tutorial on spinning in a gym. She is demonstrating the dumbbells that she will be using. She then demonstrates the exercise bike and continues to bike along with some other women at the gym. She explains how to do some rigorous exercise on the bike. there are several other women who are also biking on the exercise bike with her.
v_BhxKjirVF4Y,3,5,44.12,91.97,[44.1s] a woman is doing an exercise in the gym | [51.0s] a group of people riding stationary bikes in a gym | [57.8s] a group of people doing push ups in a gym | [64.6s] a group of people working out in a gym | [71.5s] a group of people riding bikes in a gym | [78.3s] a group of people working out in a gym | [85.1s] a group of people riding bikes in a gym | [92.0s] a group of women riding bikes in a gym,She explains how to do some rigorous exercise on the bike.,A woman dressed in gym clothes is doing a tutorial on spinning in a gym. She is demonstrating the dumbbells that she will be using. She then demonstrates the exercise bike and continues to bike along with some other women at the gym. She explains how to do some rigorous exercise on the bike. there are several other women who are also biking on the exercise bike with her.
v_BhxKjirVF4Y,4,5,91.97,106.23946666666667,[92.0s] a group of women riding bikes in a gym | [99.1s] a woman on a stationary bike in a gym | [106.2s] studio logo design for studio,there are several other women who are also biking on the exercise bike with her.,A woman dressed in gym clothes is doing a tutorial on spinning in a gym. She is demonstrating the dumbbells that she will be using. She then demonstrates the exercise bike and continues to bike along with some other women at the gym. She explains how to do some rigorous exercise on the bike. there are several other women who are also biking on the exercise bike with her.
v_kNkYgYnJTXk,0,3,1.01,46.58,[1.0s] a black background with the words canadian style radio | [7.5s] a man in a red canoe on the water | [14.0s] a man in a canoe on the water | [20.5s] an image of a person in a boat with a circle around it | [27.1s] an image of a person in a boat with a circle around it | [33.6s] an image of a person in a boat with a circle around it | [40.1s] an image of a boat in the water with a circle around it | [46.6s] a man in a canoe on the water,A person is seen in various shots riding around in a canoe and smiling off into the distance.,A person is seen in various shots riding around in a canoe and smiling off into the distance. Another person is seen sitting in a canoe and demonstrates how to properly turn around. The man continues moving along the water moving his paddle around while the camera captures his movements.
v_kNkYgYnJTXk,1,3,50.63,141.77,[50.6s] a person in a canoe on the water | [63.7s] a man in a small boat on the water | [76.7s] a man in a canoe paddles through the water | [89.7s] a man in a canoe on the water | [102.7s] a man in a boat holding onto a fish | [115.7s] how to install a pool heater | [128.8s] the man is wearing a red shirt | [141.8s] a person in a canoe on the water,Another person is seen sitting in a canoe and demonstrates how to properly turn around.,A person is seen in various shots riding around in a canoe and smiling off into the distance. Another person is seen sitting in a canoe and demonstrates how to properly turn around. The man continues moving along the water moving his paddle around while the camera captures his movements.
v_kNkYgYnJTXk,2,3,109.36,202.43556666666666,[109.4s] a man in a boat holding onto a fish | [122.7s] a person in a boat with a paddle | [136.0s] a man in a red shirt is rowing on the water | [149.2s] a person in a canoe on the water | [162.5s] a man in a canoe on the water | [175.8s] a person in a canoe on the water | [189.1s] a fish is swimming in the water | [202.4s] a black and white photo of the moon in the sky,The man continues moving along the water moving his paddle around while the camera captures his movements.,A person is seen in various shots riding around in a canoe and smiling off into the distance. Another person is seen sitting in a canoe and demonstrates how to properly turn around. The man continues moving along the water moving his paddle around while the camera captures his movements.
v_J8VMY1SPJaY,0,3,0.0,56.35,[0.0s] a black and white photo of the moon in the sky | [8.1s] a young girl in a colorful dress and headband | [16.1s] a man is standing in front of a brick wall | [24.2s] a man in a kayak paddles through the water | [32.2s] a man is climbing up the side of a mountain | [40.2s] the man is holding a fishing rod in his hand | [48.3s] a person on a surf board in the water | [56.4s] a man riding on the back of a blue motorcycle,A woman is seen speaking to the camera that leads into clips of people riding in kayaks and camels wandering around.,A woman is seen speaking to the camera that leads into clips of people riding in kayaks and camels wandering around. More clips are shown of people riding around the water in a kayak. The person paddles themselves along the water with other people riding near him.
v_J8VMY1SPJaY,1,3,65.37,176.95,[65.4s] a man riding on the back of a red car | [81.3s] a man riding on the back of a motorcycle | [97.2s] a group of people in kays on a river | [113.2s] a man riding on the back of a motorcycle | [129.1s] a person is kaying down a muddy river | [145.1s] a person is kaying down a river | [161.0s] a close up of a white flower in a vase | [176.9s] this is a pot,More clips are shown of people riding around the water in a kayak.,A woman is seen speaking to the camera that leads into clips of people riding in kayaks and camels wandering around. More clips are shown of people riding around the water in a kayak. The person paddles themselves along the water with other people riding near him.
v_J8VMY1SPJaY,2,3,126.23,215.27,[126.2s] a lion standing on top of a car | [139.0s] a man riding on the back of a boat | [151.7s] a man in a kayak paddles down a river | [164.4s] a person riding on top of a white water raft | [177.1s] a small fish swimming in the water | [189.8s] a man standing on top of a snow covered mountain | [202.6s] a man riding on top of a water slide | [215.3s] a man in a kayak paddles down a river,The person paddles themselves along the water with other people riding near him.,A woman is seen speaking to the camera that leads into clips of people riding in kayaks and camels wandering around. More clips are shown of people riding around the water in a kayak. The person paddles themselves along the water with other people riding near him.
v_c2-6_i1yV5E,0,4,0.0,140.16,[0.0s] a person holding a bat on top of a track | [20.0s] two people are flying their kites in the sky | [40.0s] a man and woman are playing golf on the court | [60.1s] a man is doing tricks on his skateboard | [80.1s] a man flying through the air on top of a parachute | [100.1s] a person riding a skateboard down a ramp | [120.1s] a man flying through the air on top of a pole | [140.2s] a person jumping in the air with their hands,Individuals run with a elongated stick and use it to elevated their bodies over a heighten hurdle.,Individuals run with a elongated stick and use it to elevated their bodies over a heighten hurdle. A guy touches the back of the individual as he lifts his body. The guy seems like he falls backs while trying to lift his body because the clip is reversed. The credits of the video are shown.
v_c2-6_i1yV5E,1,4,49.57,58.97,[49.6s] a man is doing tricks on the track | [59.0s] a man standing on top of a boat,A guy touches the back of the individual as he lifts his body.,Individuals run with a elongated stick and use it to elevated their bodies over a heighten hurdle. A guy touches the back of the individual as he lifts his body. The guy seems like he falls backs while trying to lift his body because the clip is reversed. The credits of the video are shown.
v_c2-6_i1yV5E,2,4,84.61,88.88,[86.7s] a man flying through the air on top of a pole,The guy seems like he falls backs while trying to lift his body because the clip is reversed.,Individuals run with a elongated stick and use it to elevated their bodies over a heighten hurdle. A guy touches the back of the individual as he lifts his body. The guy seems like he falls backs while trying to lift his body because the clip is reversed. The credits of the video are shown.
v_c2-6_i1yV5E,3,4,160.67,170.07,"[160.7s] a black background with the words, ' good day to wait practice ' | [170.1s] a black and white photo with the words ' good day to wait practice '",The credits of the video are shown.,Individuals run with a elongated stick and use it to elevated their bodies over a heighten hurdle. A guy touches the back of the individual as he lifts his body. The guy seems like he falls backs while trying to lift his body because the clip is reversed. The credits of the video are shown.
v_hJn5L1nrkL4,0,10,2.83,5.3,[4.1s] a table tennis player is about to hit the ball,There are two men playing table tennis in an indoor stadium.,There are two men playing table tennis in an indoor stadium. One of the players is wearing blue and the other player is in a red shirt. There is a person dressed in a black shirt seated near the players. There are several spectators seated in the stadium. They continue playing a rally for some time. The player in the red shirt misses the ball and gives his opponent a winning point. The player in blue cheers loudly after his winning point and breaks into a dance. He continues dancing and goes towards his opponent to mock him. He then goes back to the table tennis table. The man dressed on black shows the score.
v_hJn5L1nrkL4,1,10,5.3,6.37,[5.8s] a man in red shirt playing table tennis,One of the players is wearing blue and the other player is in a red shirt.,There are two men playing table tennis in an indoor stadium. One of the players is wearing blue and the other player is in a red shirt. There is a person dressed in a black shirt seated near the players. There are several spectators seated in the stadium. They continue playing a rally for some time. The player in the red shirt misses the ball and gives his opponent a winning point. The player in blue cheers loudly after his winning point and breaks into a dance. He continues dancing and goes towards his opponent to mock him. He then goes back to the table tennis table. The man dressed on black shows the score.
v_hJn5L1nrkL4,2,10,6.37,10.61,[8.5s] a man in red shirt playing table tennis,There is a person dressed in a black shirt seated near the players.,There are two men playing table tennis in an indoor stadium. One of the players is wearing blue and the other player is in a red shirt. There is a person dressed in a black shirt seated near the players. There are several spectators seated in the stadium. They continue playing a rally for some time. The player in the red shirt misses the ball and gives his opponent a winning point. The player in blue cheers loudly after his winning point and breaks into a dance. He continues dancing and goes towards his opponent to mock him. He then goes back to the table tennis table. The man dressed on black shows the score.
v_hJn5L1nrkL4,3,10,10.61,16.62,[13.6s] a man in red shirt playing table tennis,There are several spectators seated in the stadium.,There are two men playing table tennis in an indoor stadium. One of the players is wearing blue and the other player is in a red shirt. There is a person dressed in a black shirt seated near the players. There are several spectators seated in the stadium. They continue playing a rally for some time. The player in the red shirt misses the ball and gives his opponent a winning point. The player in blue cheers loudly after his winning point and breaks into a dance. He continues dancing and goes towards his opponent to mock him. He then goes back to the table tennis table. The man dressed on black shows the score.
v_hJn5L1nrkL4,4,10,16.62,22.63,[19.6s] a table tennis game with people watching,They continue playing a rally for some time.,There are two men playing table tennis in an indoor stadium. One of the players is wearing blue and the other player is in a red shirt. There is a person dressed in a black shirt seated near the players. There are several spectators seated in the stadium. They continue playing a rally for some time. The player in the red shirt misses the ball and gives his opponent a winning point. The player in blue cheers loudly after his winning point and breaks into a dance. He continues dancing and goes towards his opponent to mock him. He then goes back to the table tennis table. The man dressed on black shows the score.
v_hJn5L1nrkL4,5,10,22.63,48.8,[22.6s] a table tennis player is about to hit the ball | [27.9s] a table tennis player is about to hit the ball | [33.1s] a table tennis player in action on the court | [38.3s] a man standing on top of a table tennis court | [43.6s] a table tennis player is about to hit the ball | [48.8s] a man playing table tennis in front of a crowd,The player in the red shirt misses the ball and gives his opponent a winning point.,There are two men playing table tennis in an indoor stadium. One of the players is wearing blue and the other player is in a red shirt. There is a person dressed in a black shirt seated near the players. There are several spectators seated in the stadium. They continue playing a rally for some time. The player in the red shirt misses the ball and gives his opponent a winning point. The player in blue cheers loudly after his winning point and breaks into a dance. He continues dancing and goes towards his opponent to mock him. He then goes back to the table tennis table. The man dressed on black shows the score.
v_hJn5L1nrkL4,6,10,48.8,57.29,[48.8s] a man playing table tennis in front of a crowd | [57.3s] two men playing basketball in an indoor court,The player in blue cheers loudly after his winning point and breaks into a dance.,There are two men playing table tennis in an indoor stadium. One of the players is wearing blue and the other player is in a red shirt. There is a person dressed in a black shirt seated near the players. There are several spectators seated in the stadium. They continue playing a rally for some time. The player in the red shirt misses the ball and gives his opponent a winning point. The player in blue cheers loudly after his winning point and breaks into a dance. He continues dancing and goes towards his opponent to mock him. He then goes back to the table tennis table. The man dressed on black shows the score.
v_hJn5L1nrkL4,7,10,57.29,60.83,[59.1s] two men playing table tennis in a gymnasium,He continues dancing and goes towards his opponent to mock him.,There are two men playing table tennis in an indoor stadium. One of the players is wearing blue and the other player is in a red shirt. There is a person dressed in a black shirt seated near the players. There are several spectators seated in the stadium. They continue playing a rally for some time. The player in the red shirt misses the ball and gives his opponent a winning point. The player in blue cheers loudly after his winning point and breaks into a dance. He continues dancing and goes towards his opponent to mock him. He then goes back to the table tennis table. The man dressed on black shows the score.
v_hJn5L1nrkL4,8,10,60.83,67.19,[64.0s] a man playing table tennis in a gym,He then goes back to the table tennis table.,There are two men playing table tennis in an indoor stadium. One of the players is wearing blue and the other player is in a red shirt. There is a person dressed in a black shirt seated near the players. There are several spectators seated in the stadium. They continue playing a rally for some time. The player in the red shirt misses the ball and gives his opponent a winning point. The player in blue cheers loudly after his winning point and breaks into a dance. He continues dancing and goes towards his opponent to mock him. He then goes back to the table tennis table. The man dressed on black shows the score.
v_hJn5L1nrkL4,9,10,67.19,70.6706,[68.9s] a man sitting at a podium in front of a crowd,The man dressed on black shows the score.,There are two men playing table tennis in an indoor stadium. One of the players is wearing blue and the other player is in a red shirt. There is a person dressed in a black shirt seated near the players. There are several spectators seated in the stadium. They continue playing a rally for some time. The player in the red shirt misses the ball and gives his opponent a winning point. The player in blue cheers loudly after his winning point and breaks into a dance. He continues dancing and goes towards his opponent to mock him. He then goes back to the table tennis table. The man dressed on black shows the score.
v_LFeoVokXAFY,0,3,0.0,8.47,[0.0s] two people are playing with a ball in the yard | [8.5s] two men are playing with a toy in the backyard,A man uses a large plastic blue bat.,"A man uses a large plastic blue bat. He swings it at a pinata shaped like spongebob squarepants. He misses several times, and keeps swinging."
v_LFeoVokXAFY,1,3,11.98,50.54,[12.0s] two men are playing with a toy in the backyard | [17.5s] a man standing next to a dog in a yard | [23.0s] two boys playing with a water gun in the backyard | [28.5s] two men are playing with a ball in the backyard | [34.0s] a man holding a kite in the air | [39.5s] two men are playing with a toy in the backyard | [45.0s] a couple of men standing next to a fence | [50.5s] a man in white shirt holding a yellow sign,He swings it at a pinata shaped like spongebob squarepants.,"A man uses a large plastic blue bat. He swings it at a pinata shaped like spongebob squarepants. He misses several times, and keeps swinging."
v_LFeoVokXAFY,2,3,52.58,58.32,[55.5s] a little girl is playing with her dog in the backyard,"He misses several times, and keeps swinging.","A man uses a large plastic blue bat. He swings it at a pinata shaped like spongebob squarepants. He misses several times, and keeps swinging."
v_p1JSdZmztGk,0,3,5.6,79.57,[5.6s] the boat is white | [16.2s] a man and woman on a boat in the water | [26.7s] sailing around the world for 45 days | [37.3s] a large body of water with boats in it | [47.9s] an image of a man and woman in front of a house | [58.4s] a man in a blue shirt is talking to someone | [69.0s] the earth is shown with a line of longitudes on it | [79.6s] a man sitting next to a woman in a room,Two people are seen speaking to one another while standing on the docks as well as speak to the camera.,"Two people are seen speaking to one another while standing on the docks as well as speak to the camera. The people enjoy themselves around the are by getting their hair cut, eating food, and the man preparing a boat. Several shots are shown of a kitchen as well as people riding on the boat and still continue to speak to the camera."
v_p1JSdZmztGk,1,3,59.4,184.92,[59.4s] the earth is shown in this screenshot image | [77.3s] an image of the earth with a yellow line on it | [95.3s] a man and woman sitting at a table | [113.2s] a person holding onto a boat in the water | [131.1s] a view of the ocean from an apartment | [149.1s] a woman with long black hair standing in front of a piano | [167.0s] a man in a blue shirt is talking to two women | [184.9s] a group of people standing on top of a boat,"The people enjoy themselves around the are by getting their hair cut, eating food, and the man preparing a boat.","Two people are seen speaking to one another while standing on the docks as well as speak to the camera. The people enjoy themselves around the are by getting their hair cut, eating food, and the man preparing a boat. Several shots are shown of a kitchen as well as people riding on the boat and still continue to speak to the camera."
v_p1JSdZmztGk,2,3,163.62,219.66,[163.6s] a man in a blue shirt is talking to someone | [171.6s] a boat traveling down the water with buildings in the background | [179.6s] a group of people standing on top of a boat | [187.6s] a group of people standing on top of a boat | [195.6s] a woman is sitting on the bow of a boat | [203.6s] a man sitting on the bow of a boat | [211.7s] a man and woman on a boat in the water | [219.7s] a white flower on a black background,Several shots are shown of a kitchen as well as people riding on the boat and still continue to speak to the camera.,"Two people are seen speaking to one another while standing on the docks as well as speak to the camera. The people enjoy themselves around the are by getting their hair cut, eating food, and the man preparing a boat. Several shots are shown of a kitchen as well as people riding on the boat and still continue to speak to the camera."
v_2N129Bw1jiQ,0,2,0.0,10.42,[0.0s] two children playing with puzzles on the floor | [10.4s] a group of people are playing in the living room,Young children are seen jumping on a mat back and fourth while two older women watch them on the side.,Young children are seen jumping on a mat back and fourth while two older women watch them on the side. The boy then takes a big leap and the girl stands in front of him.
v_2N129Bw1jiQ,1,2,10.06,17.866666666666667,[14.0s] two children playing on the floor in a living room,The boy then takes a big leap and the girl stands in front of him.,Young children are seen jumping on a mat back and fourth while two older women watch them on the side. The boy then takes a big leap and the girl stands in front of him.
v_N9LTq3gYmsI,0,3,0.0,14.04,[0.0s] a view from the roof of a house | [7.0s] an airplane is flying over the snow covered ground | [14.0s] a view from the top of a snow covered roof,A group of people are sitting down at the top of a snow slide in a tube.,"A group of people are sitting down at the top of a snow slide in a tube. The person holding the camera starts his journey and he is off down the slopes of snow. As he reaches the bottom,several black mats are placed in front of him to help slow him down."
v_N9LTq3gYmsI,1,3,13.51,28.62,[13.5s] a view from the top of a ski slope | [21.1s] the snow is white | [28.6s] a snowboarder is going down the hill,The person holding the camera starts his journey and he is off down the slopes of snow.,"A group of people are sitting down at the top of a snow slide in a tube. The person holding the camera starts his journey and he is off down the slopes of snow. As he reaches the bottom,several black mats are placed in front of him to help slow him down."
v_N9LTq3gYmsI,2,3,28.8,35.467,[32.1s] a man riding a motorcycle down a dirt road,"As he reaches the bottom,several black mats are placed in front of him to help slow him down.","A group of people are sitting down at the top of a snow slide in a tube. The person holding the camera starts his journey and he is off down the slopes of snow. As he reaches the bottom,several black mats are placed in front of him to help slow him down."
v_f_mbX87xabo,0,2,0.0,17.01,[0.0s] a young boy is playing the flute | [5.7s] a young boy playing flute in his living room | [11.3s] a little girl playing the flute in her living room | [17.0s] a young boy is playing the flute,A child plays a chrome flute inside of home.,A child plays a chrome flute inside of home. The girl finishes the song and lowers the flute.
v_f_mbX87xabo,1,2,18.25,19.019,[18.6s] a little girl sitting on top of a couch,The girl finishes the song and lowers the flute.,A child plays a chrome flute inside of home. The girl finishes the song and lowers the flute.
v_RWjCwIOuzrc,0,6,0.0,13.48,"[0.0s] the logo for john lewis | [6.7s] an image of a white background with the words, ` person ' | [13.5s] a man wearing glasses standing in front of a wall",There is a man nodding in the first frame.,"There is a man nodding in the first frame. The video movies to the man putting up the wall paper by first measuring it out, lining up the pattern and putting it up on the wall. He then unscrews a light switch and pulls it out just a little, making some slits in the fabric or paper, then putting the light switch back over the new wall paper. The camera shows wall paper in a finished room, going over different rooms with different wall papers. The man is later seen measuring and marking the wall, rolling out more wall paper and putting it up on the wall. Then it shows two tables that look like they have also been wall papered."
v_RWjCwIOuzrc,1,6,13.48,49.78,[13.5s] a man wearing glasses standing in front of a wall | [18.7s] a person is measuring the wall with a tape | [23.9s] a receipt sitting on top of a box | [29.0s] how to measure a wall with tape | [34.2s] a drawing of a tree on the wall | [39.4s] a man is painting the wall with white paint | [44.6s] an image of a wall with trees on it | [49.8s] a close up of a wallpaper with trees on it,"The video movies to the man putting up the wall paper by first measuring it out, lining up the pattern and putting it up on the wall.","There is a man nodding in the first frame. The video movies to the man putting up the wall paper by first measuring it out, lining up the pattern and putting it up on the wall. He then unscrews a light switch and pulls it out just a little, making some slits in the fabric or paper, then putting the light switch back over the new wall paper. The camera shows wall paper in a finished room, going over different rooms with different wall papers. The man is later seen measuring and marking the wall, rolling out more wall paper and putting it up on the wall. Then it shows two tables that look like they have also been wall papered."
v_RWjCwIOuzrc,2,6,53.93,97.49,[53.9s] a blury image of a man ' s face | [60.2s] how to install a light switch youtube | [66.4s] how to install a wall light switch youtube | [72.6s] how to install a wallpaper | [78.8s] a person using scissors to cut the fabric | [85.0s] a person cutting through a piece of paper with scissors | [91.3s] how to install an electrical outlet | [97.5s] how to install a light switch youtube,"He then unscrews a light switch and pulls it out just a little, making some slits in the fabric or paper, then putting the light switch back over the new wall paper.","There is a man nodding in the first frame. The video movies to the man putting up the wall paper by first measuring it out, lining up the pattern and putting it up on the wall. He then unscrews a light switch and pulls it out just a little, making some slits in the fabric or paper, then putting the light switch back over the new wall paper. The camera shows wall paper in a finished room, going over different rooms with different wall papers. The man is later seen measuring and marking the wall, rolling out more wall paper and putting it up on the wall. Then it shows two tables that look like they have also been wall papered."
v_RWjCwIOuzrc,3,6,101.64,149.35,"[101.6s] a dining room with pink flowers on the wall | [108.5s] a vase filled with flowers next to a wallpaper | [115.3s] a white wall with yellow flowers on it | [122.1s] a white wall with pink flowers on it | [128.9s] a living room with a couch, chair and wallpaper | [135.7s] a living room with colorful striped wallpaper | [142.5s] a bedroom with yellow walls and white furniture | [149.3s] a man is measuring the wall with a tape","The camera shows wall paper in a finished room, going over different rooms with different wall papers.","There is a man nodding in the first frame. The video movies to the man putting up the wall paper by first measuring it out, lining up the pattern and putting it up on the wall. He then unscrews a light switch and pulls it out just a little, making some slits in the fabric or paper, then putting the light switch back over the new wall paper. The camera shows wall paper in a finished room, going over different rooms with different wall papers. The man is later seen measuring and marking the wall, rolling out more wall paper and putting it up on the wall. Then it shows two tables that look like they have also been wall papered."
v_RWjCwIOuzrc,4,6,145.2,188.76,[145.2s] a bedroom with yellow and brown striped walls | [151.4s] a person using a ruler to measure the wall | [157.6s] the man is cutting a piece of paper | [163.9s] a person cutting paper on top of a table | [170.1s] how to install a wall panel | [176.3s] a woman painting the wall with paint rollers | [182.5s] a woman standing in front of a window | [188.8s] a man standing in front of a wall,"The man is later seen measuring and marking the wall, rolling out more wall paper and putting it up on the wall.","There is a man nodding in the first frame. The video movies to the man putting up the wall paper by first measuring it out, lining up the pattern and putting it up on the wall. He then unscrews a light switch and pulls it out just a little, making some slits in the fabric or paper, then putting the light switch back over the new wall paper. The camera shows wall paper in a finished room, going over different rooms with different wall papers. The man is later seen measuring and marking the wall, rolling out more wall paper and putting it up on the wall. Then it shows two tables that look like they have also been wall papered."
v_RWjCwIOuzrc,5,6,191.87,204.31,[191.9s] pair of bedside tables | [198.1s] a black and white cabinet with flowers on it | [204.3s] the logo for john lewis ' s,Then it shows two tables that look like they have also been wall papered.,"There is a man nodding in the first frame. The video movies to the man putting up the wall paper by first measuring it out, lining up the pattern and putting it up on the wall. He then unscrews a light switch and pulls it out just a little, making some slits in the fabric or paper, then putting the light switch back over the new wall paper. The camera shows wall paper in a finished room, going over different rooms with different wall papers. The man is later seen measuring and marking the wall, rolling out more wall paper and putting it up on the wall. Then it shows two tables that look like they have also been wall papered."
v_y_HCdBEJbNE,0,6,0.0,2.43,[1.2s] a man working on a table in a room,A man puts plaster on a base.,A man puts plaster on a base. The man walks over and rubs it on the ceiling. We see the stilts the man is walking on. The camera becomes wobbly and blurry. The man bends down to grab more plaster. The man smiles and the video ends.
v_y_HCdBEJbNE,1,6,2.43,32.83,[2.4s] a man standing on top of a table in a room | [7.5s] a man is painting the wall in an empty room | [12.6s] a man is standing in the corner of a room | [17.6s] a man standing on top of a table in a room | [22.7s] a man standing on top of a wall in a room | [27.8s] a man is painting the wall in an empty room | [32.8s] a man is standing in the middle of a room,The man walks over and rubs it on the ceiling.,A man puts plaster on a base. The man walks over and rubs it on the ceiling. We see the stilts the man is walking on. The camera becomes wobbly and blurry. The man bends down to grab more plaster. The man smiles and the video ends.
v_y_HCdBEJbNE,2,6,27.36,29.79,[28.6s] a man standing on top of a table in a room,We see the stilts the man is walking on.,A man puts plaster on a base. The man walks over and rubs it on the ceiling. We see the stilts the man is walking on. The camera becomes wobbly and blurry. The man bends down to grab more plaster. The man smiles and the video ends.
v_y_HCdBEJbNE,3,6,29.79,72.96,[29.8s] a man standing on top of a table in a room | [36.0s] a man is standing in the middle of a room | [42.1s] a man is painting the ceiling in an empty room | [48.3s] a man is standing in the corner of a room | [54.5s] a man standing on top of a chair in a room | [60.6s] a man standing in front of a window | [66.8s] a man that is laying down some cardboard | [73.0s] a man that is standing in front of a window,The camera becomes wobbly and blurry.,A man puts plaster on a base. The man walks over and rubs it on the ceiling. We see the stilts the man is walking on. The camera becomes wobbly and blurry. The man bends down to grab more plaster. The man smiles and the video ends.
v_y_HCdBEJbNE,4,6,64.45,67.49,[66.0s] the man is holding a box in his hands,The man bends down to grab more plaster.,A man puts plaster on a base. The man walks over and rubs it on the ceiling. We see the stilts the man is walking on. The camera becomes wobbly and blurry. The man bends down to grab more plaster. The man smiles and the video ends.
v_y_HCdBEJbNE,5,6,115.52,121.57695939565627,[118.5s] a man standing on top of a chair in a room,The man smiles and the video ends.,A man puts plaster on a base. The man walks over and rubs it on the ceiling. We see the stilts the man is walking on. The camera becomes wobbly and blurry. The man bends down to grab more plaster. The man smiles and the video ends.
v_pZzTMUJG9Rk,0,5,4.28,201.35,[4.3s] a man in an orange shirt is playing soccer | [32.4s] a black framed mirror on a white background | [60.6s] a man in an orange shirt kicking a soccer ball | [88.7s] a couple of men playing soccer on a field | [116.9s] two men are playing with a soccer ball | [145.0s] two people playing soccer on a green field | [173.2s] an image of a soccer player on the field | [201.3s] a man kicking a soccer ball on a field,A man is playing soccer with another across a field.,A man is playing soccer with another across a field. He performs a quick turn around move with the other following close behind. The same clip is replayed over and over at slower speeds to better understand the trick. Another trick is performed and later shown in slow motion. Two more tricks are demonstrated by the duo and finally showed at a slowed down pace.
v_pZzTMUJG9Rk,1,5,10.71,37.49,[10.7s] two men are playing soccer on a field | [16.1s] two young boys playing soccer on a field | [21.4s] two men are playing soccer on a field | [26.8s] a man in a suit and tie standing next to a door | [32.1s] a black and white photo frame on a white background | [37.5s] a young boy kicking a soccer ball on the field,He performs a quick turn around move with the other following close behind.,A man is playing soccer with another across a field. He performs a quick turn around move with the other following close behind. The same clip is replayed over and over at slower speeds to better understand the trick. Another trick is performed and later shown in slow motion. Two more tricks are demonstrated by the duo and finally showed at a slowed down pace.
v_pZzTMUJG9Rk,2,5,31.06,64.26,[31.1s] two men are playing soccer on a field | [35.8s] a black and white photo of a man in the dark | [40.5s] two young boys playing soccer on a field | [45.3s] a man kicking a soccer ball on the field | [50.0s] a man in an orange shirt kicking a soccer ball | [54.8s] two men are playing soccer on a field | [59.5s] an image of a soccer player on the field | [64.3s] a black and white photo of a light fixture,The same clip is replayed over and over at slower speeds to better understand the trick.,A man is playing soccer with another across a field. He performs a quick turn around move with the other following close behind. The same clip is replayed over and over at slower speeds to better understand the trick. Another trick is performed and later shown in slow motion. Two more tricks are demonstrated by the duo and finally showed at a slowed down pace.
v_pZzTMUJG9Rk,3,5,59.98,103.89,[60.0s] a man in an orange shirt kicking a soccer ball | [66.3s] a black and white photo with the words tech | [72.5s] two boys are playing soccer on the field | [78.8s] two men are playing soccer on a field | [85.1s] two boys are playing soccer on a field | [91.3s] two men are playing soccer on a field | [97.6s] the man is running on the soccer field | [103.9s] a black framed mirror on a white background,Another trick is performed and later shown in slow motion.,A man is playing soccer with another across a field. He performs a quick turn around move with the other following close behind. The same clip is replayed over and over at slower speeds to better understand the trick. Another trick is performed and later shown in slow motion. Two more tricks are demonstrated by the duo and finally showed at a slowed down pace.
v_pZzTMUJG9Rk,4,5,104.96,214.16666666666666,[105.0s] a black and white photo with the words tech 7 | [120.6s] two men playing soccer on a green field | [136.2s] a group of people playing soccer on a field | [151.8s] a man in an orange shirt kicking a soccer ball | [167.4s] a man in an orange shirt kicking a soccer ball | [183.0s] a couple of men playing soccer on a field | [198.6s] two men are playing soccer on a field | [214.2s] a man kicking a soccer ball on the field,Two more tricks are demonstrated by the duo and finally showed at a slowed down pace.,A man is playing soccer with another across a field. He performs a quick turn around move with the other following close behind. The same clip is replayed over and over at slower speeds to better understand the trick. Another trick is performed and later shown in slow motion. Two more tricks are demonstrated by the duo and finally showed at a slowed down pace.
v_3VzXH3o88mw,0,3,0.0,56.42,[0.0s] a black and white photo of the moon in the sky | [8.1s] a close up of a food processor on a table | [16.1s] a couple of potatoes sitting on top of a counter | [24.2s] a group of people standing in a kitchen | [32.2s] a group of chefs preparing food in a kitchen | [40.3s] two people in a kitchen preparing food | [48.4s] a man is making cheese in the kitchen | [56.4s] a group of people in a kitchen preparing food,A person is seen mixing various ingredients into a blender as well as rolling rough up into a ball and speaking to the camera.,A person is seen mixing various ingredients into a blender as well as rolling rough up into a ball and speaking to the camera. The man speaks to other chefs and instructs them on how to roll a ball of rough. He then puts the dough in a machine to make spaghetti and then puts them in a plate to present.
v_3VzXH3o88mw,1,3,53.83,99.23,[53.8s] the dough is white | [60.3s] a group of chefs preparing food in a kitchen | [66.8s] a man with glasses and an apron in front of him | [73.3s] a person is putting pasta into a machine | [79.8s] a person is making pasta in the kitchen | [86.3s] a couple of chefs preparing food in a kitchen | [92.7s] a man is preparing food in the kitchen | [99.2s] a white bowl of food,The man speaks to other chefs and instructs them on how to roll a ball of rough.,A person is seen mixing various ingredients into a blender as well as rolling rough up into a ball and speaking to the camera. The man speaks to other chefs and instructs them on how to roll a ball of rough. He then puts the dough in a machine to make spaghetti and then puts them in a plate to present.
v_3VzXH3o88mw,2,3,95.98,129.64,[96.0s] a man with blonde hair | [100.8s] a white plate topped with pasta and mushrooms | [105.6s] a man with glasses looking at his laptop | [110.4s] a person is mixing some food in a bowl | [115.2s] a group of chefs preparing food in a kitchen | [120.0s] two people are preparing food in a kitchen | [124.8s] a group of chefs preparing food in a kitchen | [129.6s] a black cat sitting on top of a wooden table,He then puts the dough in a machine to make spaghetti and then puts them in a plate to present.,A person is seen mixing various ingredients into a blender as well as rolling rough up into a ball and speaking to the camera. The man speaks to other chefs and instructs them on how to roll a ball of rough. He then puts the dough in a machine to make spaghetti and then puts them in a plate to present.
v_lroya8XhuPs,0,4,0.0,49.0,[0.0s] a black and white photo of a person in the dark | [7.0s] a woman in a red top is holding a volleyball ball | [14.0s] a woman standing on top of a sandy beach | [21.0s] a group of people standing on top of a sandy beach | [28.0s] a group of people standing on top of a beach | [35.0s] a group of people standing on top of a sandy beach | [42.0s] a group of people standing on top of a sandy beach | [49.0s] two women are playing volleyball on the beach,woman is standing talking to the camera holding a microphone and interviewing voleyball players.,woman is standing talking to the camera holding a microphone and interviewing voleyball players. men are standing in a sandy field being interviewed. men are in sandy field showing he girl how to play beach soccer. woman is sin front of the net talking to the camera.
v_lroya8XhuPs,1,4,16.96,49.0,[17.0s] a woman holding a microphone while standing in the sand | [21.5s] a group of people standing on top of a sandy beach | [26.1s] a group of men playing beach volleyball in the sand | [30.7s] a woman is talking to two men on the beach | [35.3s] a group of people standing on top of a beach | [39.8s] a woman is talking to two men on the beach | [44.4s] a man and woman on the beach talking to one another | [49.0s] two women are playing volleyball on the beach,men are standing in a sandy field being interviewed.,woman is standing talking to the camera holding a microphone and interviewing voleyball players. men are standing in a sandy field being interviewed. men are in sandy field showing he girl how to play beach soccer. woman is sin front of the net talking to the camera.
v_lroya8XhuPs,2,4,49.0,170.55,[49.0s] two women are playing volleyball on the beach | [66.4s] two people are playing with a ball in the sand | [83.7s] a man and woman playing volleyball in the sand | [101.1s] a man and woman playing volleyball in the sand | [118.5s] a small child playing with a ball in the sand | [135.8s] two men are playing volleyball in the sand | [153.2s] a woman in a red bikini is posing for the camera | [170.6s] a soccer game is being played on the field,men are in sandy field showing he girl how to play beach soccer.,woman is standing talking to the camera holding a microphone and interviewing voleyball players. men are standing in a sandy field being interviewed. men are in sandy field showing he girl how to play beach soccer. woman is sin front of the net talking to the camera.
v_lroya8XhuPs,3,4,170.55,188.36,[170.6s] a soccer game is being played on the field | [176.5s] a woman standing in front of a soccer goal | [182.4s] a soccer goal with the net attached to it | [188.4s] the logo for tv,woman is sin front of the net talking to the camera.,woman is standing talking to the camera holding a microphone and interviewing voleyball players. men are standing in a sandy field being interviewed. men are in sandy field showing he girl how to play beach soccer. woman is sin front of the net talking to the camera.
v_blSOfdlqJtY,0,3,4.48,45.36,[4.5s] a group of people playing on an inflatable | [10.3s] a group of people playing on an inflatable | [16.2s] an image of a person dancing on the floor | [22.0s] a close up of a person ' s hand holding a knife | [27.8s] a train that is sitting on the tracks | [33.7s] a group of people playing in an indoor tram tram | [39.5s] a man is jumping on an inflatable | [45.4s] a person jumping on an inflatable tram tram,A large group of people are seen playing around a gymnasium throwing balls at one another and bouncing around.,A large group of people are seen playing around a gymnasium throwing balls at one another and bouncing around. The people continue throwing balls when one hits the camera and shows a persons face. The game continues on with the people throwing balls around and people watching on the sides.
v_blSOfdlqJtY,1,3,36.4,78.95,[36.4s] a group of people playing in an indoor tram tram | [42.5s] a group of people are playing on tram trams | [48.6s] a man is jumping on the tram tram tram | [54.6s] a group of people are playing on tram trams | [60.7s] a man is jumping on an inflatable | [66.8s] a small yellow boat is in the water | [72.9s] a yellow and black inflatable is on the ground | [79.0s] a man is jumping on an obstacle in the gym,The people continue throwing balls when one hits the camera and shows a persons face.,A large group of people are seen playing around a gymnasium throwing balls at one another and bouncing around. The people continue throwing balls when one hits the camera and shows a persons face. The game continues on with the people throwing balls around and people watching on the sides.
v_blSOfdlqJtY,2,3,53.76,108.07,[53.8s] a man is jumping on an obstacle | [61.5s] a small yellow and blue inflatable boat | [69.3s] a man is jumping on an inflatable tram | [77.0s] a man is jumping on an inflatable course | [84.8s] a man is jumping on an inflatable | [92.6s] a man is jumping on an obstacle course | [100.3s] a man is jumping on an inflatable | [108.1s] an image of a yellow boat in the water,The game continues on with the people throwing balls around and people watching on the sides.,A large group of people are seen playing around a gymnasium throwing balls at one another and bouncing around. The people continue throwing balls when one hits the camera and shows a persons face. The game continues on with the people throwing balls around and people watching on the sides.
v_UxlDSfC7S-0,0,4,0.0,7.04,[3.5s] a bag of salt sitting on top of a table,A bag of Spill Master Absorbant is shown on the screen.,A bag of Spill Master Absorbant is shown on the screen. A man stands in a warehouse talking to the camera and pours some liquid on the ground. He takes a bowl of some material and sprinkled it over the spills. He then sweeps up the material with a broom and dust pan.
v_UxlDSfC7S-0,1,4,7.04,44.56,[7.0s] a man in a warehouse with lots of boxes | [12.4s] a man in a warehouse with lots of boxes | [17.8s] a man walking through a warehouse filled with boxes | [23.1s] a man walking through a warehouse filled with boxes | [28.5s] a man is walking through a large warehouse filled with boxes | [33.8s] a man in a warehouse with lots of boxes | [39.2s] a man in a warehouse with boxes on the floor | [44.6s] a man in a warehouse with boxes on the floor,A man stands in a warehouse talking to the camera and pours some liquid on the ground.,A bag of Spill Master Absorbant is shown on the screen. A man stands in a warehouse talking to the camera and pours some liquid on the ground. He takes a bowl of some material and sprinkled it over the spills. He then sweeps up the material with a broom and dust pan.
v_UxlDSfC7S-0,2,4,44.56,84.42,[44.6s] a man in a warehouse with boxes on the floor | [50.3s] a man walking through a warehouse filled with boxes | [55.9s] a man in a warehouse with boxes on the floor | [61.6s] a man in a warehouse with boxes on the floor | [67.3s] a man in a warehouse with boxes on the floor | [73.0s] a man in a warehouse with boxes on the floor | [78.7s] a man walking through a warehouse filled with boxes | [84.4s] a man in a warehouse with boxes on the floor,He takes a bowl of some material and sprinkled it over the spills.,A bag of Spill Master Absorbant is shown on the screen. A man stands in a warehouse talking to the camera and pours some liquid on the ground. He takes a bowl of some material and sprinkled it over the spills. He then sweeps up the material with a broom and dust pan.
v_UxlDSfC7S-0,3,4,84.42,156.2561,[84.4s] a man in a warehouse with boxes on the floor | [94.7s] a man standing in a warehouse with boxes on the floor | [104.9s] a man is standing in the middle of a warehouse | [115.2s] a man is cleaning the floor in a warehouse | [125.5s] a man is cleaning the floor in a warehouse | [135.7s] a man is cleaning the floor in a warehouse | [146.0s] a man is standing in the middle of a warehouse | [156.3s] a man is standing in the middle of a warehouse,He then sweeps up the material with a broom and dust pan.,A bag of Spill Master Absorbant is shown on the screen. A man stands in a warehouse talking to the camera and pours some liquid on the ground. He takes a bowl of some material and sprinkled it over the spills. He then sweeps up the material with a broom and dust pan.
v_WvxwmaDFGqk,0,3,0.0,1.32,[0.7s] a black background with the words please count your physician before take your therapy questions,A man is seen kneeling in a gym.,A man is seen kneeling in a gym. He leans forward several times. He is performing slow stretching moves.
v_WvxwmaDFGqk,1,3,1.78,7.36,[4.6s] a man kneeling on the ground while doing an exercise,He leans forward several times.,A man is seen kneeling in a gym. He leans forward several times. He is performing slow stretching moves.
v_WvxwmaDFGqk,2,3,7.82,11.344666666666667,[9.6s] a man squats in front of a drawing,He is performing slow stretching moves.,A man is seen kneeling in a gym. He leans forward several times. He is performing slow stretching moves.
v_HHDMFrN7vFs,1,2,0.09,4.437766666666667,[2.3s] a man is working out on an exercise machine,He is moving his legs on the pedals.,A man in a red shirt is sitting at an exercise bike. He is moving his legs on the pedals. There are other bikes next to him.
v_HHDMFrN7vFs,2,2,0.18,4.437766666666667,[2.3s] a man sitting on an exercise bike in the gym,There are other bikes next to him.,A man in a red shirt is sitting at an exercise bike. He is moving his legs on the pedals. There are other bikes next to him.
v_jUPbimyUndA,0,4,0.0,4.88,[2.4s] a woman in yellow dress walking down the street,woman is walking wearing a bikini and eating a chocolate is snowy day.,woman is walking wearing a bikini and eating a chocolate is snowy day. people are in sidewalk watching the girl walks. woman is in a restaurant wearing a bikini and two aiter are watching her. woman walks in a airport eating a restaurant.
v_jUPbimyUndA,1,4,0.0,4.58,[2.3s] a woman in yellow dress walking down the street,people are in sidewalk watching the girl walks.,woman is walking wearing a bikini and eating a chocolate is snowy day. people are in sidewalk watching the girl walks. woman is in a restaurant wearing a bikini and two aiter are watching her. woman walks in a airport eating a restaurant.
v_jUPbimyUndA,2,4,4.58,12.84,[4.6s] a woman in yellow bikinis walking down the street | [12.8s] an image of a chocolate bar and some chocolate bars,woman is in a restaurant wearing a bikini and two aiter are watching her.,woman is walking wearing a bikini and eating a chocolate is snowy day. people are in sidewalk watching the girl walks. woman is in a restaurant wearing a bikini and two aiter are watching her. woman walks in a airport eating a restaurant.
v_jUPbimyUndA,3,4,12.93,19.84,[16.4s] a naked woman standing in front of a train,woman walks in a airport eating a restaurant.,woman is walking wearing a bikini and eating a chocolate is snowy day. people are in sidewalk watching the girl walks. woman is in a restaurant wearing a bikini and two aiter are watching her. woman walks in a airport eating a restaurant.
v_0_xap_BBDrw,0,2,0.72,48.02,[0.7s] a man is playing with a basketball ball | [7.5s] a little girl is standing in the middle of an empty room | [14.2s] a person is walking in an empty room | [21.0s] a man wearing a red shirt | [27.7s] a man playing basketball in an empty room | [34.5s] a man playing with a basketball ball in an empty room | [41.3s] a man in red shirt and black pants playing with a ball | [48.0s] the man is wearing a red shirt,"An old man with gray hair, wearing red shirt and black pants is dribbling the ball in an indoor court, he dribbled the ball side by side, between his legs.","An old man with gray hair, wearing red shirt and black pants is dribbling the ball in an indoor court, he dribbled the ball side by side, between his legs. He shoot the ball into the ring, then start dribbling again to side to side and between his legs, and shoot the ball into the ring."
v_0_xap_BBDrw,1,2,27.61,48.02,[27.6s] a man standing in an empty room | [32.7s] a man playing basketball in an empty room | [37.8s] a basketball hoop hanging from the ceiling | [42.9s] a man is playing with a ball in an empty room | [48.0s] the man is wearing a red shirt,"He shoot the ball into the ring, then start dribbling again to side to side and between his legs, and shoot the ball into the ring.","An old man with gray hair, wearing red shirt and black pants is dribbling the ball in an indoor court, he dribbled the ball side by side, between his legs. He shoot the ball into the ring, then start dribbling again to side to side and between his legs, and shoot the ball into the ring."
v_fzp5ooc727c,0,9,0.0,14.83,[0.0s] a black and white image of the title for the film ' s title | [7.4s] a group of people walking down a street | [14.8s] a group of men walking down the street,Two lines of young men are walking side by side down a road.,"Two lines of young men are walking side by side down a road. Then one man stands in a field holding a wooden object and begins twisting it. He then bends down and grabs a ball. After,the ball is placed on the ground and he picks it up and hits it as if he's playing baseball. The ball is thrown back and he its it again. Shortly after, a field of men are shown and they begin playing a game against one another. There was a penalty and one players attempts to hit the ball into the goal from the side. After,everyone is pictured lying down on the ground as if they are dead but one person begins to sit up but gets hit in the head by the ball and lays back down. Lastly,the screen flashes to a black screen and the words The End are shown."
v_fzp5ooc727c,1,9,15.57,32.63,[15.6s] a group of men walking down the street | [21.3s] an old black and white photo of a man playing golf | [26.9s] a man holding a baseball bat in his hand | [32.6s] a black and white photo of a person holding a baseball bat,Then one man stands in a field holding a wooden object and begins twisting it.,"Two lines of young men are walking side by side down a road. Then one man stands in a field holding a wooden object and begins twisting it. He then bends down and grabs a ball. After,the ball is placed on the ground and he picks it up and hits it as if he's playing baseball. The ball is thrown back and he its it again. Shortly after, a field of men are shown and they begin playing a game against one another. There was a penalty and one players attempts to hit the ball into the goal from the side. After,everyone is pictured lying down on the ground as if they are dead but one person begins to sit up but gets hit in the head by the ball and lays back down. Lastly,the screen flashes to a black screen and the words The End are shown."
v_fzp5ooc727c,2,9,32.63,44.5,[32.6s] a black and white photo of a person holding a baseball bat | [44.5s] a black and white photo of a man holding a baseball bat,He then bends down and grabs a ball.,"Two lines of young men are walking side by side down a road. Then one man stands in a field holding a wooden object and begins twisting it. He then bends down and grabs a ball. After,the ball is placed on the ground and he picks it up and hits it as if he's playing baseball. The ball is thrown back and he its it again. Shortly after, a field of men are shown and they begin playing a game against one another. There was a penalty and one players attempts to hit the ball into the goal from the side. After,everyone is pictured lying down on the ground as if they are dead but one person begins to sit up but gets hit in the head by the ball and lays back down. Lastly,the screen flashes to a black screen and the words The End are shown."
v_fzp5ooc727c,3,9,44.5,65.26,[44.5s] a black and white photo of a man holding a baseball bat | [49.7s] a black and white photo of a man playing baseball | [54.9s] a black and white photo of a man playing golf | [60.1s] a man swinging a bat at a baseball game | [65.3s] a black and white photo of a man playing baseball,"After,the ball is placed on the ground and he picks it up and hits it as if he's playing baseball.","Two lines of young men are walking side by side down a road. Then one man stands in a field holding a wooden object and begins twisting it. He then bends down and grabs a ball. After,the ball is placed on the ground and he picks it up and hits it as if he's playing baseball. The ball is thrown back and he its it again. Shortly after, a field of men are shown and they begin playing a game against one another. There was a penalty and one players attempts to hit the ball into the goal from the side. After,everyone is pictured lying down on the ground as if they are dead but one person begins to sit up but gets hit in the head by the ball and lays back down. Lastly,the screen flashes to a black screen and the words The End are shown."
v_fzp5ooc727c,4,9,66.74,72.68,[69.7s] an old black and white photo of a man playing baseball,The ball is thrown back and he its it again.,"Two lines of young men are walking side by side down a road. Then one man stands in a field holding a wooden object and begins twisting it. He then bends down and grabs a ball. After,the ball is placed on the ground and he picks it up and hits it as if he's playing baseball. The ball is thrown back and he its it again. Shortly after, a field of men are shown and they begin playing a game against one another. There was a penalty and one players attempts to hit the ball into the goal from the side. After,everyone is pictured lying down on the ground as if they are dead but one person begins to sit up but gets hit in the head by the ball and lays back down. Lastly,the screen flashes to a black screen and the words The End are shown."
v_fzp5ooc727c,5,9,74.16,107.53,[74.2s] an old photo of a man playing tennis | [78.9s] a black and white photo of a man swinging a tennis racket | [83.7s] a black and white photo of a man playing baseball | [88.5s] two men are playing baseball in the street | [93.2s] a black and white photo of two men playing golf | [98.0s] a black and white photo of a man playing baseball | [102.8s] a group of men playing soccer on a field | [107.5s] a black and white photo of a man swinging a bat,"Shortly after, a field of men are shown and they begin playing a game against one another.","Two lines of young men are walking side by side down a road. Then one man stands in a field holding a wooden object and begins twisting it. He then bends down and grabs a ball. After,the ball is placed on the ground and he picks it up and hits it as if he's playing baseball. The ball is thrown back and he its it again. Shortly after, a field of men are shown and they begin playing a game against one another. There was a penalty and one players attempts to hit the ball into the goal from the side. After,everyone is pictured lying down on the ground as if they are dead but one person begins to sit up but gets hit in the head by the ball and lays back down. Lastly,the screen flashes to a black screen and the words The End are shown."
v_fzp5ooc727c,6,9,106.05,130.52,[106.0s] a group of men playing baseball on a field | [110.9s] a black and white photo of two men playing soccer | [115.8s] a black and white photo of a baseball game | [120.7s] a black and white photo of two men playing soccer | [125.6s] a group of people swimming in the water | [130.5s] a group of men diving in the water,There was a penalty and one players attempts to hit the ball into the goal from the side.,"Two lines of young men are walking side by side down a road. Then one man stands in a field holding a wooden object and begins twisting it. He then bends down and grabs a ball. After,the ball is placed on the ground and he picks it up and hits it as if he's playing baseball. The ball is thrown back and he its it again. Shortly after, a field of men are shown and they begin playing a game against one another. There was a penalty and one players attempts to hit the ball into the goal from the side. After,everyone is pictured lying down on the ground as if they are dead but one person begins to sit up but gets hit in the head by the ball and lays back down. Lastly,the screen flashes to a black screen and the words The End are shown."
v_fzp5ooc727c,7,9,129.78,137.94,[129.8s] a group of people swimming in the water | [137.9s] a man sitting on top of a rock,"After,everyone is pictured lying down on the ground as if they are dead but one person begins to sit up but gets hit in the head by the ball and lays back down.","Two lines of young men are walking side by side down a road. Then one man stands in a field holding a wooden object and begins twisting it. He then bends down and grabs a ball. After,the ball is placed on the ground and he picks it up and hits it as if he's playing baseball. The ball is thrown back and he its it again. Shortly after, a field of men are shown and they begin playing a game against one another. There was a penalty and one players attempts to hit the ball into the goal from the side. After,everyone is pictured lying down on the ground as if they are dead but one person begins to sit up but gets hit in the head by the ball and lays back down. Lastly,the screen flashes to a black screen and the words The End are shown."
v_fzp5ooc727c,8,9,137.94,148.24,[137.9s] a man sitting on top of a rock | [148.2s] a black and white logo for the end,"Lastly,the screen flashes to a black screen and the words The End are shown.","Two lines of young men are walking side by side down a road. Then one man stands in a field holding a wooden object and begins twisting it. He then bends down and grabs a ball. After,the ball is placed on the ground and he picks it up and hits it as if he's playing baseball. The ball is thrown back and he its it again. Shortly after, a field of men are shown and they begin playing a game against one another. There was a penalty and one players attempts to hit the ball into the goal from the side. After,everyone is pictured lying down on the ground as if they are dead but one person begins to sit up but gets hit in the head by the ball and lays back down. Lastly,the screen flashes to a black screen and the words The End are shown."
v_iM-HdlplAhw,0,3,0.0,3.07,[1.5s] a man is doing a trick on a bike,A child is seen handing onto a set of monkey bars while children running around.,A child is seen handing onto a set of monkey bars while children running around. The girl then begins climbing across the set of monkey bars. She climbs all the way to the end and jumps off the side.
v_iM-HdlplAhw,1,3,2.5,11.82,[2.5s] a woman is doing an exercise on the monkey bars | [11.8s] a man in black shirt and shorts playing with a basketball hoop,The girl then begins climbing across the set of monkey bars.,A child is seen handing onto a set of monkey bars while children running around. The girl then begins climbing across the set of monkey bars. She climbs all the way to the end and jumps off the side.
v_iM-HdlplAhw,2,3,10.0,22.16,[10.0s] a woman is doing an exercise in the park | [16.1s] a young boy is playing on the playground equipment | [22.2s] a man standing on top of a red structure,She climbs all the way to the end and jumps off the side.,A child is seen handing onto a set of monkey bars while children running around. The girl then begins climbing across the set of monkey bars. She climbs all the way to the end and jumps off the side.
v_jzDXtd0__DM,0,3,0.0,33.41,[0.0s] a close up of a yellow and blue sign | [4.8s] a person wearing blue jeans and black shoes | [9.5s] a man and woman standing next to each other people | [14.3s] a man and woman standing next to each other people | [19.1s] a woman standing on top of a boat | [23.9s] a man and woman standing next to each other people | [28.6s] a man is riding in the back seat of a car | [33.4s] a man and woman in the cockpit of a plane,A close up of a sign is seen followed by a young couple looking to the camera.,A close up of a sign is seen followed by a young couple looking to the camera. Other people are seen standing on the side and watching the other two. The coupe hold on and then jump off the side while the others stand and watch.
v_jzDXtd0__DM,1,3,30.7,112.86,[30.7s] a man and woman are kissing in the air | [42.4s] a man and woman on a swing ride | [54.2s] a group of people standing on top of a mountain | [65.9s] a man and woman are posing for the camera | [77.6s] a man and woman are kissing in the air | [89.4s] a man climbing up the side of a mountain | [101.1s] a group of people standing on top of a boat | [112.9s] a man holding a little girl in his arms,Other people are seen standing on the side and watching the other two.,A close up of a sign is seen followed by a young couple looking to the camera. Other people are seen standing on the side and watching the other two. The coupe hold on and then jump off the side while the others stand and watch.
v_jzDXtd0__DM,2,3,107.45,174.26,[107.5s] a group of people standing on top of a boat | [117.0s] a group of people riding on top of a parachute | [126.5s] a group of people standing on top of a building | [136.1s] a group of people standing on top of a pole | [145.6s] a man is holding a football in the air | [155.2s] a red laser is seen in the water | [164.7s] a man riding on the back of a bus | [174.3s] two young boys riding on a roller coaster,The coupe hold on and then jump off the side while the others stand and watch.,A close up of a sign is seen followed by a young couple looking to the camera. Other people are seen standing on the side and watching the other two. The coupe hold on and then jump off the side while the others stand and watch.
v_iiY3TE2O1QE,0,3,0.0,3.49,[1.7s] a large cloud is seen in the sky,A camera is held by someone under water and swimming in the ocean.,A camera is held by someone under water and swimming in the ocean. It pans to several shots of men playing soccer on a beach and kick the ball around. The camera pans over the ball followed by several more shots of the man playing.
v_iiY3TE2O1QE,1,3,3.3,16.88,[3.3s] a person riding a surf board on top of a wave | [10.1s] two men in yellow vests on the beach | [16.9s] a group of people running on the beach,It pans to several shots of men playing soccer on a beach and kick the ball around.,A camera is held by someone under water and swimming in the ocean. It pans to several shots of men playing soccer on a beach and kick the ball around. The camera pans over the ball followed by several more shots of the man playing.
v_iiY3TE2O1QE,2,3,16.1,38.733333333333334,[16.1s] a group of people running on the beach | [21.8s] a group of people are playing on the beach | [27.4s] a man flying a kite on the beach at sunset | [33.1s] a beach with people on it and the sun setting | [38.7s] a black and white photo of the moon in the sky,The camera pans over the ball followed by several more shots of the man playing.,A camera is held by someone under water and swimming in the ocean. It pans to several shots of men playing soccer on a beach and kick the ball around. The camera pans over the ball followed by several more shots of the man playing.
v_VM-ldOw7e4Y,0,5,0.0,31.19,[0.0s] a black and white photo of the moon in the sky | [5.2s] an image of a man walking on a track | [10.4s] the greatest long jump performance of all time | [15.6s] an image of a man running on the track | [20.8s] an image of a tv screen with people in the background | [26.0s] an image of a person jumping in the air | [31.2s] a bull that is laying down on the ground,"An athlete prepares to perform long jump in a stadium full of people, then a white male runs and jumps high to land in the sand.","An athlete prepares to perform long jump in a stadium full of people, then a white male runs and jumps high to land in the sand. Also, three black males runs fast and jump high to perform long jump. Also, a white male perform long jump, as well two black men do long jumps. A score board shows and score, while a person stands walk away, and takes off his sweet sweater. A black male jumps high happy a runs celebrating his triumph."
v_VM-ldOw7e4Y,1,5,31.19,86.9,[31.2s] a bull that is laying down on the ground | [39.1s] an image of a basketball player standing on the court | [47.1s] an image of a basketball player on the court | [55.1s] a man is standing in front of a crowd | [63.0s] an image of a man running on a track | [71.0s] a baseball player is running on the field | [78.9s] an image of a man running on the field | [86.9s] a baseball game is being played on the field,"Also, three black males runs fast and jump high to perform long jump.","An athlete prepares to perform long jump in a stadium full of people, then a white male runs and jumps high to land in the sand. Also, three black males runs fast and jump high to perform long jump. Also, a white male perform long jump, as well two black men do long jumps. A score board shows and score, while a person stands walk away, and takes off his sweet sweater. A black male jumps high happy a runs celebrating his triumph."
v_VM-ldOw7e4Y,2,5,86.9,164.89,[86.9s] a baseball game is being played on the field | [98.0s] an image of a person jumping in the air | [109.2s] an image of a football player on the field | [120.3s] an image of a man holding a gun | [131.5s] an image of a baseball game being played | [142.6s] an image of a man running on a track | [153.7s] an image of a basketball player with his arms up | [164.9s] a man standing next to an electronic score board,"Also, a white male perform long jump, as well two black men do long jumps.","An athlete prepares to perform long jump in a stadium full of people, then a white male runs and jumps high to land in the sand. Also, three black males runs fast and jump high to perform long jump. Also, a white male perform long jump, as well two black men do long jumps. A score board shows and score, while a person stands walk away, and takes off his sweet sweater. A black male jumps high happy a runs celebrating his triumph."
v_VM-ldOw7e4Y,3,5,164.89,183.83,[164.9s] a man standing next to an electronic score board | [171.2s] an image of a man wearing a white shirt and black shorts | [177.5s] a woman with her arms up in the air | [183.8s] an image of a baseball game being played,"A score board shows and score, while a person stands walk away, and takes off his sweet sweater.","An athlete prepares to perform long jump in a stadium full of people, then a white male runs and jumps high to land in the sand. Also, three black males runs fast and jump high to perform long jump. Also, a white male perform long jump, as well two black men do long jumps. A score board shows and score, while a person stands walk away, and takes off his sweet sweater. A black male jumps high happy a runs celebrating his triumph."
v_VM-ldOw7e4Y,4,5,172.68,222.65576666666666,[172.7s] an image of a man in a red shirt | [179.8s] a car is seen in this image from the video | [187.0s] an image of a man dancing on stage | [194.1s] an image of a man running on a track | [201.2s] an image of a man holding a baby in his arms | [208.4s] an image of a man in a tank top | [215.5s] a man standing on top of a track | [222.7s] a black and white photo of the moon in the sky,A black male jumps high happy a runs celebrating his triumph.,"An athlete prepares to perform long jump in a stadium full of people, then a white male runs and jumps high to land in the sand. Also, three black males runs fast and jump high to perform long jump. Also, a white male perform long jump, as well two black men do long jumps. A score board shows and score, while a person stands walk away, and takes off his sweet sweater. A black male jumps high happy a runs celebrating his triumph."
v_t0ajvfx6dgA,0,3,0.0,10.31,[0.0s] a man in a suit and tie sitting at a desk | [10.3s] a man in a suit and tie sitting at a desk,A man in a suit is sitting behind a desk.,A man in a suit is sitting behind a desk. People are playing lacrosse on a field of grass. A person in a yellow uniform is standing in front of a net blocking balls.
v_t0ajvfx6dgA,1,3,17.67,137.69,[17.7s] a football game is being played on the field | [34.8s] a girl is standing in front of a soccer goal | [52.0s] a woman is standing in front of a soccer field | [69.1s] a woman in a purple shirt is talking to the camera | [86.3s] a group of women ' s soccer players on the field | [103.4s] a woman standing in front of a fence | [120.5s] a man in yellow shirt playing soccer on field | [137.7s] a woman in a blue uniform is on the field,People are playing lacrosse on a field of grass.,A man in a suit is sitting behind a desk. People are playing lacrosse on a field of grass. A person in a yellow uniform is standing in front of a net blocking balls.
v_t0ajvfx6dgA,2,3,120.02,125.17,[122.6s] a man sitting on top of a soccer field,A person in a yellow uniform is standing in front of a net blocking balls.,A man in a suit is sitting behind a desk. People are playing lacrosse on a field of grass. A person in a yellow uniform is standing in front of a net blocking balls.
v_2yjRePOzYq4,0,2,0.0,11.42,[0.0s] a view of the track at sunset | [11.4s] a man is squatting on a track,"A man skips on a truck signed with white lines, when he arrives to the third line jumps high and lands in the sandbox.","A man skips on a truck signed with white lines, when he arrives to the third line jumps high and lands in the sandbox. The playback of a man performing long jump is show several times."
v_2yjRePOzYq4,1,2,11.64,44.627916666666664,[11.6s] a person on a skateboard riding down a track | [16.4s] a view of an empty track at dusk | [21.1s] a view of the track at sunset | [25.8s] a person is doing tricks on a skateboard | [30.5s] a view of the track and field at sunset | [35.2s] a person on a skateboard riding down a track | [39.9s] a person is doing tricks on the track | [44.6s] a person riding a bike on a track,The playback of a man performing long jump is show several times.,"A man skips on a truck signed with white lines, when he arrives to the third line jumps high and lands in the sandbox. The playback of a man performing long jump is show several times."
v_hRoHfDR4-e0,0,3,7.11,40.3,[7.1s] a man riding on the back of a black horse | [11.9s] a man riding on the back of a white horse | [16.6s] a man is trying to get into the back of a truck | [21.3s] a man riding on the back of a bull | [26.1s] a man in a cowboy hat is sitting on the ground | [30.8s] a person is petting a horse in an enclosure | [35.6s] a man riding on the back of a brown horse | [40.3s] a group of people standing around horses in an arena,"People handles bulls in a rodeo ring, a man is throw to the air by a bull.","People handles bulls in a rodeo ring, a man is throw to the air by a bull. People are throw by bulls to the ground while jumping and kicking with the back legs while people watch the rodeo. Several people riding bulls are throw to the ground while other people distract the bulls that jumps and kicks."
v_hRoHfDR4-e0,1,3,41.49,126.84,[41.5s] a man riding on the back of a brown horse | [53.7s] a group of people standing in the rain | [65.9s] a man riding on the back of a bull | [78.1s] a group of people riding horses in an arena | [90.3s] a crowd of people watching a horse show | [102.5s] a group of people standing on top of a field | [114.6s] a man riding on the back of a white horse | [126.8s] a man riding on the back of a horse,People are throw by bulls to the ground while jumping and kicking with the back legs while people watch the rodeo.,"People handles bulls in a rodeo ring, a man is throw to the air by a bull. People are throw by bulls to the ground while jumping and kicking with the back legs while people watch the rodeo. Several people riding bulls are throw to the ground while other people distract the bulls that jumps and kicks."
v_hRoHfDR4-e0,2,3,126.84,235.89,[126.8s] a man riding on the back of a horse | [142.4s] a group of people watching horses in an arena | [158.0s] a group of people that are standing in the dirt | [173.6s] a man riding on the back of a horse | [189.2s] a horse is in the middle of a muddy arena | [204.7s] a car is parked on the side of the road | [220.3s] a group of people are playing in the dirt | [235.9s] a man riding on the back of a bull,Several people riding bulls are throw to the ground while other people distract the bulls that jumps and kicks.,"People handles bulls in a rodeo ring, a man is throw to the air by a bull. People are throw by bulls to the ground while jumping and kicking with the back legs while people watch the rodeo. Several people riding bulls are throw to the ground while other people distract the bulls that jumps and kicks."
v_FhbsTTHT2Zs,0,3,0.0,17.04,[0.0s] a black and white photo of the moon in the sky | [5.7s] a woman standing next to a white horse | [11.4s] a woman riding on the back of a horse | [17.0s] a woman sitting on top of a horse,"A woman with blonde hair,a purple jacket and black gloves on is standing near a stable talking.","A woman with blonde hair,a purple jacket and black gloves on is standing near a stable talking. As she continues talking,her saddle is shown and she begins talking about the specifics of it. The lady then puts it on the horse and begins rubbing certain parts of it to make sure it is secure."
v_FhbsTTHT2Zs,1,3,17.75,39.05,[17.8s] a woman sitting on top of a horse | [23.1s] a group of people standing in front of a mirror | [28.4s] a woman standing next to a horse in a stable | [33.7s] a woman standing next to a horse in a stable | [39.0s] a woman standing next to a horse in a stable,"As she continues talking,her saddle is shown and she begins talking about the specifics of it.","A woman with blonde hair,a purple jacket and black gloves on is standing near a stable talking. As she continues talking,her saddle is shown and she begins talking about the specifics of it. The lady then puts it on the horse and begins rubbing certain parts of it to make sure it is secure."
v_FhbsTTHT2Zs,2,3,39.41,70.93753333333333,[39.4s] a woman standing next to a horse in a stable | [44.7s] a woman standing next to a horse in a stable | [49.9s] a woman standing next to a horse in a barn | [55.2s] a woman is standing next to a horse | [60.4s] a woman is standing next to a horse | [65.7s] a woman standing next to a horse in a stable | [70.9s] a white horse standing on top of a wooden floor,The lady then puts it on the horse and begins rubbing certain parts of it to make sure it is secure.,"A woman with blonde hair,a purple jacket and black gloves on is standing near a stable talking. As she continues talking,her saddle is shown and she begins talking about the specifics of it. The lady then puts it on the horse and begins rubbing certain parts of it to make sure it is secure."
v_grroBKRxAMY,0,6,0.0,6.06,"[3.0s] a green grass field with the words, ` from the ground up '",Words are shown on the screen.,Words are shown on the screen. A man is talking while standing outside in front of a hill. The man is holding a shovel standing in front of a small tree. The man continues talking and then shovels out some weeds and dirt around the tree. He picks up rocks from around the tree. There is a white bucket in front of him of bark that he puts around the tree.
v_grroBKRxAMY,1,6,6.99,16.79,[7.0s] a man standing on top of a mountain | [16.8s] a man standing on top of a mountain,A man is talking while standing outside in front of a hill.,Words are shown on the screen. A man is talking while standing outside in front of a hill. The man is holding a shovel standing in front of a small tree. The man continues talking and then shovels out some weeds and dirt around the tree. He picks up rocks from around the tree. There is a white bucket in front of him of bark that he puts around the tree.
v_grroBKRxAMY,2,6,17.25,25.18,[21.2s] a man standing in the grass next to a tree,The man is holding a shovel standing in front of a small tree.,Words are shown on the screen. A man is talking while standing outside in front of a hill. The man is holding a shovel standing in front of a small tree. The man continues talking and then shovels out some weeds and dirt around the tree. He picks up rocks from around the tree. There is a white bucket in front of him of bark that he puts around the tree.
v_grroBKRxAMY,3,6,40.1,53.63,[40.1s] a man standing in the grass next to a tree | [46.9s] a man is digging in the grass with a shovel | [53.6s] a bird that is standing in the dirt,The man continues talking and then shovels out some weeds and dirt around the tree.,Words are shown on the screen. A man is talking while standing outside in front of a hill. The man is holding a shovel standing in front of a small tree. The man continues talking and then shovels out some weeds and dirt around the tree. He picks up rocks from around the tree. There is a white bucket in front of him of bark that he puts around the tree.
v_grroBKRxAMY,4,6,53.16,56.89,[55.0s] a dog digging dirt in the ground,He picks up rocks from around the tree.,Words are shown on the screen. A man is talking while standing outside in front of a hill. The man is holding a shovel standing in front of a small tree. The man continues talking and then shovels out some weeds and dirt around the tree. He picks up rocks from around the tree. There is a white bucket in front of him of bark that he puts around the tree.
v_grroBKRxAMY,5,6,59.69,76.01,[59.7s] a man is planting a tree in the yard | [65.1s] a small bird is standing in the grass | [70.6s] a man kneeling down to plant a tree | [76.0s] a bird that is standing in the grass,There is a white bucket in front of him of bark that he puts around the tree.,Words are shown on the screen. A man is talking while standing outside in front of a hill. The man is holding a shovel standing in front of a small tree. The man continues talking and then shovels out some weeds and dirt around the tree. He picks up rocks from around the tree. There is a white bucket in front of him of bark that he puts around the tree.
v_QooDDNWaQjU,0,2,0.0,62.2622,[0.0s] a group of people are playing soccer on the field | [8.9s] a dog running across a soccer field with a ball in its mouth | [17.8s] a group of people playing soccer on a field | [26.7s] a black dog running across a soccer field | [35.6s] a group of people playing soccer on a field | [44.5s] a dog running across a soccer field | [53.4s] a dog that is running in the grass | [62.3s] a group of people playing soccer on a field,A person throws a Frisbee for her dog for a dog to retrieve during an event on a sporting field.,A person throws a Frisbee for her dog for a dog to retrieve during an event on a sporting field. The dog catches the Frisbee and brings it back to the trainer.
v_QooDDNWaQjU,1,2,5.0,60.88,[5.0s] a black cat running across a soccer field | [13.0s] a group of people are playing soccer on the field | [21.0s] a dog is running on the soccer field | [28.9s] a black dog running across a soccer field | [36.9s] a group of people playing soccer on a field | [44.9s] a dog that is running in the grass | [52.9s] a black dog is running in the grass | [60.9s] a group of people playing soccer on a field,The dog catches the Frisbee and brings it back to the trainer.,A person throws a Frisbee for her dog for a dog to retrieve during an event on a sporting field. The dog catches the Frisbee and brings it back to the trainer.
v_dSsMVoPLQOk,0,3,2.53,43.05,"[2.5s] a blue and orange background with the words, ' connecting lives ' | [8.3s] a man cutting a dog ' s hair with scissors | [14.1s] a group of dogs in a caged area | [19.9s] a woman in an apron standing next to a sink | [25.7s] a woman wearing an apron in the kitchen | [31.5s] a man is petting a dog in a cage | [37.3s] a woman wearing a life vest is standing in the bathroom | [43.0s] a dog getting his hair cut in the salon",A woman is seen shaving down the fur of a dog while the camera shows many dogs sitting in crates.,A woman is seen shaving down the fur of a dog while the camera shows many dogs sitting in crates. A woman is seen speaking to the camera and showing off several dogs with long hair and afterwards. The woman continues shaving down the sides of the dog while stopping to speak to the camera and showing off the shaved dog.
v_dSsMVoPLQOk,1,3,36.97,78.5,[37.0s] a man in a life vest is holding a rope | [42.9s] a dog getting his hair cut in the salon | [48.8s] a man is grooming a dog in a cage | [54.8s] a man is cutting the hair of a dog | [60.7s] a dog is being groomed in a salon | [66.6s] a dog is being groomed by its owner | [72.6s] a woman in an apron standing next to a sink | [78.5s] a woman in an animal shelter with two dogs,A woman is seen speaking to the camera and showing off several dogs with long hair and afterwards.,A woman is seen shaving down the fur of a dog while the camera shows many dogs sitting in crates. A woman is seen speaking to the camera and showing off several dogs with long hair and afterwards. The woman continues shaving down the sides of the dog while stopping to speak to the camera and showing off the shaved dog.
v_dSsMVoPLQOk,2,3,67.36,98.75,[67.4s] a person holding a small dog in their hands | [72.6s] a woman standing in front of a sink | [77.8s] a woman in an animal shelter with two dogs | [83.1s] a dog getting his hair cut at the salon | [88.3s] a man standing in front of a sign | [93.5s] a dog getting his hair cut at the salon | [98.8s] a woman holding a small dog in her arms,The woman continues shaving down the sides of the dog while stopping to speak to the camera and showing off the shaved dog.,A woman is seen shaving down the fur of a dog while the camera shows many dogs sitting in crates. A woman is seen speaking to the camera and showing off several dogs with long hair and afterwards. The woman continues shaving down the sides of the dog while stopping to speak to the camera and showing off the shaved dog.
v_YEZrwxz0Ysk,0,3,0.0,18.5,[0.0s] a black and white logo with the letter t in it | [6.2s] a glass filled with colored liquid on top of a table | [12.3s] how to make a bob marley shot | [18.5s] a bottle of liquor sitting on top of a counter,"A shot glass is shown, filled with three colors of liquid.","A shot glass is shown, filled with three colors of liquid. Several bottles of different colored alcohols are shown. The liquids are poured one at a time into the glasses, forming the tricolored drink."
v_YEZrwxz0Ysk,1,3,20.48,111.63,[20.5s] a bottle of liquor sitting on top of a counter | [33.5s] three shot glasses sitting on top of a table | [46.5s] two shot glasses sitting on top of a table | [59.5s] two shot glasses sitting on top of a table | [72.6s] a person is pouring colored liquid into a glass | [85.6s] how to make a rainbow shot | [98.6s] a person is pouring colored liquid into a glass | [111.6s] three shot glasses with different colored liquids,Several bottles of different colored alcohols are shown.,"A shot glass is shown, filled with three colors of liquid. Several bottles of different colored alcohols are shown. The liquids are poured one at a time into the glasses, forming the tricolored drink."
v_YEZrwxz0Ysk,2,3,112.96,132.006875,[113.0s] three shot glasses with different colored liquids in them | [119.3s] three shot glasses sitting on top of a table | [125.7s] a black and white photo of the moon in the sky | [132.0s] logo design by person for this project | design 212,"The liquids are poured one at a time into the glasses, forming the tricolored drink.","A shot glass is shown, filled with three colors of liquid. Several bottles of different colored alcohols are shown. The liquids are poured one at a time into the glasses, forming the tricolored drink."
v_L2oaUDyzWPA,0,6,0.0,9.21,[0.0s] the word dixie written with fire on a black background | [9.2s] a black background with the word first verse written in gold,We see a golden title on a black screen.,We see a golden title on a black screen. A man is playing a harmonica as arrows point to numbers above him. We see another title screen and more arrows on numbers. The title screen returns and the man plays with the arrows above him again. The fourth title screen and the man plays with arrows above. The name shows up and the video ends.
v_L2oaUDyzWPA,1,6,10.13,22.56,[10.1s] a black and white photo of the moon in the sky | [16.3s] a man holding a rifle in his hand | [22.6s] a man wearing a hat and holding a rifle,A man is playing a harmonica as arrows point to numbers above him.,We see a golden title on a black screen. A man is playing a harmonica as arrows point to numbers above him. We see another title screen and more arrows on numbers. The title screen returns and the man plays with the arrows above him again. The fourth title screen and the man plays with arrows above. The name shows up and the video ends.
v_L2oaUDyzWPA,2,6,23.02,42.36,[23.0s] a man with a gun in his hand | [29.5s] a man holding a rifle in his hand | [35.9s] a man holding a rifle in his hand | [42.4s] a man with a gun in his hand,We see another title screen and more arrows on numbers.,We see a golden title on a black screen. A man is playing a harmonica as arrows point to numbers above him. We see another title screen and more arrows on numbers. The title screen returns and the man plays with the arrows above him again. The fourth title screen and the man plays with arrows above. The name shows up and the video ends.
v_L2oaUDyzWPA,3,6,42.36,63.54,[42.4s] a man with a gun in his hand | [47.7s] a black wallpaper with the word ' third verse ' on it | [53.0s] a man holding a rifle in his hand | [58.2s] a man holding a rifle in his hand | [63.5s] a man with a gun in his hand,The title screen returns and the man plays with the arrows above him again.,We see a golden title on a black screen. A man is playing a harmonica as arrows point to numbers above him. We see another title screen and more arrows on numbers. The title screen returns and the man plays with the arrows above him again. The fourth title screen and the man plays with arrows above. The name shows up and the video ends.
v_L2oaUDyzWPA,4,6,63.54,87.03,[63.5s] a man with a gun in his hand | [69.4s] a man holding a rifle in his hand | [75.3s] a man in a white shirt and black hat holding a rifle | [81.2s] a man wearing a hat and holding a rifle | [87.0s] a man wearing a hat and holding a rifle,The fourth title screen and the man plays with arrows above.,We see a golden title on a black screen. A man is playing a harmonica as arrows point to numbers above him. We see another title screen and more arrows on numbers. The title screen returns and the man plays with the arrows above him again. The fourth title screen and the man plays with arrows above. The name shows up and the video ends.
v_L2oaUDyzWPA,5,6,87.03,92.0,[89.5s] a man holding a rifle in his hand,The name shows up and the video ends.,We see a golden title on a black screen. A man is playing a harmonica as arrows point to numbers above him. We see another title screen and more arrows on numbers. The title screen returns and the man plays with the arrows above him again. The fourth title screen and the man plays with arrows above. The name shows up and the video ends.
v_cCISvaObBxI,0,6,12.63,64.11,[12.6s] a person is kicking a soccer ball on the court | [20.0s] a person standing on top of a wooden floor | [27.3s] a basketball game is being played on the court | [34.7s] a picture of a man in the middle of a street | [42.0s] a group of people playing basketball in a gym | [49.4s] a group of people playing basketball in a gym | [56.8s] a group of people playing basketball in a gym | [64.1s] the letter c on a white background,"Two teams play soccer in an indoor soccer court, the team wearing white t-shirt wins the competition.","Two teams play soccer in an indoor soccer court, the team wearing white t-shirt wins the competition. The player scores and celebrate with a teammate. Other teams plays soccer, a player with white uniform receives a ball and score. Two teams play soccer, and the player with the yellow uniform scores. Two team of girls compete, a girl with red uniform scores and the team wins. Then, a player with a white uniform scores with a spectacular movement."
v_cCISvaObBxI,1,6,43.71,48.56,[46.1s] two men are fighting in a gym,The player scores and celebrate with a teammate.,"Two teams play soccer in an indoor soccer court, the team wearing white t-shirt wins the competition. The player scores and celebrate with a teammate. Other teams plays soccer, a player with white uniform receives a ball and score. Two teams play soccer, and the player with the yellow uniform scores. Two team of girls compete, a girl with red uniform scores and the team wins. Then, a player with a white uniform scores with a spectacular movement."
v_cCISvaObBxI,2,6,67.99,88.39,[68.0s] a basketball game is being played on the court | [73.1s] a basketball game is being played on the court | [78.2s] an image of a man playing tennis on a court | [83.3s] a group of people playing tennis in an indoor court | [88.4s] a baseball player is running on the field,"Other teams plays soccer, a player with white uniform receives a ball and score.","Two teams play soccer in an indoor soccer court, the team wearing white t-shirt wins the competition. The player scores and celebrate with a teammate. Other teams plays soccer, a player with white uniform receives a ball and score. Two teams play soccer, and the player with the yellow uniform scores. Two team of girls compete, a girl with red uniform scores and the team wins. Then, a player with a white uniform scores with a spectacular movement."
v_cCISvaObBxI,3,6,92.27,110.73,[92.3s] a basketball game is being played on the court | [98.4s] a group of men playing soccer on a court | [104.6s] an image of a soccer player on the field | [110.7s] an image of a person on a race track,"Two teams play soccer, and the player with the yellow uniform scores.","Two teams play soccer in an indoor soccer court, the team wearing white t-shirt wins the competition. The player scores and celebrate with a teammate. Other teams plays soccer, a player with white uniform receives a ball and score. Two teams play soccer, and the player with the yellow uniform scores. Two team of girls compete, a girl with red uniform scores and the team wins. Then, a player with a white uniform scores with a spectacular movement."
v_cCISvaObBxI,4,6,120.44,137.92,[120.4s] a basketball game is being played on the court | [126.3s] a basketball game is being played on the court | [132.1s] a group of people playing basketball on a court | [137.9s] a red bulls goal logo on a black background,"Two team of girls compete, a girl with red uniform scores and the team wins.","Two teams play soccer in an indoor soccer court, the team wearing white t-shirt wins the competition. The player scores and celebrate with a teammate. Other teams plays soccer, a player with white uniform receives a ball and score. Two teams play soccer, and the player with the yellow uniform scores. Two team of girls compete, a girl with red uniform scores and the team wins. Then, a player with a white uniform scores with a spectacular movement."
v_cCISvaObBxI,5,6,137.92,161.23,[137.9s] a red bulls goal logo on a black background | [143.7s] a group of people playing soccer on a field | [149.6s] a group of people playing basketball on a court | [155.4s] a group of people playing soccer on a court | [161.2s] a group of people playing basketball on a court,"Then, a player with a white uniform scores with a spectacular movement.","Two teams play soccer in an indoor soccer court, the team wearing white t-shirt wins the competition. The player scores and celebrate with a teammate. Other teams plays soccer, a player with white uniform receives a ball and score. Two teams play soccer, and the player with the yellow uniform scores. Two team of girls compete, a girl with red uniform scores and the team wins. Then, a player with a white uniform scores with a spectacular movement."
v_8eDJXDetgGE,0,3,0.0,68.7,[0.0s] a black and white photo of the moon in the sky | [9.8s] a baseball player is about to hit the ball | [19.6s] a football player is trying to block the ball | [29.4s] a soccer game is being played on the field | [39.3s] an image of a soccer game being played on the field | [49.1s] a tennis player hitting the ball with his racket | [58.9s] a soccer game is being played on the field | [68.7s] a baseball player is hitting the ball with his bat,A man is seen holding a stick up and leads into clips of men playing field hockey.,A man is seen holding a stick up and leads into clips of men playing field hockey. Men are seen running up and down a field chasing after a ball and scoring a goal. Several clips are shown of people playing this game as well as celebrating with team mates.
v_8eDJXDetgGE,1,3,55.4,170.64,[55.4s] a group of people playing hockey on a field | [71.9s] an image of a soccer game being played on the field | [88.3s] a soccer game is being played on the field | [104.8s] a group of men playing soccer on a field | [121.3s] a soccer game is being played on the field | [137.7s] a soccer player is trying to block the ball | [154.2s] a soccer game is being played on the field | [170.6s] a group of people playing soccer on a field,Men are seen running up and down a field chasing after a ball and scoring a goal.,A man is seen holding a stick up and leads into clips of men playing field hockey. Men are seen running up and down a field chasing after a ball and scoring a goal. Several clips are shown of people playing this game as well as celebrating with team mates.
v_8eDJXDetgGE,2,3,125.21,218.29,[125.2s] a soccer player is trying to kick the ball | [138.5s] an image of a soccer player kicking the ball | [151.8s] a group of people playing soccer on a field | [165.1s] a group of people playing soccer on a field | [178.4s] a group of people are playing soccer on the street | [191.7s] a soccer game is being played on the field | [205.0s] an image of a man standing in front of a crowd | [218.3s] a yellow and black striped background with the words hohoo product,Several clips are shown of people playing this game as well as celebrating with team mates.,A man is seen holding a stick up and leads into clips of men playing field hockey. Men are seen running up and down a field chasing after a ball and scoring a goal. Several clips are shown of people playing this game as well as celebrating with team mates.
v_KwhqAV_0o40,0,3,0.0,61.17,[0.0s] a person standing in the snow near some trees | [8.7s] the snow is white | [17.5s] the man is trying to get out of the snow | [26.2s] a black hole in the snow | [35.0s] a black hole in the floor of a house | [43.7s] a man is standing in the snow next to a hole | [52.4s] an image of a person on skis in the snow | [61.2s] a person is kneeling in the snow,A man dressed in snow gear is standing on a frozen body of water and bending over as he looks into a fish hole that his fishing pole is in.,"A man dressed in snow gear is standing on a frozen body of water and bending over as he looks into a fish hole that his fishing pole is in. The man pulls on his fishing pole, goes on his knees, and continues to slowly pull the fishing pole up and the camera man who had already put the camera down bends down and grabs the fish and places it onto the ice. The man picks the camera up and angles the camera towards the fish on the ice and the man who was fishing is smiling, unhooks the fish then holds it up in the air."
v_KwhqAV_0o40,1,3,61.17,144.14,[61.2s] a person is kneeling in the snow | [73.0s] two people holding hands in the snow | [84.9s] a man is snowboarding in the mountains | [96.7s] a man is sitting in the snow with his feet up | [108.6s] a man is skiing down a snowy hill | [120.4s] a man sitting on top of a snow covered hill | [132.3s] snow on the ground | [144.1s] a man riding on top of a snow covered mountain,"The man pulls on his fishing pole, goes on his knees, and continues to slowly pull the fishing pole up and the camera man who had already put the camera down bends down and grabs the fish and places it onto the ice.","A man dressed in snow gear is standing on a frozen body of water and bending over as he looks into a fish hole that his fishing pole is in. The man pulls on his fishing pole, goes on his knees, and continues to slowly pull the fishing pole up and the camera man who had already put the camera down bends down and grabs the fish and places it onto the ice. The man picks the camera up and angles the camera towards the fish on the ice and the man who was fishing is smiling, unhooks the fish then holds it up in the air."
v_KwhqAV_0o40,2,3,144.14,167.53333333333333,[144.1s] a man riding on top of a snow covered mountain | [150.0s] a man is walking through the snow | [155.8s] a man kneeling in the snow holding a fish | [161.7s] a man kneeling in the snow | [167.5s] a man holding up a fish in the snow,"The man picks the camera up and angles the camera towards the fish on the ice and the man who was fishing is smiling, unhooks the fish then holds it up in the air.","A man dressed in snow gear is standing on a frozen body of water and bending over as he looks into a fish hole that his fishing pole is in. The man pulls on his fishing pole, goes on his knees, and continues to slowly pull the fishing pole up and the camera man who had already put the camera down bends down and grabs the fish and places it onto the ice. The man picks the camera up and angles the camera towards the fish on the ice and the man who was fishing is smiling, unhooks the fish then holds it up in the air."
v_epqnpUCVLK8,0,4,0.0,5.07,[2.5s] a man laying on the floor in his living room,A little boy is laying on an exercise ball.,A little boy is laying on an exercise ball. The boy falls of and gets back on the ball before he falls off again. He tries to sit on the ball but the ball rolls away. He retrieves it and continues to sit on and fall off the ball.
v_epqnpUCVLK8,1,4,5.07,13.61,[5.1s] a little boy sitting on the floor in his living room | [13.6s] a young boy playing with toys in his living room,The boy falls of and gets back on the ball before he falls off again.,A little boy is laying on an exercise ball. The boy falls of and gets back on the ball before he falls off again. He tries to sit on the ball but the ball rolls away. He retrieves it and continues to sit on and fall off the ball.
v_epqnpUCVLK8,2,4,13.61,24.38,[13.6s] a young boy playing with toys in his living room | [24.4s] a little boy playing with toys on the floor,He tries to sit on the ball but the ball rolls away.,A little boy is laying on an exercise ball. The boy falls of and gets back on the ball before he falls off again. He tries to sit on the ball but the ball rolls away. He retrieves it and continues to sit on and fall off the ball.
v_epqnpUCVLK8,3,4,30.08,61.74,[30.1s] a little boy playing with toys in his living room | [35.4s] a little boy playing with toys on the floor | [40.6s] a little girl is playing with her toys | [45.9s] a little boy is playing with an exercise ball | [51.2s] a baby is laying on the floor in his living room | [56.5s] a baby is sitting on a ball in the living room | [61.7s] a small child sitting on an inflatable ball,He retrieves it and continues to sit on and fall off the ball.,A little boy is laying on an exercise ball. The boy falls of and gets back on the ball before he falls off again. He tries to sit on the ball but the ball rolls away. He retrieves it and continues to sit on and fall off the ball.
v_HfowLX1u38Y,0,3,0.0,59.14,[0.0s] a man standing next to a fire in the grass | [8.4s] a man standing in front of a fire pit | [16.9s] a man standing in front of a fire pit | [25.3s] a man standing in front of a fire pit | [33.8s] a man standing in front of a fire | [42.2s] a man standing in front of a fire pit | [50.7s] a man standing in front of a fire | [59.1s] a man standing in front of a fire,man wearing a purple shirt is holding a gas pipe.,man wearing a purple shirt is holding a gas pipe. the man is using the pipe to light up the woodfire. man is standing outside a house lighting up a woodfire.
v_HfowLX1u38Y,1,3,15.87,62.15728233248629,[15.9s] a man standing in front of a fire pit | [22.5s] a man standing in front of a fire pit | [29.1s] a man standing in front of a fire | [35.7s] a man standing in front of a fire pit | [42.3s] a man standing in front of a fire pit | [48.9s] a man standing in front of a fire | [55.5s] a man standing in front of a fire | [62.2s] a man standing in front of a fire pit,the man is using the pipe to light up the woodfire.,man wearing a purple shirt is holding a gas pipe. the man is using the pipe to light up the woodfire. man is standing outside a house lighting up a woodfire.
v_HfowLX1u38Y,2,3,0.0,62.15728233248629,[0.0s] a man standing next to a fire in the grass | [8.9s] a man standing in front of a fire pit | [17.8s] a man standing in front of a fire | [26.6s] a man standing in front of a fire pit | [35.5s] a man standing in front of a fire pit | [44.4s] a man standing in front of a fire pit | [53.3s] a man standing in front of a fire | [62.2s] a man standing in front of a fire pit,man is standing outside a house lighting up a woodfire.,man wearing a purple shirt is holding a gas pipe. the man is using the pipe to light up the woodfire. man is standing outside a house lighting up a woodfire.
v_DCYz8p4zH6o,0,3,0.34,8.28,[4.3s] hi - kning am swings,A man is seen kneeling on the floor swinging his arms back and fourth.,A man is seen kneeling on the floor swinging his arms back and fourth. Text moves across his face as he swings his arms. The man continues to swing his arms and ends with credits rolling.
v_DCYz8p4zH6o,1,3,7.93,24.83,[7.9s] a man is kneeling on the grass in an office | [13.6s] a man in a blue shirt is playing with a frc | [19.2s] a man kneeling on the ground while holding a tennis racket | [24.8s] a man standing on top of a green field,Text moves across his face as he swings his arms.,A man is seen kneeling on the floor swinging his arms back and fourth. Text moves across his face as he swings his arms. The man continues to swing his arms and ends with credits rolling.
v_DCYz8p4zH6o,2,3,23.62,32.93,"[23.6s] a man standing on top of a green field | [32.9s] crts loren, css, dsaw, nmm director sports performance clinic",The man continues to swing his arms and ends with credits rolling.,A man is seen kneeling on the floor swinging his arms back and fourth. Text moves across his face as he swings his arms. The man continues to swing his arms and ends with credits rolling.
v_mqUJEX9qk8E,0,3,0.0,5.48,[2.7s] a group of people riding horses through the woods,two men are riding horses in a dusty field in mountains.,two men are riding horses in a dusty field in mountains. men and a woman wearing Kufiyyas on their heads are standing on dessert next to horses. dessert with mountains in the distance is shown and the men are standing next to a kids ride the horses adn are going in the desert.
v_mqUJEX9qk8E,1,3,5.48,14.25,[5.5s] an image of two people standing in front of a sunset | [14.2s] a woman riding on the back of a donkey,men and a woman wearing Kufiyyas on their heads are standing on dessert next to horses.,two men are riding horses in a dusty field in mountains. men and a woman wearing Kufiyyas on their heads are standing on dessert next to horses. dessert with mountains in the distance is shown and the men are standing next to a kids ride the horses adn are going in the desert.
v_mqUJEX9qk8E,2,3,14.25,109.57613333333333,[14.2s] a woman riding on the back of a donkey | [27.9s] a person is petting a horse in the desert | [41.5s] a man riding on the back of a horse | [55.1s] a man riding on the back of a horse | [68.7s] an image of a man walking on the beach | [82.3s] a group of people are dancing in the dirt | [96.0s] two people are riding horses in the desert | [109.6s] the moon in the night sky with a black background,dessert with mountains in the distance is shown and the men are standing next to a kids ride the horses adn are going in the desert.,two men are riding horses in a dusty field in mountains. men and a woman wearing Kufiyyas on their heads are standing on dessert next to horses. dessert with mountains in the distance is shown and the men are standing next to a kids ride the horses adn are going in the desert.
v_NRdxsuSCJyM,0,3,0.0,24.54,[0.0s] a man in the water with his hands up | [4.9s] a man in scuba gear standing under the water | [9.8s] a man is diving in the ocean | [14.7s] a large group of fish swimming in the ocean | [19.6s] a large group of fish swimming in the ocean | [24.5s] a man is diving in the ocean with many fish,A scuba diver holds onto a rock as he throws a peace sign in the air.,A scuba diver holds onto a rock as he throws a peace sign in the air. The man lets go of the rock and puts up two peace signs in the air. The man fixes his snorkel and goggles.
v_NRdxsuSCJyM,1,3,24.85,38.51,[24.9s] a man is diving in the water | [31.7s] a man is diving in the water with his hands up | [38.5s] a person in the water with a camera,The man lets go of the rock and puts up two peace signs in the air.,A scuba diver holds onto a rock as he throws a peace sign in the air. The man lets go of the rock and puts up two peace signs in the air. The man fixes his snorkel and goggles.
v_NRdxsuSCJyM,2,3,38.82,62.062,[38.8s] a person in the water with a camera | [44.6s] a person in the water with a camera | [50.4s] a group of fish swimming in the ocean | [56.3s] a small blue fish swimming in the ocean | [62.1s] a group of fish swimming in the ocean,The man fixes his snorkel and goggles.,A scuba diver holds onto a rock as he throws a peace sign in the air. The man lets go of the rock and puts up two peace signs in the air. The man fixes his snorkel and goggles.
v_Qx4YLntwZ5s,0,8,0.0,14.64,[0.0s] a black and white photo of the moon in the sky | [7.3s] a woman standing in front of a mirror | [14.6s] a woman standing in front of a mirror,We see a lady taking in a room and touching her hair.,We see a lady taking in a room and touching her hair. There is a title screen. The lady shows us the products and tools she uses on her hair. We see the lady doing her hair. The lady sections her hair and adds product. The lady twists her hair around her finger. The lady begin blow drys her hair. We see images of the ladies finished hair.
v_Qx4YLntwZ5s,1,8,14.64,20.27,[17.5s] a woman with long curly hair is shown,There is a title screen.,We see a lady taking in a room and touching her hair. There is a title screen. The lady shows us the products and tools she uses on her hair. We see the lady doing her hair. The lady sections her hair and adds product. The lady twists her hair around her finger. The lady begin blow drys her hair. We see images of the ladies finished hair.
v_Qx4YLntwZ5s,2,8,21.39,63.06,[21.4s] a woman with long black hair is shown in this video | [27.3s] a woman standing in front of a mirror | [33.3s] a woman standing in front of a mirror | [39.2s] a woman holding up a bottle of water | [45.2s] a woman holding up a bottle of liquid | [51.2s] a woman holding a hair dryer in her hand | [57.1s] a woman standing in front of a mirror holding a camera | [63.1s] a woman standing in front of a mirror,The lady shows us the products and tools she uses on her hair.,We see a lady taking in a room and touching her hair. There is a title screen. The lady shows us the products and tools she uses on her hair. We see the lady doing her hair. The lady sections her hair and adds product. The lady twists her hair around her finger. The lady begin blow drys her hair. We see images of the ladies finished hair.
v_Qx4YLntwZ5s,3,8,64.18,200.43,[64.2s] a woman brushing her hair in front of a mirror | [83.6s] a woman standing in front of a mirror | [103.1s] a woman is brushing her teeth in the bathroom | [122.6s] a woman is standing in front of a mirror | [142.0s] a woman is talking on her cell phone | [161.5s] a woman is brushing her hair in the bathroom | [181.0s] a woman standing in front of a mirror | [200.4s] a woman standing in front of a mirror,We see the lady doing her hair.,We see a lady taking in a room and touching her hair. There is a title screen. The lady shows us the products and tools she uses on her hair. We see the lady doing her hair. The lady sections her hair and adds product. The lady twists her hair around her finger. The lady begin blow drys her hair. We see images of the ladies finished hair.
v_Qx4YLntwZ5s,4,8,70.94,97.96,[70.9s] a woman standing in front of a mirror | [76.3s] a woman standing in front of a mirror | [81.7s] a woman standing in front of a mirror | [87.2s] a woman is brushing her hair in the bathroom | [92.6s] a woman in a bathroom brushing her teeth | [98.0s] a woman standing in front of a mirror,The lady sections her hair and adds product.,We see a lady taking in a room and touching her hair. There is a title screen. The lady shows us the products and tools she uses on her hair. We see the lady doing her hair. The lady sections her hair and adds product. The lady twists her hair around her finger. The lady begin blow drys her hair. We see images of the ladies finished hair.
v_Qx4YLntwZ5s,5,8,101.34,124.99,[101.3s] a woman is standing in front of a mirror | [107.3s] a woman brushing her hair in front of a mirror | [113.2s] a woman standing in front of a mirror | [119.1s] a woman brushing her hair in front of a mirror | [125.0s] a woman is standing in front of a mirror,The lady twists her hair around her finger.,We see a lady taking in a room and touching her hair. There is a title screen. The lady shows us the products and tools she uses on her hair. We see the lady doing her hair. The lady sections her hair and adds product. The lady twists her hair around her finger. The lady begin blow drys her hair. We see images of the ladies finished hair.
v_Qx4YLntwZ5s,6,8,166.65,200.43,[166.7s] a woman standing in front of a mirror | [171.5s] a woman holding a hair dryer up to her face | [176.3s] a woman standing in front of a bathroom mirror | [181.1s] a woman with long black hair standing in front of a mirror | [186.0s] a woman standing in front of a mirror | [190.8s] a woman is brushing her hair in the bathroom | [195.6s] a woman standing in front of a mirror | [200.4s] a woman standing in front of a mirror,The lady begin blow drys her hair.,We see a lady taking in a room and touching her hair. There is a title screen. The lady shows us the products and tools she uses on her hair. We see the lady doing her hair. The lady sections her hair and adds product. The lady twists her hair around her finger. The lady begin blow drys her hair. We see images of the ladies finished hair.
v_Qx4YLntwZ5s,7,8,202.68,225.05816666666666,[202.7s] a woman standing in front of a mirror | [208.3s] a woman standing in front of a mirror | [213.9s] a woman taking a picture in the mirror | [219.5s] a woman taking a selfie with her camera | [225.1s] a woman taking a picture with her camera,We see images of the ladies finished hair.,We see a lady taking in a room and touching her hair. There is a title screen. The lady shows us the products and tools she uses on her hair. We see the lady doing her hair. The lady sections her hair and adds product. The lady twists her hair around her finger. The lady begin blow drys her hair. We see images of the ladies finished hair.
v_pHZogKGkc9o,0,3,0.0,5.83,[2.9s] a group of people playing basketball in a gym,A group of young boys are inside a basketball court.,"A group of young boys are inside a basketball court. They play a game while the coach cheers them on and instructs them. Some of the boys watch from the sidelines, waiting for their turn."
v_pHZogKGkc9o,1,3,7.08,34.14,[7.1s] a group of people playing basketball in a gym | [12.5s] a group of people playing basketball in a gym | [17.9s] a group of people playing basketball in a gym | [23.3s] a group of people playing basketball in a gym | [28.7s] a group of people playing basketball in a gym | [34.1s] a group of people playing basketball in a gym,They play a game while the coach cheers them on and instructs them.,"A group of young boys are inside a basketball court. They play a game while the coach cheers them on and instructs them. Some of the boys watch from the sidelines, waiting for their turn."
v_pHZogKGkc9o,2,3,35.39,41.53333333333333,[38.5s] a group of people playing basketball in a gym,"Some of the boys watch from the sidelines, waiting for their turn.","A group of young boys are inside a basketball court. They play a game while the coach cheers them on and instructs them. Some of the boys watch from the sidelines, waiting for their turn."
v_qxlVkDpdyOA,0,4,0.0,118.66666666666667,[0.0s] two men playing basketball on the street | [17.0s] a man is skateboarding on the street | [33.9s] a large building in the middle of a street | [50.9s] a man riding a skateboard down the street | [67.8s] a man riding a skateboard down a street | [84.8s] a group of people are playing basketball on the street | [101.7s] a man riding a skateboard down a street | [118.7s] a man riding a bike down the street,We see two men walking and jumping on jump-stilts.,"We see two men walking and jumping on jump-stilts. One man jumps down the road, the the other as a man photographs them. A man on a bike rides past the men. Four bikes ride past the men."
v_qxlVkDpdyOA,1,4,4.75,46.31,[4.8s] a group of people are playing basketball on the street | [10.7s] two people are playing basketball on the street | [16.6s] a person jumping in the air on a skateboard | [22.6s] a man riding a bike down a street | [28.5s] there is a playground | [34.4s] a large building in the middle of a street | [40.4s] a man is doing tricks on his skateboard | [46.3s] a skateboarder is doing tricks on the street,"One man jumps down the road, the the other as a man photographs them.","We see two men walking and jumping on jump-stilts. One man jumps down the road, the the other as a man photographs them. A man on a bike rides past the men. Four bikes ride past the men."
v_qxlVkDpdyOA,2,4,80.15,86.09,[83.1s] a group of people riding bikes down a street,A man on a bike rides past the men.,"We see two men walking and jumping on jump-stilts. One man jumps down the road, the the other as a man photographs them. A man on a bike rides past the men. Four bikes ride past the men."
v_qxlVkDpdyOA,3,4,96.19,112.22,[96.2s] a man riding a skateboard down a street | [101.5s] a man riding a skateboard down a street | [106.9s] a man riding a bike down the street | [112.2s] two people riding bikes in a parking lot,Four bikes ride past the men.,"We see two men walking and jumping on jump-stilts. One man jumps down the road, the the other as a man photographs them. A man on a bike rides past the men. Four bikes ride past the men."
v_skSPijG9sgU,0,2,0.0,85.81,[0.0s] a group of people playing curling in an indoor rink | [12.3s] a group of people standing on top of an ice rink | [24.5s] a man standing on top of a blue mat | [36.8s] a group of people standing on top of a wrestling ring | [49.0s] a curling game is being played on the court | [61.3s] a group of people standing on top of a court | [73.6s] a basketball game is being played on the court | [85.8s] a group of people playing curling in an arena,A few kids are seen standing on a stage followed by the children pushing a puck along the ice.,A few kids are seen standing on a stage followed by the children pushing a puck along the ice. Several people are shown playing the game around them and panning to the audience reacting as well as people standing on the sides.
v_skSPijG9sgU,1,2,78.11,219.9197,[78.1s] a group of people playing curling on a court | [98.4s] a group of people standing on top of a blue mat | [118.6s] a group of people standing on top of a court | [138.9s] a group of people standing in front of a blue wall | [159.1s] a group of people standing on top of a blue floor | [179.4s] a man standing on top of a hockey rink | [199.7s] a group of people standing on top of a blue floor | [219.9s] a group of people standing in front of a stage,Several people are shown playing the game around them and panning to the audience reacting as well as people standing on the sides.,A few kids are seen standing on a stage followed by the children pushing a puck along the ice. Several people are shown playing the game around them and panning to the audience reacting as well as people standing on the sides.
v_4d3RtnuVCV4,0,2,0.0,126.54166666666667,[0.0s] a black and white photo of a woman ' s face | [18.1s] a woman standing on a field holding a microphone | [36.2s] a group of girls standing on top of a green field | [54.2s] a group of people playing soccer on a field | [72.3s] a group of people playing soccer on a field | [90.4s] a group of women ' s soccer players standing on the field | [108.5s] a group of people standing on top of a field | [126.5s] a black and white photo of a man in a suit,A video of the UConn women's field hockey team is shown.,A video of the UConn women's field hockey team is shown. The coach talks to the players and they have a practice.
v_4d3RtnuVCV4,1,2,39.26,126.54166666666667,[39.3s] a group of women ' s lacrosse players on the field | [51.7s] a woman in a blue jacket standing on a field | [64.2s] two women playing field hockey on a green field | [76.7s] a woman in a blue shirt standing on a track | [89.1s] a group of people playing soccer on a field | [101.6s] a group of people playing soccer on a field | [114.1s] a woman holding a microphone on top of a field | [126.5s] a black and white photo of a man in a suit,The coach talks to the players and they have a practice.,A video of the UConn women's field hockey team is shown. The coach talks to the players and they have a practice.
v_OtcJMIJTTx4,0,3,0.0,4.69,[2.3s] a group of people in a swimming pool,A little girl stands on a diving board.,"A little girl stands on a diving board. Then the little girl jumps, flip and dives in the swimming pool. People are in the swimming pool."
v_OtcJMIJTTx4,1,3,4.77,7.96,[6.4s] a group of people are playing in the water,"Then the little girl jumps, flip and dives in the swimming pool.","A little girl stands on a diving board. Then the little girl jumps, flip and dives in the swimming pool. People are in the swimming pool."
v_OtcJMIJTTx4,2,3,0.0,8.033333333333333,[0.0s] a group of people in a swimming pool | [8.0s] a group of people in a swimming pool,People are in the swimming pool.,"A little girl stands on a diving board. Then the little girl jumps, flip and dives in the swimming pool. People are in the swimming pool."
v_FPbPkjLAEzs,0,2,0.0,24.07,[0.0s] a body of water | [4.8s] the water is splashing | [9.6s] a group of birds flying over the ocean | [14.4s] a group of people that are in the water | [19.3s] a group of people that are in the water | [24.1s] a man riding on top of a boat in the water,A man is parasailing on the ocean.,"A man is parasailing on the ocean. Other people also begin sailing in the water, some falling over."
v_FPbPkjLAEzs,1,2,26.04,78.84,[26.0s] a person is winds surfing in the water | [33.6s] a group of people wind surfing in the ocean | [41.1s] a person on a surf board in the ocean | [48.7s] a large body of water | [56.2s] a large body of water with mountains in the background | [63.8s] a person on a surf board in the ocean | [71.3s] a person on a sail in the water | [78.8s] a group of sailers are sailing in the water,"Other people also begin sailing in the water, some falling over.","A man is parasailing on the ocean. Other people also begin sailing in the water, some falling over."
v_gU81ZXdYh7o,0,3,0.0,5.0,[2.5s] a young boy in an orange shirt is playing with a ball,A boy in an orange shirt is standing in a room.,A boy in an orange shirt is standing in a room. He starts punching a punching bag. The punching bag moves in the air.
v_gU81ZXdYh7o,1,3,0.23,5.0,[2.6s] a young boy standing in front of a water tank,He starts punching a punching bag.,A boy in an orange shirt is standing in a room. He starts punching a punching bag. The punching bag moves in the air.
v_gU81ZXdYh7o,2,3,0.89,5.0,[2.9s] a young boy standing in front of a punching bag,The punching bag moves in the air.,A boy in an orange shirt is standing in a room. He starts punching a punching bag. The punching bag moves in the air.
v_sV6NoTdFaPE,0,3,0.86,27.6,[0.9s] a woman in red shorts is standing on the grass | [6.2s] a woman in red shorts is playing golf | [11.6s] a woman in red shorts playing with a soccer ball | [16.9s] a woman in red shorts is running through the grass | [22.3s] a blur of trees in the background | [27.6s] a woman in red shorts playing with a ball,A young woman is seen speaking to the camera while holding onto a field hockey stick.,A young woman is seen speaking to the camera while holding onto a field hockey stick. The girl then hits the ball all around the yard while the camera follows. She continues to hit the ball around and stops to look at the camera.
v_sV6NoTdFaPE,1,3,27.6,63.82,[27.6s] a woman in red shorts playing with a ball | [32.8s] a woman in red shorts is standing on the grass | [37.9s] a man is running in the grass | [43.1s] a woman in red shorts playing with a soccer ball | [48.3s] a woman standing on top of a green field | [53.5s] a dog standing on top of a lush green field | [58.6s] a man standing on top of a lush green field | [63.8s] an empty field with a fence and some trees,The girl then hits the ball all around the yard while the camera follows.,A young woman is seen speaking to the camera while holding onto a field hockey stick. The girl then hits the ball all around the yard while the camera follows. She continues to hit the ball around and stops to look at the camera.
v_sV6NoTdFaPE,2,3,57.35,82.79,[57.4s] a man is standing in the middle of a field | [62.4s] a man is standing in the middle of a field | [67.5s] a small white dog standing in the grass | [72.6s] a woman in red shorts playing with a stick | [77.7s] a young girl is running in the grass | [82.8s] a woman in red shorts holding a rifle,She continues to hit the ball around and stops to look at the camera.,A young woman is seen speaking to the camera while holding onto a field hockey stick. The girl then hits the ball all around the yard while the camera follows. She continues to hit the ball around and stops to look at the camera.
v_1wqSUOGmpBs,0,3,0.0,44.12,[0.0s] a group of naked men playing in the water | [6.3s] a group of sumo wrestlers wrestling in the ring | [12.6s] two sumo wrestlers fighting in a wrestling ring | [18.9s] two sumo wrestlers fighting in a wrestling ring | [25.2s] two sumo wrestlers fighting in a wrestling ring | [31.5s] two sumo wrestlers fighting in a wrestling ring | [37.8s] two sumo wrestlers in a wrestling ring | [44.1s] two sumo wrestlers fighting in a wrestling ring,Two very large sumos are in an elevated circle doing leg warm ups and squatting while another man in the middle dressed in Japanese garb referees.,"Two very large sumos are in an elevated circle doing leg warm ups and squatting while another man in the middle dressed in Japanese garb referees. The referee lets them know when to start and the sumos wrestle while the referee walks around the ring and monitors them. Finally one of the men is able to push another man out of the ring,they stop wrestling, the loser walks to his end and they bow to one another and both leave the ring."
v_1wqSUOGmpBs,1,3,44.12,109.65,[44.1s] two sumo wrestlers fighting in a wrestling ring | [53.5s] two sumo wrestlers fighting in a wrestling ring | [62.8s] two sumo wrestlers wrestle in a wrestling ring | [72.2s] two sumo wrestlers fighting in a wrestling ring | [81.6s] two sumo wrestlers wrestle in a wrestling ring | [90.9s] two sumo wrestlers fighting in a wrestling ring | [100.3s] two sumo wrestlers fighting in a wrestling ring | [109.7s] a wrestling match with two wrestlers in the ring,The referee lets them know when to start and the sumos wrestle while the referee walks around the ring and monitors them.,"Two very large sumos are in an elevated circle doing leg warm ups and squatting while another man in the middle dressed in Japanese garb referees. The referee lets them know when to start and the sumos wrestle while the referee walks around the ring and monitors them. Finally one of the men is able to push another man out of the ring,they stop wrestling, the loser walks to his end and they bow to one another and both leave the ring."
v_1wqSUOGmpBs,2,3,109.65,129.66286666666667,[109.7s] a wrestling match with two wrestlers in the ring | [114.7s] two sumo wrestlers fighting in a wrestling ring | [119.7s] a wrestling match with two wrestlers in the ring | [124.7s] a wrestling match in the middle of an arena | [129.7s] a wrestling match in the middle of an arena,"Finally one of the men is able to push another man out of the ring,they stop wrestling, the loser walks to his end and they bow to one another and both leave the ring.","Two very large sumos are in an elevated circle doing leg warm ups and squatting while another man in the middle dressed in Japanese garb referees. The referee lets them know when to start and the sumos wrestle while the referee walks around the ring and monitors them. Finally one of the men is able to push another man out of the ring,they stop wrestling, the loser walks to his end and they bow to one another and both leave the ring."
v_aJbl1eVBzk0,0,4,0.0,187.72920833333333,[0.0s] a black and white photo of the moon in the sky | [26.8s] a man is working on a bicycle wheel | [53.6s] a man is working on his bike in the garage | [80.5s] a man working on a bicycle in a bike shop | [107.3s] a man working on a bicycle in his workshop | [134.1s] a man is working on his bike in the shop | [160.9s] a close up of an electronic device hanging from the ceiling | [187.7s] a black and white photo of the moon in the sky,People are working in a bike shop fixing a bike.,People are working in a bike shop fixing a bike. They put the wheels back onto the bike. The put the seat on the bike. The bike is put together on the floor.
v_aJbl1eVBzk0,1,4,122.09,129.6,[125.8s] two men working on bicycles in a workshop,They put the wheels back onto the bike.,People are working in a bike shop fixing a bike. They put the wheels back onto the bike. The put the seat on the bike. The bike is put together on the floor.
v_aJbl1eVBzk0,2,4,143.69,146.51,[145.1s] two men working on a bike in a workshop,The put the seat on the bike.,People are working in a bike shop fixing a bike. They put the wheels back onto the bike. The put the seat on the bike. The bike is put together on the floor.
v_aJbl1eVBzk0,3,4,167.17,169.98,[168.6s] a person working on a bike in a garage,The bike is put together on the floor.,People are working in a bike shop fixing a bike. They put the wheels back onto the bike. The put the seat on the bike. The bike is put together on the floor.
v_NbdAUGbrWrE,0,3,0.0,128.2,[0.0s] a woman with long hair standing in front of a mirror | [18.3s] the woman is wearing a white dress | [36.6s] the woman is wearing a white dress | [54.9s] a woman with long brown hair | [73.3s] a woman standing in front of a mirror | [91.6s] a woman with long hair standing in front of a mirror | [109.9s] a woman with long red hair standing in a room | [128.2s] a woman is standing in front of a mirror,A teenage girl brushes her hair.,A teenage girl brushes her hair. The girl looks down as if she is confused. The girl talks to the camera.
v_NbdAUGbrWrE,1,3,82.42,98.77,[82.4s] a woman in black lingers on the bed | [87.9s] a woman holding a gun in her hand | [93.3s] a woman with long hair standing in front of a mirror | [98.8s] a woman standing in front of a mirror,The girl looks down as if she is confused.,A teenage girl brushes her hair. The girl looks down as if she is confused. The girl talks to the camera.
v_NbdAUGbrWrE,2,3,128.86,130.7058823529412,[129.8s] a woman sitting on top of a bed,The girl talks to the camera.,A teenage girl brushes her hair. The girl looks down as if she is confused. The girl talks to the camera.
v_uz4Tb2RG1tY,0,2,0.0,77.48,[0.0s] a man in a white lab coat standing in a kitchen | [11.1s] a man is preparing food in the kitchen | [22.1s] a man is preparing food in the kitchen | [33.2s] a man is cutting up some food in the kitchen | [44.3s] a person is preparing food in the kitchen | [55.3s] a man in a kitchen holding a knife | [66.4s] a person using a sponge to clean the floor | [77.5s] a person cutting wood with a knife,A chef is seen speaking to the camera holding up a knife as well as a sharpener.,A chef is seen speaking to the camera holding up a knife as well as a sharpener. The man then sharpens the knife on a board on the table as well as on the sharpener.
v_uz4Tb2RG1tY,1,2,56.42,148.2,[56.4s] a man standing in a kitchen holding a knife | [69.5s] a person is cleaning the floor with a sponge | [82.6s] a person cutting wood with a knife | [95.8s] a person is putting something on the counter | [108.9s] a man standing in a kitchen holding a knife | [122.0s] a man is standing in the kitchen preparing food | [135.1s] questions for the chef | [148.2s] questions for the chef,The man then sharpens the knife on a board on the table as well as on the sharpener.,A chef is seen speaking to the camera holding up a knife as well as a sharpener. The man then sharpens the knife on a board on the table as well as on the sharpener.
v_4fEY6zIq8bQ,0,3,0.0,219.6,[0.0s] a man is painting the walls of a room | [31.4s] a man is painting the walls of a room | [62.7s] a light that is on the ceiling in a room | [94.1s] a fire is burning in the corner of a room | [125.5s] a man is painting the walls of a room | [156.9s] a man standing in the middle of a room | [188.2s] an empty room with a light coming from the ceiling | [219.6s] this is a cat,The man is plastering the wall.,The man is plastering the wall. The man bend over then continue to plaster the wall. The man cover the wall with pink plaster until the whole wall is covered.
v_4fEY6zIq8bQ,1,3,17.57,81.27,[17.6s] a room with peeling paint on the walls | [26.7s] a person standing in the middle of a room | [35.8s] a man is painting the walls of a room | [44.9s] a living room with pink walls and white furniture | [54.0s] a man is painting the walls of a room | [63.1s] a room that has been painted pink | [72.2s] a man is painting the walls of a room | [81.3s] a man is painting the walls of a room,The man bend over then continue to plaster the wall.,The man is plastering the wall. The man bend over then continue to plaster the wall. The man cover the wall with pink plaster until the whole wall is covered.
v_4fEY6zIq8bQ,2,3,71.39,219.6,[71.4s] a man standing in the corner of a room | [92.6s] a fire in the middle of a room | [113.7s] a light that is shining on the wall | [134.9s] a man is painting the walls of a room | [156.1s] a man standing in the middle of a room | [177.3s] a man is painting the walls of a room | [198.4s] a man standing in the corner of a room | [219.6s] this is a cat,The man cover the wall with pink plaster until the whole wall is covered.,The man is plastering the wall. The man bend over then continue to plaster the wall. The man cover the wall with pink plaster until the whole wall is covered.
v_hoisfXCLJDQ,0,3,0.15,3.19,[1.7s] a group of people floating down the river,A camera zooms in on a person riding in a tube.,A camera zooms in on a person riding in a tube. More people are seen riding in tubes behind the man. The people continue to ride around the area down the river.
v_hoisfXCLJDQ,1,3,3.19,9.79,[6.5s] a group of people floating down the river,More people are seen riding in tubes behind the man.,A camera zooms in on a person riding in a tube. More people are seen riding in tubes behind the man. The people continue to ride around the area down the river.
v_hoisfXCLJDQ,2,3,7.06,12.53,[9.8s] a group of people are rafting down the river,The people continue to ride around the area down the river.,A camera zooms in on a person riding in a tube. More people are seen riding in tubes behind the man. The people continue to ride around the area down the river.
v_huFuRGoZt9I,0,2,0.0,13.2,[0.0s] a group of people playing poker in a casino | [6.6s] a group of people sitting around a poker table | [13.2s] two people playing a game of poker,A dealer is shown laying out cards on a table while other people's hands are shown on the side.,A dealer is shown laying out cards on a table while other people's hands are shown on the side. The person then lays out cards while another person lays out their chips.
v_huFuRGoZt9I,1,2,13.78,23.288,[13.8s] two men playing poker,The person then lays out cards while another person lays out their chips.,A dealer is shown laying out cards on a table while other people's hands are shown on the side. The person then lays out cards while another person lays out their chips.
v_rggwT0-G5sk,0,4,0.0,55.77,[0.0s] this is a person | [8.0s] the floor is made of wood | [15.9s] a man is playing basketball on the court | [23.9s] a man is playing badminton on the court | [31.9s] a group of people playing a game on a court | [39.8s] a man is playing tennis on the court | [47.8s] the man is playing a game of squash | [55.8s] the floor is wood,Two young men are shown running back and fourth down a court hitting a tennis ball.,Two young men are shown running back and fourth down a court hitting a tennis ball. They keep hitting the ball against the wall and chasing the ball around. One pauses and hits the ball on his racket and again throws it for the boys to play. One falls down on the ground towards the end and the other helps him up.
v_rggwT0-G5sk,1,4,7.86,34.17,[7.9s] the floor is made of wood | [13.1s] the floor is made of wood | [18.4s] a group of people playing tennis in an indoor court | [23.6s] the floor is made of wood | [28.9s] a boy is playing with a tennis racket | [34.2s] a man is playing tennis in an indoor court,They keep hitting the ball against the wall and chasing the ball around.,Two young men are shown running back and fourth down a court hitting a tennis ball. They keep hitting the ball against the wall and chasing the ball around. One pauses and hits the ball on his racket and again throws it for the boys to play. One falls down on the ground towards the end and the other helps him up.
v_rggwT0-G5sk,2,4,33.78,54.99,[33.8s] the floor is made of wood | [39.1s] a man is playing tennis on the court | [44.4s] two men playing a game of squash | [49.7s] two men playing a game of squash | [55.0s] two men playing a game of volleyball in an empty room,One pauses and hits the ball on his racket and again throws it for the boys to play.,Two young men are shown running back and fourth down a court hitting a tennis ball. They keep hitting the ball against the wall and chasing the ball around. One pauses and hits the ball on his racket and again throws it for the boys to play. One falls down on the ground towards the end and the other helps him up.
v_rggwT0-G5sk,3,4,56.17,78.5,[56.2s] the floor is made of wood | [61.8s] two people playing a game of badminton | [67.3s] two people playing a game of squash | [72.9s] the floor is made of wood | [78.5s] two people in a room,One falls down on the ground towards the end and the other helps him up.,Two young men are shown running back and fourth down a court hitting a tennis ball. They keep hitting the ball against the wall and chasing the ball around. One pauses and hits the ball on his racket and again throws it for the boys to play. One falls down on the ground towards the end and the other helps him up.
v_MKmrqcoCZ-M,0,3,4.92,23.19,[4.9s] a man sitting on the floor in a gym | [11.0s] a man in blue shirt sitting on a bench | [17.1s] a man sitting on the floor in a gym | [23.2s] a man is doing an exercise on the floor,A man is sitting on a black mat in a gym.,A man is sitting on a black mat in a gym. He lays back and does crunches on the mat. He sits up and continues talking.
v_MKmrqcoCZ-M,1,3,23.55,57.64,"[23.6s] a man is doing an exercise on the floor | [28.4s] a man laying on the floor with his head in his hands | [33.3s] a man is doing an exercise on the floor | [38.2s] a man is doing an exercise on the floor | [43.0s] a man is doing an exercise in the gym | [47.9s] a man is doing an exercise on the floor | [52.8s] a man is doing an exercise on the floor | [57.6s] an image of a white background with the words, how do you know?",He lays back and does crunches on the mat.,A man is sitting on a black mat in a gym. He lays back and does crunches on the mat. He sits up and continues talking.
v_MKmrqcoCZ-M,2,3,57.64,70.23683333333334,"[57.6s] an image of a white background with the words, how do you know? | [63.9s] a man sitting on the floor in a gym | [70.2s] the yoast logo on a white background",He sits up and continues talking.,A man is sitting on a black mat in a gym. He lays back and does crunches on the mat. He sits up and continues talking.
v_1JHqxhajh60,0,2,0.0,99.6598295779866,[0.0s] a small dog standing on top of a glass bowl | [14.2s] a brown and white dog | [28.5s] a brown and white dog in a bathtub | [42.7s] a black and white photo of a woman with long hair | [56.9s] the dog is brown and white | [71.2s] the cat is in a bathtub | [85.4s] a brown and white dog standing in a bathtub | [99.7s] this is a bathroom,A hand is holding a shower head close to a dog.,A hand is holding a shower head close to a dog. The dog moves around the bathtub as he tries to bite the water being splashed on him.
v_1JHqxhajh60,1,2,0.5,99.35,[0.5s] a small dog standing on top of a bed | [14.6s] a brown and white dog standing in a bathtub | [28.7s] the dog is brown and white | [42.9s] a black and white photo of a woman with long hair | [57.0s] the dog is brown and white | [71.1s] the cat is in the bathtub | [85.2s] a brown and white dog in a bathtub | [99.3s] a spider is sitting in the corner of a bathroom,The dog moves around the bathtub as he tries to bite the water being splashed on him.,A hand is holding a shower head close to a dog. The dog moves around the bathtub as he tries to bite the water being splashed on him.
v_EhxFw5Eb1VE,0,2,1.01,17.45,[1.0s] a man standing on top of a basketball court | [6.5s] a woman jumping over an obstacle in a stadium | [12.0s] a person on a balance beam in a stadium | [17.4s] a person on a balance beam in a stadium,"The male athlete is standing by the two poles, raised his arms up, then jumped on the poles with his arms, while under him, a man pull out a red beam.","The male athlete is standing by the two poles, raised his arms up, then jumped on the poles with his arms, while under him, a man pull out a red beam. The athlete perform his exhibition on the poles, he stand on his arms while his feet and legs are extended straight up in the air, he turns around, swirl, jumped and twist around then jumped on the mat, standing straight."
v_EhxFw5Eb1VE,1,2,11.41,67.04,[11.4s] a person on a balance beam in a stadium | [19.4s] a man on a balance beam | [27.3s] a woman on the balance beam | [35.3s] a man on the balance beam | [43.2s] a person jumping in the air on a high jump | [51.1s] a person on a balance beam in a stadium | [59.1s] a blue and red logo on a black background | [67.0s] a black and white photo of a man in the dark,"The athlete perform his exhibition on the poles, he stand on his arms while his feet and legs are extended straight up in the air, he turns around, swirl, jumped and twist around then jumped on the mat, standing straight.","The male athlete is standing by the two poles, raised his arms up, then jumped on the poles with his arms, while under him, a man pull out a red beam. The athlete perform his exhibition on the poles, he stand on his arms while his feet and legs are extended straight up in the air, he turns around, swirl, jumped and twist around then jumped on the mat, standing straight."
v_HNBiW2Nq318,0,2,1.6,22.62,[1.6s] a man standing on top of a balance beam | [6.9s] a man is jumping on a tram tram | [12.1s] a man on a tram tram jumping over an obstacle | [17.4s] a man on a tram tram jumping in the air | [22.6s] a view of the inside of an indoor gymnastics facility,A person is seen bending forward on a gymnastics beam while moving his hands up to keep balance.,"A person is seen bending forward on a gymnastics beam while moving his hands up to keep balance. The man then attempts a flip but lands on his stomach and falls off, walking away in pain and his jump shown again in slow motion."
v_HNBiW2Nq318,1,2,23.02,39.23,[23.0s] a view of the inside of a gymnastics facility | [28.4s] a man on a tram tram jumping over an obstacle | [33.8s] a man is doing gymnastics on the floor | [39.2s] a man on a tram tram jumping over an obstacle,"The man then attempts a flip but lands on his stomach and falls off, walking away in pain and his jump shown again in slow motion.","A person is seen bending forward on a gymnastics beam while moving his hands up to keep balance. The man then attempts a flip but lands on his stomach and falls off, walking away in pain and his jump shown again in slow motion."
v_cByxAZfw_hM,0,2,0.0,50.92,[0.0s] a man in a green shirt running on a track | [7.3s] a man standing on top of a track | [14.5s] a man running on a track with other people watching | [21.8s] a man sitting on top of a race track | [29.1s] a man running on a track with other people watching | [36.4s] a baseball player slides into the base during a game | [43.6s] a man in a green shirt and black shorts running on a track | [50.9s] an image of a man playing volleyball in front of a crowd,man is running in a race track and make a long jump while people in stands is watching him an clapping.,man is running in a race track and make a long jump while people in stands is watching him an clapping. people on side of the racetrack is sitting on a side.
v_cByxAZfw_hM,1,2,0.0,35.23,[0.0s] a man in a green shirt running on a track | [5.0s] a man standing on top of a track | [10.1s] a man in a green shirt running on a track | [15.1s] a soccer game is being played on the field | [20.1s] a man sitting on top of a race track | [25.2s] a person jumping over an obstacle on a track | [30.2s] a soccer game is being played on the field | [35.2s] a man is jumping in the air with his arms up,people on side of the racetrack is sitting on a side.,man is running in a race track and make a long jump while people in stands is watching him an clapping. people on side of the racetrack is sitting on a side.
v_j-qAgWm_Ylw,0,3,0.0,19.52,[0.0s] a group of people playing table tennis in a gym | [6.5s] a group of people standing on top of a track | [13.0s] a group of people standing on top of a track | [19.5s] a woman in a red top running on a track,The man in stripes shirt ran to the narrow path and hopped and jumped on the sandy ground.,The man in stripes shirt ran to the narrow path and hopped and jumped on the sandy ground. The men are jumped one by one on the sandy ground while a man and woman are holding a rake and smoothen the ground. Two people are holding a tape measure and measure the jump.
v_j-qAgWm_Ylw,1,3,15.8,185.84,[15.8s] a group of people standing on top of a track | [40.1s] a group of people standing on top of a track | [64.4s] a group of people standing on top of a track | [88.7s] a group of people are working on the track | [113.0s] a group of people working on an indoor track | [137.3s] a group of people standing on top of a track | [161.5s] a group of people standing on top of a tennis court | [185.8s] a group of people are on the track,The men are jumped one by one on the sandy ground while a man and woman are holding a rake and smoothen the ground.,The man in stripes shirt ran to the narrow path and hopped and jumped on the sandy ground. The men are jumped one by one on the sandy ground while a man and woman are holding a rake and smoothen the ground. Two people are holding a tape measure and measure the jump.
v_j-qAgWm_Ylw,2,3,59.49,145.93,[59.5s] a group of people standing on top of a track | [71.8s] a group of people working on an indoor track | [84.2s] a woman is running on the track | [96.5s] a group of people standing on top of a track | [108.9s] a group of people standing on top of a track | [121.2s] a group of people standing on top of a tennis court | [133.6s] a group of people are running on the track | [145.9s] a group of people standing on top of a track,Two people are holding a tape measure and measure the jump.,The man in stripes shirt ran to the narrow path and hopped and jumped on the sandy ground. The men are jumped one by one on the sandy ground while a man and woman are holding a rake and smoothen the ground. Two people are holding a tape measure and measure the jump.
v_dth80jcqPxU,0,4,0.0,107.2,"[0.0s] a blue background with the words, ' tint left block optimal ' | [15.3s] a blue background with the words he ' s what looks in the shot | [30.6s] a baseball game is being played on the field | [45.9s] a blue background with the words in black and white | [61.3s] a man in black shirt throwing a ball | [76.6s] a man is playing with a soccer ball | [91.9s] a man is playing tennis on the court | [107.2s] a blue background with the words, ' we ' re this video and other videos",Several types of shot put throws and terminology are demonstrated.,"Several types of shot put throws and terminology are demonstrated. The different throws show different block types. These are used  in various sling types. Some names of some of the throws are the glide shot,  the spin Shot, and the stand throw."
v_dth80jcqPxU,1,4,0.0,103.56,"[0.0s] a blue background with the words, ' tint left block optimal ' | [14.8s] a blue background with the words he ' s what looks in the shot | [29.6s] a baseball game is being played on the field | [44.4s] a blue background with the words in black and white | [59.2s] a man is playing tennis in an indoor court | [74.0s] a man is in the middle of a boxing ring | [88.8s] a man is standing in the middle of a basketball court | [103.6s] a blue background with the words here is how to begin",The different throws show different block types.,"Several types of shot put throws and terminology are demonstrated. The different throws show different block types. These are used  in various sling types. Some names of some of the throws are the glide shot,  the spin Shot, and the stand throw."
v_dth80jcqPxU,2,4,0.0,100.87,"[0.0s] a blue background with the words, ' tint left block optimal ' | [14.4s] a blue background with the words he ' s what looks in the shot | [28.8s] a baseball game is being played on the field | [43.2s] an image of a blue background with the words in black and white | [57.6s] a man standing on top of a basketball court | [72.0s] a man standing on top of a tennis court | [86.5s] a man is throwing a ball in the air | [100.9s] a man is playing tennis on the court",These are used  in various sling types.,"Several types of shot put throws and terminology are demonstrated. The different throws show different block types. These are used  in various sling types. Some names of some of the throws are the glide shot,  the spin Shot, and the stand throw."
v_dth80jcqPxU,3,4,23.61,51.51,[23.6s] a blue background with the words he ' s what looks like the spin shot | [29.2s] a baseball game is being played on the field | [34.8s] an image of a man jumping in the air | [40.4s] an image of a man jumping in the air | [45.9s] a blue background with the words in black and white | [51.5s] a man is skateboarding in an empty parking lot,"Some names of some of the throws are the glide shot,  the spin Shot, and the stand throw.","Several types of shot put throws and terminology are demonstrated. The different throws show different block types. These are used  in various sling types. Some names of some of the throws are the glide shot,  the spin Shot, and the stand throw."
v_fzp5ooc727c,0,9,0.0,14.83,[0.0s] a black and white image of the title for the film ' s title | [7.4s] a group of people walking down a street | [14.8s] a group of men walking down the street,Two lines of young men are walking side by side down a road.,"Two lines of young men are walking side by side down a road. Then one man stands in a field holding a wooden object and begins twisting it. He then bends down and grabs a ball. After,the ball is placed on the ground and he picks it up and hits it as if he's playing baseball. The ball is thrown back and he its it again. Shortly after, a field of men are shown and they begin playing a game against one another. There was a penalty and one players attempts to hit the ball into the goal from the side. After,everyone is pictured lying down on the ground as if they are dead but one person begins to sit up but gets hit in the head by the ball and lays back down. Lastly,the screen flashes to a black screen and the words The End are shown."
v_fzp5ooc727c,1,9,15.57,32.63,[15.6s] a group of men walking down the street | [21.3s] an old black and white photo of a man playing golf | [26.9s] a man holding a baseball bat in his hand | [32.6s] a black and white photo of a person holding a baseball bat,Then one man stands in a field holding a wooden object and begins twisting it.,"Two lines of young men are walking side by side down a road. Then one man stands in a field holding a wooden object and begins twisting it. He then bends down and grabs a ball. After,the ball is placed on the ground and he picks it up and hits it as if he's playing baseball. The ball is thrown back and he its it again. Shortly after, a field of men are shown and they begin playing a game against one another. There was a penalty and one players attempts to hit the ball into the goal from the side. After,everyone is pictured lying down on the ground as if they are dead but one person begins to sit up but gets hit in the head by the ball and lays back down. Lastly,the screen flashes to a black screen and the words The End are shown."
v_fzp5ooc727c,2,9,32.63,44.5,[32.6s] a black and white photo of a person holding a baseball bat | [44.5s] a black and white photo of a man holding a baseball bat,He then bends down and grabs a ball.,"Two lines of young men are walking side by side down a road. Then one man stands in a field holding a wooden object and begins twisting it. He then bends down and grabs a ball. After,the ball is placed on the ground and he picks it up and hits it as if he's playing baseball. The ball is thrown back and he its it again. Shortly after, a field of men are shown and they begin playing a game against one another. There was a penalty and one players attempts to hit the ball into the goal from the side. After,everyone is pictured lying down on the ground as if they are dead but one person begins to sit up but gets hit in the head by the ball and lays back down. Lastly,the screen flashes to a black screen and the words The End are shown."
v_fzp5ooc727c,3,9,44.5,65.26,[44.5s] a black and white photo of a man holding a baseball bat | [49.7s] a black and white photo of a man playing baseball | [54.9s] a black and white photo of a man playing golf | [60.1s] a man swinging a bat at a baseball game | [65.3s] a black and white photo of a man playing baseball,"After,the ball is placed on the ground and he picks it up and hits it as if he's playing baseball.","Two lines of young men are walking side by side down a road. Then one man stands in a field holding a wooden object and begins twisting it. He then bends down and grabs a ball. After,the ball is placed on the ground and he picks it up and hits it as if he's playing baseball. The ball is thrown back and he its it again. Shortly after, a field of men are shown and they begin playing a game against one another. There was a penalty and one players attempts to hit the ball into the goal from the side. After,everyone is pictured lying down on the ground as if they are dead but one person begins to sit up but gets hit in the head by the ball and lays back down. Lastly,the screen flashes to a black screen and the words The End are shown."
v_fzp5ooc727c,4,9,66.74,72.68,[69.7s] an old black and white photo of a man playing baseball,The ball is thrown back and he its it again.,"Two lines of young men are walking side by side down a road. Then one man stands in a field holding a wooden object and begins twisting it. He then bends down and grabs a ball. After,the ball is placed on the ground and he picks it up and hits it as if he's playing baseball. The ball is thrown back and he its it again. Shortly after, a field of men are shown and they begin playing a game against one another. There was a penalty and one players attempts to hit the ball into the goal from the side. After,everyone is pictured lying down on the ground as if they are dead but one person begins to sit up but gets hit in the head by the ball and lays back down. Lastly,the screen flashes to a black screen and the words The End are shown."
v_fzp5ooc727c,5,9,74.16,107.53,[74.2s] an old photo of a man playing tennis | [78.9s] a black and white photo of a man swinging a tennis racket | [83.7s] a black and white photo of a man playing baseball | [88.5s] two men are playing baseball in the street | [93.2s] a black and white photo of two men playing golf | [98.0s] a black and white photo of a man playing baseball | [102.8s] a group of men playing soccer on a field | [107.5s] a black and white photo of a man swinging a bat,"Shortly after, a field of men are shown and they begin playing a game against one another.","Two lines of young men are walking side by side down a road. Then one man stands in a field holding a wooden object and begins twisting it. He then bends down and grabs a ball. After,the ball is placed on the ground and he picks it up and hits it as if he's playing baseball. The ball is thrown back and he its it again. Shortly after, a field of men are shown and they begin playing a game against one another. There was a penalty and one players attempts to hit the ball into the goal from the side. After,everyone is pictured lying down on the ground as if they are dead but one person begins to sit up but gets hit in the head by the ball and lays back down. Lastly,the screen flashes to a black screen and the words The End are shown."
v_fzp5ooc727c,6,9,106.05,130.52,[106.0s] a group of men playing baseball on a field | [110.9s] a black and white photo of two men playing soccer | [115.8s] a black and white photo of a baseball game | [120.7s] a black and white photo of two men playing soccer | [125.6s] a group of people swimming in the water | [130.5s] a group of men diving in the water,There was a penalty and one players attempts to hit the ball into the goal from the side.,"Two lines of young men are walking side by side down a road. Then one man stands in a field holding a wooden object and begins twisting it. He then bends down and grabs a ball. After,the ball is placed on the ground and he picks it up and hits it as if he's playing baseball. The ball is thrown back and he its it again. Shortly after, a field of men are shown and they begin playing a game against one another. There was a penalty and one players attempts to hit the ball into the goal from the side. After,everyone is pictured lying down on the ground as if they are dead but one person begins to sit up but gets hit in the head by the ball and lays back down. Lastly,the screen flashes to a black screen and the words The End are shown."
v_fzp5ooc727c,7,9,129.78,137.94,[129.8s] a group of people swimming in the water | [137.9s] a man sitting on top of a rock,"After,everyone is pictured lying down on the ground as if they are dead but one person begins to sit up but gets hit in the head by the ball and lays back down.","Two lines of young men are walking side by side down a road. Then one man stands in a field holding a wooden object and begins twisting it. He then bends down and grabs a ball. After,the ball is placed on the ground and he picks it up and hits it as if he's playing baseball. The ball is thrown back and he its it again. Shortly after, a field of men are shown and they begin playing a game against one another. There was a penalty and one players attempts to hit the ball into the goal from the side. After,everyone is pictured lying down on the ground as if they are dead but one person begins to sit up but gets hit in the head by the ball and lays back down. Lastly,the screen flashes to a black screen and the words The End are shown."
v_fzp5ooc727c,8,9,137.94,148.24,[137.9s] a man sitting on top of a rock | [148.2s] a black and white logo for the end,"Lastly,the screen flashes to a black screen and the words The End are shown.","Two lines of young men are walking side by side down a road. Then one man stands in a field holding a wooden object and begins twisting it. He then bends down and grabs a ball. After,the ball is placed on the ground and he picks it up and hits it as if he's playing baseball. The ball is thrown back and he its it again. Shortly after, a field of men are shown and they begin playing a game against one another. There was a penalty and one players attempts to hit the ball into the goal from the side. After,everyone is pictured lying down on the ground as if they are dead but one person begins to sit up but gets hit in the head by the ball and lays back down. Lastly,the screen flashes to a black screen and the words The End are shown."
v_HeHQxObROwQ,0,4,0.0,17.61,[0.0s] two women sitting on the floor in a bathroom | [5.9s] two men in a bathroom with their hands on the floor | [11.7s] this is a woman | [17.6s] two men in the bathroom with their hands together,A woman is spreading shaving cream on another woman's legs.,"A woman is spreading shaving cream on another woman's legs. She puts her hands under water and begins to shave the woman's legs for her. She starts from bottom to top of the leg and continues that motion. The video is very unsteady, but the woman continues to shave her friends leg."
v_HeHQxObROwQ,1,4,17.61,39.4,[17.6s] two men in the bathroom with their hands together | [23.1s] a woman is getting her pussyed in the shower | [28.5s] a woman is getting her pussy on the floor | [34.0s] a woman is getting her pussyed in the bathroom | [39.4s] this is a woman,She puts her hands under water and begins to shave the woman's legs for her.,"A woman is spreading shaving cream on another woman's legs. She puts her hands under water and begins to shave the woman's legs for her. She starts from bottom to top of the leg and continues that motion. The video is very unsteady, but the woman continues to shave her friends leg."
v_HeHQxObROwQ,2,4,39.4,62.57,[39.4s] this is a woman | [45.2s] two men in the bathroom playing with each other guys | [51.0s] the man is wearing a tank top | [56.8s] a woman is getting her pussy fucked in the bathroom | [62.6s] a woman is getting her pussyed in the bathroom,She starts from bottom to top of the leg and continues that motion.,"A woman is spreading shaving cream on another woman's legs. She puts her hands under water and begins to shave the woman's legs for her. She starts from bottom to top of the leg and continues that motion. The video is very unsteady, but the woman continues to shave her friends leg."
v_HeHQxObROwQ,3,4,62.57,92.23,[62.6s] a woman is getting her pussyed in the bathroom | [67.5s] a man is getting his penis fucked by another | [72.5s] the man is wearing a white shirt | [77.4s] a woman standing in front of a toilet | [82.3s] a woman standing in front of a bathroom mirror | [87.3s] a man is looking at some food on the counter | [92.2s] a woman is getting her pussyed in the bathroom,"The video is very unsteady, but the woman continues to shave her friends leg.","A woman is spreading shaving cream on another woman's legs. She puts her hands under water and begins to shave the woman's legs for her. She starts from bottom to top of the leg and continues that motion. The video is very unsteady, but the woman continues to shave her friends leg."
v_E3h0UHRsSQk,0,6,0.0,89.71,[0.0s] a group of people sitting at a table eating food | [12.8s] a man in black shirt cutting wood with scissors | [25.6s] a group of people standing around a table | [38.4s] a man is cutting paper with scissors on a table | [51.3s] a person is making something on a table | [64.1s] a group of people standing around a table | [76.9s] a person is making something on a table | [89.7s] a group of people standing around a table,A man wearing a black clothes is sharpening the knife on a stone.,"A man wearing a black clothes is sharpening the knife on a stone. The man beside him on blue long sleeves drawing something on the table with his finger. The man turn the knife to sharpen the other side and then wipe it with paper towel. The man in navy blue shirt point to the knife while the man sharpening the knife tries to sharpen it one hand. He continues sharpening the knife, turn it again to further sharpen the other side and wipe it again with paper towel. Throws the old and dirty paper towel and reach the roll of paper towel and clean the knife."
v_E3h0UHRsSQk,1,6,21.44,27.65,[24.5s] a group of people standing around a table,The man beside him on blue long sleeves drawing something on the table with his finger.,"A man wearing a black clothes is sharpening the knife on a stone. The man beside him on blue long sleeves drawing something on the table with his finger. The man turn the knife to sharpen the other side and then wipe it with paper towel. The man in navy blue shirt point to the knife while the man sharpening the knife tries to sharpen it one hand. He continues sharpening the knife, turn it again to further sharpen the other side and wipe it again with paper towel. Throws the old and dirty paper towel and reach the roll of paper towel and clean the knife."
v_E3h0UHRsSQk,2,6,37.24,46.27,[37.2s] a person cutting wood with a knife | [46.3s] a man in black shirt working on a piece of wood,The man turn the knife to sharpen the other side and then wipe it with paper towel.,"A man wearing a black clothes is sharpening the knife on a stone. The man beside him on blue long sleeves drawing something on the table with his finger. The man turn the knife to sharpen the other side and then wipe it with paper towel. The man in navy blue shirt point to the knife while the man sharpening the knife tries to sharpen it one hand. He continues sharpening the knife, turn it again to further sharpen the other side and wipe it again with paper towel. Throws the old and dirty paper towel and reach the roll of paper towel and clean the knife."
v_E3h0UHRsSQk,3,6,46.27,58.68,[46.3s] a man in black shirt working on a piece of wood | [52.5s] a person cutting up some food on a table | [58.7s] a group of people standing around a table,The man in navy blue shirt point to the knife while the man sharpening the knife tries to sharpen it one hand.,"A man wearing a black clothes is sharpening the knife on a stone. The man beside him on blue long sleeves drawing something on the table with his finger. The man turn the knife to sharpen the other side and then wipe it with paper towel. The man in navy blue shirt point to the knife while the man sharpening the knife tries to sharpen it one hand. He continues sharpening the knife, turn it again to further sharpen the other side and wipe it again with paper towel. Throws the old and dirty paper towel and reach the roll of paper towel and clean the knife."
v_E3h0UHRsSQk,4,6,58.68,100.44,[58.7s] a group of people standing around a table | [64.6s] a group of people standing around a table | [70.6s] a person is cutting paper with scissors | [76.6s] a person cutting paper with scissors on a table | [82.5s] a group of people standing around a table | [88.5s] a group of people standing around a table | [94.5s] a group of people standing around a table | [100.4s] a group of people standing around a table,"He continues sharpening the knife, turn it again to further sharpen the other side and wipe it again with paper towel.","A man wearing a black clothes is sharpening the knife on a stone. The man beside him on blue long sleeves drawing something on the table with his finger. The man turn the knife to sharpen the other side and then wipe it with paper towel. The man in navy blue shirt point to the knife while the man sharpening the knife tries to sharpen it one hand. He continues sharpening the knife, turn it again to further sharpen the other side and wipe it again with paper towel. Throws the old and dirty paper towel and reach the roll of paper towel and clean the knife."
v_E3h0UHRsSQk,5,6,100.44,112.8,[100.4s] a group of people standing around a table | [106.6s] a group of people standing around a table | [112.8s] a group of people standing around a table,Throws the old and dirty paper towel and reach the roll of paper towel and clean the knife.,"A man wearing a black clothes is sharpening the knife on a stone. The man beside him on blue long sleeves drawing something on the table with his finger. The man turn the knife to sharpen the other side and then wipe it with paper towel. The man in navy blue shirt point to the knife while the man sharpening the knife tries to sharpen it one hand. He continues sharpening the knife, turn it again to further sharpen the other side and wipe it again with paper towel. Throws the old and dirty paper towel and reach the roll of paper towel and clean the knife."
v_SQncxXAlBFE,0,2,0.0,43.96,[0.0s] a woman squats on a weightlifting bench | [6.3s] a woman lifting a barbell in a weightlifting competition | [12.6s] a woman lifting a barbell in a weightlifting competition | [18.8s] a woman lifting a barbell in the gym | [25.1s] a woman lifting a barbell in a weightlifting competition | [31.4s] a woman lifting a barbell in a weightlifting competition | [37.7s] a woman squats with a barbell | [44.0s] a woman lifting a barbell in a weightlifting competition,A woman body builder slowly lifts a giant barbell of weights up into the air.,"A woman body builder slowly lifts a giant barbell of weights up into the air. She lifts it to her chest, Then over her head before freezing in place."
v_SQncxXAlBFE,1,2,49.61,125.54166666666667,[49.6s] a woman lifting a barbell in a weightlifting competition | [60.5s] a woman lifting a barbell in a weightlifting competition | [71.3s] a woman lifting a barbell in a weightlifting competition | [82.2s] a woman in a weightlifting competition holding a barbell | [93.0s] a woman lifting a barbell in a weightlifting competition | [103.8s] a woman lifting a barbell in the gym | [114.7s] a woman lifting a barbell in a gym | [125.5s] a woman lifting a barbell in the gym,"She lifts it to her chest, Then over her head before freezing in place.","A woman body builder slowly lifts a giant barbell of weights up into the air. She lifts it to her chest, Then over her head before freezing in place."
v_6lYTHj9vImo,0,4,0.0,15.33,[0.0s] a black and white photo of the moon | [7.7s] a sand castle made out of sand on the beach | [15.3s] a young boy playing in the sand at the beach,"Four kids are outside in the beach playing in the sand,two boys on the left and two girls on the right.","Four kids are outside in the beach playing in the sand,two boys on the left and two girls on the right. The girls have about six sand castles and a large circle surrounding it filled with water. They then take off running to the beach to grab more water as the boy comes and looks at their work. Once they are done,both of the girls take off running to the water but then stop midway to come back and get their floats."
v_6lYTHj9vImo,1,4,15.93,34.27,[15.9s] a man standing on top of a sandy beach | [22.0s] a group of children playing on the beach | [28.2s] two girls playing in the sand on a beach | [34.3s] two children playing in the sand on a beach,The girls have about six sand castles and a large circle surrounding it filled with water.,"Four kids are outside in the beach playing in the sand,two boys on the left and two girls on the right. The girls have about six sand castles and a large circle surrounding it filled with water. They then take off running to the beach to grab more water as the boy comes and looks at their work. Once they are done,both of the girls take off running to the water but then stop midway to come back and get their floats."
v_6lYTHj9vImo,2,4,34.57,49.6,[34.6s] a little girl playing in the sand at the beach | [42.1s] a little girl sitting on the beach next to some toys | [49.6s] a little girl playing in the sand at the beach,They then take off running to the beach to grab more water as the boy comes and looks at their work.,"Four kids are outside in the beach playing in the sand,two boys on the left and two girls on the right. The girls have about six sand castles and a large circle surrounding it filled with water. They then take off running to the beach to grab more water as the boy comes and looks at their work. Once they are done,both of the girls take off running to the water but then stop midway to come back and get their floats."
v_6lYTHj9vImo,3,4,49.0,60.1,[49.0s] a group of children playing in the sand at the beach | [60.1s] a group of people standing on a beach at night,"Once they are done,both of the girls take off running to the water but then stop midway to come back and get their floats.","Four kids are outside in the beach playing in the sand,two boys on the left and two girls on the right. The girls have about six sand castles and a large circle surrounding it filled with water. They then take off running to the beach to grab more water as the boy comes and looks at their work. Once they are done,both of the girls take off running to the water but then stop midway to come back and get their floats."
v_XD3yFrJHiv8,0,5,0.0,157.2,[0.0s] a black and white photo of a man in the dark | [22.5s] a man and woman sitting on a red couch | [44.9s] a group of people playing volleyball in the sand | [67.4s] the flags are flying in the air on the beach | [89.8s] an image of two people playing in the sand | [112.3s] a group of men playing soccer on the beach | [134.7s] a man standing on top of a sandy beach | [157.2s] a black and white photo of a woman with long hair,A man and woman are sitting on red couches with sports jerseys hanging on the wall and a blue screen on the wall behind them in the middle of them.,"A man and woman are sitting on red couches with sports jerseys hanging on the wall and a blue screen on the wall behind them in the middle of them. The woman picks up a clipboard next to her and smooths out the papers that are on top of it while smiling, crosses her legs and sits back. The man is talking this whole time while the woman gets comfortable on her couch and the woman briefly talks. Various clips begin to play and it briefly shows parts of a city, then most of it is of men outdoors and playing soccer on sand in a middle of city, and occasionally blue words pop up on the screen when certain plays in the game are made. When the clips end the man and woman on the couch begin talking and she puts her clipboard down."
v_XD3yFrJHiv8,1,5,0.0,16.52,[0.0s] a black and white photo of a man in the dark | [5.5s] a man and woman sitting on a couch in front of a tv screen | [11.0s] a man and woman sitting on a red couch | [16.5s] a man and woman sitting on a red couch,"The woman picks up a clipboard next to her and smooths out the papers that are on top of it while smiling, crosses her legs and sits back.","A man and woman are sitting on red couches with sports jerseys hanging on the wall and a blue screen on the wall behind them in the middle of them. The woman picks up a clipboard next to her and smooths out the papers that are on top of it while smiling, crosses her legs and sits back. The man is talking this whole time while the woman gets comfortable on her couch and the woman briefly talks. Various clips begin to play and it briefly shows parts of a city, then most of it is of men outdoors and playing soccer on sand in a middle of city, and occasionally blue words pop up on the screen when certain plays in the game are made. When the clips end the man and woman on the couch begin talking and she puts her clipboard down."
v_XD3yFrJHiv8,2,5,0.0,29.89,[0.0s] a black and white photo of a man in the dark | [5.0s] a man and woman sitting on a couch in front of a tv screen | [10.0s] a man and woman sitting on a red couch | [14.9s] a man and woman sitting on a red couch | [19.9s] a man and woman sitting on a red couch | [24.9s] a man and woman sitting on a red couch | [29.9s] the city of london is seen in this image,The man is talking this whole time while the woman gets comfortable on her couch and the woman briefly talks.,"A man and woman are sitting on red couches with sports jerseys hanging on the wall and a blue screen on the wall behind them in the middle of them. The woman picks up a clipboard next to her and smooths out the papers that are on top of it while smiling, crosses her legs and sits back. The man is talking this whole time while the woman gets comfortable on her couch and the woman briefly talks. Various clips begin to play and it briefly shows parts of a city, then most of it is of men outdoors and playing soccer on sand in a middle of city, and occasionally blue words pop up on the screen when certain plays in the game are made. When the clips end the man and woman on the couch begin talking and she puts her clipboard down."
v_XD3yFrJHiv8,3,5,29.89,152.6,[29.9s] the city of london is seen in this image | [47.4s] two men standing on a beach next to each other people | [64.9s] a cat is sitting on top of a cardboard box | [82.5s] a man is trying to catch a ball in the sand | [100.0s] a group of people playing volleyball in the sand | [117.5s] a man holding a ball in the sand | [135.1s] a man standing on top of a sandy beach | [152.6s] a man and woman sitting on a couch in front of a television screen,"Various clips begin to play and it briefly shows parts of a city, then most of it is of men outdoors and playing soccer on sand in a middle of city, and occasionally blue words pop up on the screen when certain plays in the game are made.","A man and woman are sitting on red couches with sports jerseys hanging on the wall and a blue screen on the wall behind them in the middle of them. The woman picks up a clipboard next to her and smooths out the papers that are on top of it while smiling, crosses her legs and sits back. The man is talking this whole time while the woman gets comfortable on her couch and the woman briefly talks. Various clips begin to play and it briefly shows parts of a city, then most of it is of men outdoors and playing soccer on sand in a middle of city, and occasionally blue words pop up on the screen when certain plays in the game are made. When the clips end the man and woman on the couch begin talking and she puts her clipboard down."
v_XD3yFrJHiv8,4,5,152.6,157.2,[154.9s] a man and woman sitting on a red couch,When the clips end the man and woman on the couch begin talking and she puts her clipboard down.,"A man and woman are sitting on red couches with sports jerseys hanging on the wall and a blue screen on the wall behind them in the middle of them. The woman picks up a clipboard next to her and smooths out the papers that are on top of it while smiling, crosses her legs and sits back. The man is talking this whole time while the woman gets comfortable on her couch and the woman briefly talks. Various clips begin to play and it briefly shows parts of a city, then most of it is of men outdoors and playing soccer on sand in a middle of city, and occasionally blue words pop up on the screen when certain plays in the game are made. When the clips end the man and woman on the couch begin talking and she puts her clipboard down."
v_TF591ByrGYk,0,3,0.0,14.72,[0.0s] a woman standing on top of a blue gymnastics mat | [7.4s] a person on a balance beam in front of an audience | [14.7s] a group of people standing on top of a gymnastics court,A young male gymnast is is an arena standing on a mat preparing to do his routine.,"A young male gymnast is is an arena standing on a mat preparing to do his routine. The boy then approached the bars and does a series of swings and hand stand in the air. While he's performing,he adds several flips and rolls into his performance before finally jumping off of the bars."
v_TF591ByrGYk,1,3,14.72,36.92,[14.7s] a group of people standing on top of a gymnastics court | [20.3s] a group of people standing on top of a gymnastics court | [25.8s] a person on a balance beam in front of an audience | [31.4s] a group of people standing on top of a stage | [36.9s] a woman is doing gymnastics on the floor,The boy then approached the bars and does a series of swings and hand stand in the air.,"A young male gymnast is is an arena standing on a mat preparing to do his routine. The boy then approached the bars and does a series of swings and hand stand in the air. While he's performing,he adds several flips and rolls into his performance before finally jumping off of the bars."
v_TF591ByrGYk,2,3,36.67,51.51813333333333,[36.7s] a group of people standing on top of a gymnastics court | [44.1s] a person on a balance beam in the air | [51.5s] a group of people standing on top of a gymnastics court,"While he's performing,he adds several flips and rolls into his performance before finally jumping off of the bars.","A young male gymnast is is an arena standing on a mat preparing to do his routine. The boy then approached the bars and does a series of swings and hand stand in the air. While he's performing,he adds several flips and rolls into his performance before finally jumping off of the bars."
v_OBbHkBVDX8Y,0,3,0.0,5.19,[2.6s] a man in a suit and tie standing on stage,A man is seen standing on stage holding an instruments in his hands.,A man is seen standing on stage holding an instruments in his hands. He then picks up the instrument and begins playing on stage. The man continues to play and ends looking away.
v_OBbHkBVDX8Y,1,3,6.91,119.27,[6.9s] a man in a suit playing saxophone on stage | [23.0s] a man standing on top of a stage holding a trumpet | [39.0s] a man standing on a stage with a microphone | [55.1s] a man standing on a stage holding a microphone | [71.1s] a man standing on top of a stage holding a microphone | [87.2s] a man standing on top of a stage holding a saxophone | [103.2s] a man in a white suit playing trumpet on stage | [119.3s] a man standing on top of a stage holding a saxophone,He then picks up the instrument and begins playing on stage.,A man is seen standing on stage holding an instruments in his hands. He then picks up the instrument and begins playing on stage. The man continues to play and ends looking away.
v_OBbHkBVDX8Y,2,3,69.14,170.26,[69.1s] a man standing on top of a stage holding a microphone | [83.6s] a man standing on top of a stage holding a saxophone | [98.0s] a man standing on top of a stage holding a saxophone | [112.5s] a man standing on top of a stage holding a saxophone | [126.9s] a man standing on a stage holding a saxophone | [141.4s] a man in a suit and tie playing trumpet on stage | [155.8s] a man standing on a stage holding a saxophone | [170.3s] a man in a suit and hat on stage,The man continues to play and ends looking away.,A man is seen standing on stage holding an instruments in his hands. He then picks up the instrument and begins playing on stage. The man continues to play and ends looking away.
v_D18b2IZpxk0,0,3,0.0,17.7,[0.0s] a man riding on the back of a camel | [5.9s] a man riding on the back of a camel | [11.8s] a man riding on the back of a camel | [17.7s] a man riding on the back of a camel,A woman is shown riding a camel past pyramids in Egypt.,A woman is shown riding a camel past pyramids in Egypt. The camel walks as the woman leans forward. And hand covers the lens as the harness is shown.
v_D18b2IZpxk0,1,3,19.61,88.01,[19.6s] a man riding on top of a camel in the desert | [29.4s] a man riding a camel in the desert | [39.2s] a man riding on the back of a horse | [48.9s] a man riding on top of a camel in the desert | [58.7s] a man riding on the back of a camel | [68.5s] a man riding on the back of a camel | [78.2s] a person on a horse in the desert | [88.0s] an image of a desert area with rocks and debris,The camel walks as the woman leans forward.,A woman is shown riding a camel past pyramids in Egypt. The camel walks as the woman leans forward. And hand covers the lens as the harness is shown.
v_D18b2IZpxk0,2,3,90.88,95.5955,[93.2s] a close up view of the face of a woman,And hand covers the lens as the harness is shown.,A woman is shown riding a camel past pyramids in Egypt. The camel walks as the woman leans forward. And hand covers the lens as the harness is shown.
v_xmag8UI8iws,0,3,0.0,104.33,[0.0s] a black bird standing on top of a lush green field | [14.9s] a dog is standing in the leaves on the ground | [29.8s] a man is holding a baseball bat in his hand | [44.7s] a dog is standing in the grass and looking at something | [59.6s] a pile of leaves that is laying on the ground | [74.5s] a dog is playing with leaves in the yard | [89.4s] a dog standing in the middle of a yard | [104.3s] a small dog standing in the grass near a tree,A person is using a leaf blower to blow leaves into a pile.,A person is using a leaf blower to blow leaves into a pile. The leaves blow up onto a hedge. They walk in front of a tree.
v_xmag8UI8iws,1,3,68.86,80.33,[68.9s] a dog that is standing in the leaves | [80.3s] a dog is walking through the leaves on the ground,The leaves blow up onto a hedge.,A person is using a leaf blower to blow leaves into a pile. The leaves blow up onto a hedge. They walk in front of a tree.
v_xmag8UI8iws,2,3,100.68,104.33,[102.5s] a black dog is standing in the leaves,They walk in front of a tree.,A person is using a leaf blower to blow leaves into a pile. The leaves blow up onto a hedge. They walk in front of a tree.
v_r82RY124wVY,0,3,1.5,4.01,[2.8s] a woman standing on top of a tennis court,A woman is standing on a tennis court talking.,A woman is standing on a tennis court talking. She begins to play tennis on the court. She serves a tennis ball across the court several times.
v_r82RY124wVY,1,3,10.52,16.52,[13.5s] a woman in a red and white tank top throwing a ball,She begins to play tennis on the court.,A woman is standing on a tennis court talking. She begins to play tennis on the court. She serves a tennis ball across the court several times.
v_r82RY124wVY,2,3,33.05,97.64,[33.0s] a woman standing on top of a tennis court | [42.3s] a woman is playing tennis on the court | [51.5s] a woman holding a tennis racket | [60.7s] a woman standing on top of a tennis court | [70.0s] a woman standing on top of a tennis court | [79.2s] a woman standing on top of a tennis court | [88.4s] a man is playing tennis on the court | [97.6s] a woman is playing tennis on the court,She serves a tennis ball across the court several times.,A woman is standing on a tennis court talking. She begins to play tennis on the court. She serves a tennis ball across the court several times.
v_NsYBZUTzgDw,0,2,0.0,9.26,[0.0s] a woman holding a dog in her arms | [9.3s] a woman sitting at a table with two cats,A woman lifts up a cat from the table and sits down with it in her lap.,A woman lifts up a cat from the table and sits down with it in her lap. The woman uses trimming scissors to cut the cats claws.
v_NsYBZUTzgDw,1,2,10.09,33.0,[10.1s] a woman sitting at a table with two cats | [15.8s] the cat is gray | [21.5s] a woman holding a cat | [27.3s] black and white dog | [33.0s] a woman holding a cat in her arms,The woman uses trimming scissors to cut the cats claws.,A woman lifts up a cat from the table and sits down with it in her lap. The woman uses trimming scissors to cut the cats claws.
v_t8_XO-nWaYg,0,5,7.12,16.86,[7.1s] a group of children playing with legos | [16.9s] two men sitting on a couch eating food,There are two teenage boys playing and solving the Rubic's cube.,There are two teenage boys playing and solving the Rubic's cube. Another small boy comes in there and takes a look at the camera. The teenagers are competing against each other to solve the cube. They both finish almost at the same time and solve the Rubic's cube. They proudly show off their skills in the camera.
v_t8_XO-nWaYg,1,5,16.86,30.35,[16.9s] two men sitting on a couch eating food | [23.6s] a group of young boys are playing with toys | [30.4s] a group of young boys playing with colorful blocks,Another small boy comes in there and takes a look at the camera.,There are two teenage boys playing and solving the Rubic's cube. Another small boy comes in there and takes a look at the camera. The teenagers are competing against each other to solve the cube. They both finish almost at the same time and solve the Rubic's cube. They proudly show off their skills in the camera.
v_t8_XO-nWaYg,2,5,30.35,57.32,[30.4s] a group of young boys playing with colorful blocks | [35.7s] a group of boys playing with legos | [41.1s] a group of young boys playing with legos | [46.5s] a group of young boys playing with legos | [51.9s] a group of young people sitting around a table | [57.3s] two boys sitting on a couch eating food,The teenagers are competing against each other to solve the cube.,There are two teenage boys playing and solving the Rubic's cube. Another small boy comes in there and takes a look at the camera. The teenagers are competing against each other to solve the cube. They both finish almost at the same time and solve the Rubic's cube. They proudly show off their skills in the camera.
v_t8_XO-nWaYg,3,5,57.32,67.44,[57.3s] two boys sitting on a couch eating food | [67.4s] two young boys holding up boxes of food,They both finish almost at the same time and solve the Rubic's cube.,There are two teenage boys playing and solving the Rubic's cube. Another small boy comes in there and takes a look at the camera. The teenagers are competing against each other to solve the cube. They both finish almost at the same time and solve the Rubic's cube. They proudly show off their skills in the camera.
v_t8_XO-nWaYg,4,5,67.44,71.93,[69.7s] two young boys are playing with a toy,They proudly show off their skills in the camera.,There are two teenage boys playing and solving the Rubic's cube. Another small boy comes in there and takes a look at the camera. The teenagers are competing against each other to solve the cube. They both finish almost at the same time and solve the Rubic's cube. They proudly show off their skills in the camera.
v_QxsELAtsSWE,0,5,5.12,12.79,[9.0s] a woman sitting in front of two television screens,A female news anchor introduces a story.,"A female news anchor introduces a story. A female news reporter speaks to a fitness instructor inside a gym, where cyclists are riding fitness bikes. Exercises such as yoga and bicycling are demonstrated by those in the gym. The female news reporter continues talking to the fitness instructor. She speaks to the anchor back in the studio."
v_QxsELAtsSWE,1,5,15.35,47.76,[15.3s] a woman in a blue dress is interviewed on the news | [20.0s] a woman in a blue dress talking to the camera | [24.6s] a woman in a blue shirt is talking to the camera | [29.2s] a woman is seen dancing on the dance floor | [33.9s] a woman in a pink jacket talking to another person | [38.5s] a woman in a pink jacket talking to a reporter | [43.1s] a woman talking to another at a party | [47.8s] a woman talking to another at a party,"A female news reporter speaks to a fitness instructor inside a gym, where cyclists are riding fitness bikes.","A female news anchor introduces a story. A female news reporter speaks to a fitness instructor inside a gym, where cyclists are riding fitness bikes. Exercises such as yoga and bicycling are demonstrated by those in the gym. The female news reporter continues talking to the fitness instructor. She speaks to the anchor back in the studio."
v_QxsELAtsSWE,2,5,48.61,97.23,[48.6s] a woman in a blue tank top is playing pool | [55.6s] a woman is standing in front of a mirror | [62.5s] a group of people doing yoga in a room | [69.4s] a group of people doing yoga on the floor | [76.4s] a man standing in front of a microphone | [83.3s] a group of people dancing on the dance floor | [90.3s] a group of people doing yoga in a room | [97.2s] a man and woman dancing together on the dance floor,Exercises such as yoga and bicycling are demonstrated by those in the gym.,"A female news anchor introduces a story. A female news reporter speaks to a fitness instructor inside a gym, where cyclists are riding fitness bikes. Exercises such as yoga and bicycling are demonstrated by those in the gym. The female news reporter continues talking to the fitness instructor. She speaks to the anchor back in the studio."
v_QxsELAtsSWE,3,5,98.08,158.63,[98.1s] a woman in a pink jacket talking to another person | [106.7s] a woman in a pink jacket talking to someone | [115.4s] a woman in pink jacket dancing on the dance floor | [124.0s] a woman in a pink jacket talking to someone | [132.7s] two women talking to each other people at a party | [141.3s] two women dancing at a party in the dark | [150.0s] two women talking in a dark room | [158.6s] a woman with blonde hair is seen in this video,The female news reporter continues talking to the fitness instructor.,"A female news anchor introduces a story. A female news reporter speaks to a fitness instructor inside a gym, where cyclists are riding fitness bikes. Exercises such as yoga and bicycling are demonstrated by those in the gym. The female news reporter continues talking to the fitness instructor. She speaks to the anchor back in the studio."
v_QxsELAtsSWE,4,5,159.49,170.53333333333333,[159.5s] two women are interviewed on a tv screen | [170.5s] two women are interviewed on kcc news,She speaks to the anchor back in the studio.,"A female news anchor introduces a story. A female news reporter speaks to a fitness instructor inside a gym, where cyclists are riding fitness bikes. Exercises such as yoga and bicycling are demonstrated by those in the gym. The female news reporter continues talking to the fitness instructor. She speaks to the anchor back in the studio."
v_90LkAH4tZC4,0,3,0.0,161.1,[0.0s] a drum set on the floor | [23.0s] this is a drum set | [46.0s] a close up view of an orange and yellow diamond | [69.0s] the drum kit is white | [92.1s] a drummer ' s drum kit | [115.1s] a man playing the drums in a room | [138.1s] a person is playing the drums in a room | [161.1s] an apple sitting on top of a pile of papers,The person in black shirt is playing drums.,The person in black shirt is playing drums. The camera zoomed in to the drums as the person continue to play. The camera shifted to the view looking down the drums.
v_90LkAH4tZC4,1,3,7.27,51.66,[7.3s] a drum set on the floor | [13.6s] this is a drum set | [20.0s] this is a drum set | [26.3s] this is a drum set | [32.6s] this is a drum set | [39.0s] a green background with small white dots | [45.3s] a close up view of an emerald stone | [51.7s] a man playing drums in a recording room,The camera zoomed in to the drums as the person continue to play.,The person in black shirt is playing drums. The camera zoomed in to the drums as the person continue to play. The camera shifted to the view looking down the drums.
v_90LkAH4tZC4,2,3,37.94,161.1,[37.9s] an image of a blue and yellow background | [55.5s] a man playing drums in a room | [73.1s] a man playing drums in a recording room | [90.7s] a drummer ' s drum kit | [108.3s] a man playing drums in a recording room | [125.9s] a man playing the drums in a recording room | [143.5s] a drummer ' s drum kit | [161.1s] an apple sitting on top of a pile of papers,The camera shifted to the view looking down the drums.,The person in black shirt is playing drums. The camera zoomed in to the drums as the person continue to play. The camera shifted to the view looking down the drums.
v_GVmGXTEm46s,0,2,0.77,41.44,[0.8s] a sink that is dirty and needs to be cleaned | [6.6s] how to clean a stainless sink | [12.4s] a person in blue gloves is cleaning a sink | [18.2s] how to clean a stainless sink | [24.0s] how to fix a stainless sink | [29.8s] a person that is standing in the sink | [35.6s] a person in blue gloves is cleaning the sink | [41.4s] how to clean a kitchen sink,A close up of a sink is shown followed by a person rubbing it down with a rag from various angles.,A close up of a sink is shown followed by a person rubbing it down with a rag from various angles. The sink is shown again by itself followed by water dripping down.
v_GVmGXTEm46s,1,2,29.05,75.14,[29.1s] a person in blue gloves is cleaning a sink | [35.6s] a person is pouring water into a metal sink | [42.2s] how to clean a stainless sink | [48.8s] a metal sink with a hole in it | [55.4s] how to clean a kitchen sink | [62.0s] a close up of a metal object on a table | [68.6s] a metal sink with a hole in it | [75.1s] a stainless sink with a hole in it,The sink is shown again by itself followed by water dripping down.,A close up of a sink is shown followed by a person rubbing it down with a rag from various angles. The sink is shown again by itself followed by water dripping down.
v_69IsHpmRyfk,0,3,1.89,31.26,[1.9s] a young girl getting her teeth examined by a dentist | [6.8s] a young girl getting her ear examined | [11.7s] a little girl is getting her ear examined | [16.6s] a little girl is getting her hair done | [21.5s] a little girl is sitting in a chair | [26.4s] a little girl is getting her hair done | [31.3s] a woman getting her teeth brushed by a dentist,A young girl is seen sitting in a chair with a person standing next to her.,A young girl is seen sitting in a chair with a person standing next to her. The person next to her then piercing one ear followed by the other. The person rubs lotion on the piercings afterwards.
v_69IsHpmRyfk,1,3,29.36,71.51,[29.4s] a little girl is getting her hair done | [35.4s] a woman getting her teeth brushed by a dentist | [41.4s] a woman is getting her ear examined | [47.4s] a little girl is getting her hair done | [53.4s] a little girl is getting her hair done | [59.5s] a woman is talking on her cell phone | [65.5s] a little girl is getting her hair cut | [71.5s] a little girl with long hair is sitting on the floor,The person next to her then piercing one ear followed by the other.,A young girl is seen sitting in a chair with a person standing next to her. The person next to her then piercing one ear followed by the other. The person rubs lotion on the piercings afterwards.
v_69IsHpmRyfk,2,3,55.41,91.4,[55.4s] a young girl is getting her ear examined | [60.6s] a woman getting her make - up done | [65.7s] a little girl is getting her hair cut | [70.8s] a little girl is getting her nails done | [76.0s] a little girl sitting in the back seat of a car | [81.1s] a woman is getting her nose examined | [86.3s] a little girl is sitting on the couch | [91.4s] a woman is getting her ear examined,The person rubs lotion on the piercings afterwards.,A young girl is seen sitting in a chair with a person standing next to her. The person next to her then piercing one ear followed by the other. The person rubs lotion on the piercings afterwards.
v_GQVqSLs2Ulg,0,2,2.14,41.43,[2.1s] a man standing on a ladder in front of a wooden fence | [7.8s] a man is standing in front of a garage | [13.4s] a man is standing in front of a building | [19.0s] a man standing in front of a white building | [24.6s] a man is standing in front of a building | [30.2s] a man is standing in front of a garage | [35.8s] a man is painting the side of a building | [41.4s] a man on a skateboard in front of a garage,A man is seen holding a glass while speaking to the camera when another man walks in and begins painting the wall.,A man is seen holding a glass while speaking to the camera when another man walks in and begins painting the wall. The man continues to paint up and down the wall while the camera captures him and the other man walks away.
v_GQVqSLs2Ulg,1,2,25.63,81.58,[25.6s] a man is standing in front of a building | [33.6s] a man is doing tricks on his skateboard | [41.6s] a skateboarder is doing tricks on his board | [49.6s] a man in white shirt standing next to a wooden fence | [57.6s] two men in white suits are playing with a hose | [65.6s] two men are washing the sidewalk with a hose | [73.6s] a man is washing the sidewalk with a hose | [81.6s] a man is spraying water on the sidewalk,The man continues to paint up and down the wall while the camera captures him and the other man walks away.,A man is seen holding a glass while speaking to the camera when another man walks in and begins painting the wall. The man continues to paint up and down the wall while the camera captures him and the other man walks away.
v_FeKEqUxiReA,0,2,0.0,86.37,[0.0s] a black and white photo of the moon in the sky | [12.3s] a little boy is playing basketball in the gym | [24.7s] a man is standing in the middle of a gym | [37.0s] a woman in an orange shirt is standing on a basketball court | [49.4s] a woman in red shirt and black pants standing on a green floor | [61.7s] a man standing in front of a microphone | [74.0s] a man in red shirt and black pants standing on the floor | [86.4s] a woman in red shirt and black pants standing on a gymnastics mat,A woman is laughing as she jumps rope inside a gym.,"A woman is laughing as she jumps rope inside a gym. She continues jumping for a long period of time, speeding up and changing positions as men with cameras record her."
v_FeKEqUxiReA,1,2,87.55,236.56966666666668,[87.5s] a woman standing on top of a gymnastics mat | [108.8s] a woman dancing in the dark at night | [130.1s] a woman dancing in the dark at night | [151.4s] a man and woman dancing in the dark | [172.7s] a man standing in front of a car at night | [194.0s] a man is dancing on the dance floor | [215.3s] a man is dancing in the dark | [236.6s] a man and woman dancing in the dark,"She continues jumping for a long period of time, speeding up and changing positions as men with cameras record her.","A woman is laughing as she jumps rope inside a gym. She continues jumping for a long period of time, speeding up and changing positions as men with cameras record her."
v_mAWuiYWXmb8,0,3,0.0,1.65,[0.8s] a woman is sitting on an exercise machine,A woman and a man exercise sitting on a cardio machine.,A woman and a man exercise sitting on a cardio machine. A woman works out sitting on a cardio machine. A man sits next a woman performing cardio workouts.
v_mAWuiYWXmb8,1,3,0.24,23.5235,[0.2s] a woman is sitting on an exercise machine | [6.1s] a woman is sitting on a rowing machine | [11.9s] a woman sitting on a rowing machine in the gym | [17.7s] a woman is sitting on an exercise machine | [23.5s] a woman sitting on an exercise machine in the gym,A woman works out sitting on a cardio machine.,A woman and a man exercise sitting on a cardio machine. A woman works out sitting on a cardio machine. A man sits next a woman performing cardio workouts.
v_mAWuiYWXmb8,2,3,0.59,23.0,[0.6s] a woman is sitting on an exercise bike | [6.2s] a woman is sitting on a rowing machine | [11.8s] a woman sitting on an exercise machine in the gym | [17.4s] a woman is sitting on an exercise machine | [23.0s] a woman is sitting on an exercise machine,A man sits next a woman performing cardio workouts.,A woman and a man exercise sitting on a cardio machine. A woman works out sitting on a cardio machine. A man sits next a woman performing cardio workouts.
v_QOlSCBRmfWY,0,3,0.83,19.86,[0.8s] a woman in a black top is standing on the floor | [7.2s] a woman is dancing in an empty room | [13.5s] a woman standing on one leg in an empty room | [19.9s] a woman is laying on the floor in an empty room,A young woman is seen standing in a room and leads into her dancing.,A young woman is seen standing in a room and leads into her dancing. The girl dances around the room while the camera captures her movements. She continues dancing around the room and ends by laying on the floor.
v_QOlSCBRmfWY,1,3,17.37,60.81,[17.4s] a woman doing a handstant on the floor | [23.6s] a woman is doing a handstant on the floor | [29.8s] a woman is sitting on the floor in an empty room | [36.0s] a woman is dancing in an empty room | [42.2s] a person doing a handstant in a room | [48.4s] a woman laying on the floor in a gym | [54.6s] a woman sitting on the floor in an empty room | [60.8s] a woman is dancing in an empty room,The girl dances around the room while the camera captures her movements.,A young woman is seen standing in a room and leads into her dancing. The girl dances around the room while the camera captures her movements. She continues dancing around the room and ends by laying on the floor.
v_QOlSCBRmfWY,2,3,56.26,79.42,[56.3s] a woman is doing a handstant on the floor | [62.0s] a woman is standing on the floor in an empty room | [67.8s] a woman is dancing in an empty room | [73.6s] a woman is sitting on the floor in an empty room | [79.4s] a woman laying on the floor in an empty room,She continues dancing around the room and ends by laying on the floor.,A young woman is seen standing in a room and leads into her dancing. The girl dances around the room while the camera captures her movements. She continues dancing around the room and ends by laying on the floor.
v_UGd9cVzHQOU,0,2,3.07,31.4,[3.1s] a man standing in the middle of a field | [7.8s] a man is walking in the park with his dog | [12.5s] a man is walking through the park in autumn | [17.2s] a man standing in the middle of a field | [22.0s] a deer standing in the middle of a field | [26.7s] a dog that is standing in the grass | [31.4s] an image of a park with leaves on the ground,A man is seen using a machine across a long stretch of leaves while moving up and down the lawn.,A man is seen using a machine across a long stretch of leaves while moving up and down the lawn. He continues pushing the leaves around the area and moving up and down the lawn.
v_UGd9cVzHQOU,1,2,17.58,31.4,[17.6s] a group of people are playing in the park | [24.5s] a man is playing with his dog in the park | [31.4s] an image of a park with leaves on the ground,He continues pushing the leaves around the area and moving up and down the lawn.,A man is seen using a machine across a long stretch of leaves while moving up and down the lawn. He continues pushing the leaves around the area and moving up and down the lawn.
v_dWPlarw_xg8,0,2,0.0,63.33,[0.0s] a black and white photo of the moon in the sky | [9.0s] an image of a man in green and red running | [18.1s] a man standing on top of a wooden platform | [27.1s] an image of a person running on a track | [36.2s] a man in a suit and tie is sitting on a chair | [45.2s] an image of a man running on a track | [54.3s] a man jumping in the air on top of a track | [63.3s] a man is running on the track,A man gets pumped up to do a long jump then does it.,A man gets pumped up to do a long jump then does it. Others go next and try to get the crowd pumped up for their respective long jumps.
v_dWPlarw_xg8,1,2,67.63,214.64,[67.6s] a man is standing in front of a tv screen | [88.6s] a man is running on a track | [109.6s] a man jumping over an obstacle in front of a crowd | [130.6s] an image of a basketball player with his head down | [151.6s] a man in white tank top running on a track | [172.6s] a man standing on top of a race track | [193.6s] a group of people are throwing sand in the air | [214.6s] a black and white photo of the moon in the sky,Others go next and try to get the crowd pumped up for their respective long jumps.,A man gets pumped up to do a long jump then does it. Others go next and try to get the crowd pumped up for their respective long jumps.
v_abjQ1EyqJuw,0,3,0.57,13.99,[0.6s] a house with hedges in front of it | [7.3s] a garden with hedges in the middle of it | [14.0s] a group of tents are set up in the grass,"As the camera walks, it was showing the well maintained hedges, at the center of two hedges is a narrow path leading to a wider field surrounded by more hedges.","As the camera walks, it was showing the well maintained hedges, at the center of two hedges is a narrow path leading to a wider field surrounded by more hedges. On one side of the hedge is a man in black shirt, he is standing on a ladder, he is trimming the hedges. Near the man is an empty bench, on the side are more well trimmed hedges."
v_abjQ1EyqJuw,1,3,6.43,33.28,[6.4s] a garden with hedges and bushes | [11.8s] a dog is laying in the grass near some bushes | [17.2s] a man standing on top of a lush green field | [22.5s] a backyard with grass and trees in the background | [27.9s] a man is cutting the grass in his backyard | [33.3s] a man laying on the grass in front of a house,"On one side of the hedge is a man in black shirt, he is standing on a ladder, he is trimming the hedges.","As the camera walks, it was showing the well maintained hedges, at the center of two hedges is a narrow path leading to a wider field surrounded by more hedges. On one side of the hedge is a man in black shirt, he is standing on a ladder, he is trimming the hedges. Near the man is an empty bench, on the side are more well trimmed hedges."
v_abjQ1EyqJuw,2,3,31.95,37.70433333333333,[34.8s] a garden with lots of trash on the ground,"Near the man is an empty bench, on the side are more well trimmed hedges.","As the camera walks, it was showing the well maintained hedges, at the center of two hedges is a narrow path leading to a wider field surrounded by more hedges. On one side of the hedge is a man in black shirt, he is standing on a ladder, he is trimming the hedges. Near the man is an empty bench, on the side are more well trimmed hedges."
v_5lre5zbUV1Q,0,4,0.0,33.6,[0.0s] a young boy washing his hands in the kitchen sink | [4.8s] a young boy washing his hands in the kitchen sink | [9.6s] a little boy standing in front of a sink | [14.4s] a young boy playing with his dog in the kitchen | [19.2s] a young boy washing his hands in the kitchen sink | [24.0s] a young boy washing his hands in the kitchen sink | [28.8s] a young boy washing his hands in the kitchen sink | [33.6s] a little boy washing his hands in the kitchen sink,A child scrubs out the kitchen sink using a brush.,A child scrubs out the kitchen sink using a brush. The boy turns on the sink faucet. The child uses the faucet nozzle to rinse out the sink. The boy returns the sink nozzle to the faucet and turns off the water.
v_5lre5zbUV1Q,1,4,34.37,38.23,[36.3s] a young boy washing his hands in the kitchen sink,The boy turns on the sink faucet.,A child scrubs out the kitchen sink using a brush. The boy turns on the sink faucet. The child uses the faucet nozzle to rinse out the sink. The boy returns the sink nozzle to the faucet and turns off the water.
v_5lre5zbUV1Q,2,4,36.68,69.51,[36.7s] a young boy washing his hands in the kitchen sink | [41.4s] a young boy washing his hands in the kitchen sink | [46.1s] a young boy washing his hands in the kitchen sink | [50.8s] a young boy is washing his hands in the kitchen sink | [55.4s] a little boy playing in the kitchen sink | [60.1s] a young boy is washing his hands in the kitchen sink | [64.8s] a young boy washing his hands in the kitchen sink | [69.5s] a young boy washing his hands in the kitchen sink,The child uses the faucet nozzle to rinse out the sink.,A child scrubs out the kitchen sink using a brush. The boy turns on the sink faucet. The child uses the faucet nozzle to rinse out the sink. The boy returns the sink nozzle to the faucet and turns off the water.
v_5lre5zbUV1Q,3,4,69.89,73.37,[71.6s] a young boy is washing his hands in the kitchen sink,The boy returns the sink nozzle to the faucet and turns off the water.,A child scrubs out the kitchen sink using a brush. The boy turns on the sink faucet. The child uses the faucet nozzle to rinse out the sink. The boy returns the sink nozzle to the faucet and turns off the water.
v_MlGh0geYhSg,0,8,0.0,1.86,[0.9s] a man standing next to a brown horse,A horse kicks a man in a red shirt.,A horse kicks a man in a red shirt. A girl in a grey shirt gets thrown off a horse. A man riding a  horse gets bucked off. A horse tips over backward with a a person on it. A man is riding on a horse and flies off. A white horse misses a jump and the person falls off. A man gets hit by a rope while chasing a calf. A horse gets his head stuck in a garbage can.
v_MlGh0geYhSg,1,8,2.48,4.95,[3.7s] a woman riding on the back of a horse,A girl in a grey shirt gets thrown off a horse.,A horse kicks a man in a red shirt. A girl in a grey shirt gets thrown off a horse. A man riding a  horse gets bucked off. A horse tips over backward with a a person on it. A man is riding on a horse and flies off. A white horse misses a jump and the person falls off. A man gets hit by a rope while chasing a calf. A horse gets his head stuck in a garbage can.
v_MlGh0geYhSg,2,8,6.19,9.6,[7.9s] a horse is jumping over an obstacle,A man riding a  horse gets bucked off.,A horse kicks a man in a red shirt. A girl in a grey shirt gets thrown off a horse. A man riding a  horse gets bucked off. A horse tips over backward with a a person on it. A man is riding on a horse and flies off. A white horse misses a jump and the person falls off. A man gets hit by a rope while chasing a calf. A horse gets his head stuck in a garbage can.
v_MlGh0geYhSg,3,8,14.86,18.27,[16.6s] a man is holding a horse in the woods,A horse tips over backward with a a person on it.,A horse kicks a man in a red shirt. A girl in a grey shirt gets thrown off a horse. A man riding a  horse gets bucked off. A horse tips over backward with a a person on it. A man is riding on a horse and flies off. A white horse misses a jump and the person falls off. A man gets hit by a rope while chasing a calf. A horse gets his head stuck in a garbage can.
v_MlGh0geYhSg,4,8,18.89,22.29,[20.6s] a person riding on top of a horse,A man is riding on a horse and flies off.,A horse kicks a man in a red shirt. A girl in a grey shirt gets thrown off a horse. A man riding a  horse gets bucked off. A horse tips over backward with a a person on it. A man is riding on a horse and flies off. A white horse misses a jump and the person falls off. A man gets hit by a rope while chasing a calf. A horse gets his head stuck in a garbage can.
v_MlGh0geYhSg,5,8,36.54,41.8,[39.2s] a man riding on the back of a white horse,A white horse misses a jump and the person falls off.,A horse kicks a man in a red shirt. A girl in a grey shirt gets thrown off a horse. A man riding a  horse gets bucked off. A horse tips over backward with a a person on it. A man is riding on a horse and flies off. A white horse misses a jump and the person falls off. A man gets hit by a rope while chasing a calf. A horse gets his head stuck in a garbage can.
v_MlGh0geYhSg,6,8,42.42,44.9,[43.7s] a man riding on the back of a brown horse,A man gets hit by a rope while chasing a calf.,A horse kicks a man in a red shirt. A girl in a grey shirt gets thrown off a horse. A man riding a  horse gets bucked off. A horse tips over backward with a a person on it. A man is riding on a horse and flies off. A white horse misses a jump and the person falls off. A man gets hit by a rope while chasing a calf. A horse gets his head stuck in a garbage can.
v_MlGh0geYhSg,7,8,46.76,52.02,[49.4s] a horse is running through the fence,A horse gets his head stuck in a garbage can.,A horse kicks a man in a red shirt. A girl in a grey shirt gets thrown off a horse. A man riding a  horse gets bucked off. A horse tips over backward with a a person on it. A man is riding on a horse and flies off. A white horse misses a jump and the person falls off. A man gets hit by a rope while chasing a calf. A horse gets his head stuck in a garbage can.
v_thgW2RT30qQ,0,2,3.05,120.13,[3.0s] a japanese flag flying in the wind | [19.8s] an image of a green book cover with the title | [36.5s] a man dancing in the middle of a room | [53.2s] a man in a blue shirt is talking to the camera | [70.0s] a man in an orange shirt and green pants is dancing | [86.7s] an image of a baseball player hitting the ball | [103.4s] a baseball player throwing the ball at home plate | [120.1s] a soccer game is being played on the field,An intro leads into several clips of a person lifting heavy weights over their shoulders as well as their arms all around.,An intro leads into several clips of a person lifting heavy weights over their shoulders as well as their arms all around. More shots are show of athletes performing impressive stunts while looking off into the distance and people measuring their throws.
v_thgW2RT30qQ,1,2,62.1,200.56,[62.1s] a man in a white shirt is dancing on the field | [81.9s] an image of a baseball player hitting the ball | [101.7s] a woman throwing a baseball ball on the field | [121.4s] a soccer game is being played on the field | [141.2s] an image of a man standing in front of a building | [161.0s] an image of a soccer player on the tv screen | [180.8s] an image of a man in white shirt is seen on the screen | [200.6s] an image of a soccer player kicking the ball,More shots are show of athletes performing impressive stunts while looking off into the distance and people measuring their throws.,An intro leads into several clips of a person lifting heavy weights over their shoulders as well as their arms all around. More shots are show of athletes performing impressive stunts while looking off into the distance and people measuring their throws.
v_y5j9TqTy9Xw,0,3,0.0,7.62,[3.8s] a woman is jumping in the air on a track,A woman is walking along a track.,A woman is walking along a track. She takes off at a fast run. She jumps over a bar and onto a mat.
v_y5j9TqTy9Xw,1,3,9.64,29.37,[9.6s] a woman running on a track in front of an empty stadium | [16.2s] a woman is running on the track | [22.8s] a group of people standing on top of a track | [29.4s] a group of people sitting on top of a baseball field,She takes off at a fast run.,A woman is walking along a track. She takes off at a fast run. She jumps over a bar and onto a mat.
v_y5j9TqTy9Xw,2,3,30.71,44.711333333333336,[30.7s] a man jumping over an obstacle on a track | [37.7s] a group of people sitting on top of a baseball field | [44.7s] a man sitting on top of a blue sheet,She jumps over a bar and onto a mat.,A woman is walking along a track. She takes off at a fast run. She jumps over a bar and onto a mat.
v_FKl0077EUoY,0,4,0.0,20.24,[0.0s] a person is using a machine to make something | [5.1s] a person holding a spoon over a stove | [10.1s] a person is holding a record in their hand | [15.2s] a close up view of an old camera | [20.2s] a man is working on a metal object,We see a person sharpen a knife on a sanding disc.,We see a person sharpen a knife on a sanding disc. The person touches it and turns it off. The person turns it on and then off off. We see the man talking to the camera.
v_FKl0077EUoY,1,4,7.41,15.11,[11.3s] a person is using a machine to make something,The person touches it and turns it off.,We see a person sharpen a knife on a sanding disc. The person touches it and turns it off. The person turns it on and then off off. We see the man talking to the camera.
v_FKl0077EUoY,2,4,16.25,30.51,[16.2s] a man is working on a machine | [23.4s] a machine that is working on some metal | [30.5s] a person standing next to an old record player,The person turns it on and then off off.,We see a person sharpen a knife on a sanding disc. The person touches it and turns it off. The person turns it on and then off off. We see the man talking to the camera.
v_FKl0077EUoY,3,4,32.79,56.92353333333333,[32.8s] a man wearing a blue shirt | [37.6s] a man standing in front of a whiteboard | [42.4s] a man standing in front of a whiteboard | [47.3s] a man standing in front of a whiteboard | [52.1s] a man standing in front of a whiteboard | [56.9s] a man standing in front of a computer,We see the man talking to the camera.,We see a person sharpen a knife on a sanding disc. The person touches it and turns it off. The person turns it on and then off off. We see the man talking to the camera.
v_ffyPN2-EDg4,0,2,0.0,3.79,[1.9s] the snow is white in color,A man walks up to a snow scoop.,A man walks up to a snow scoop. The man shovels the snow on a roof while the cameraman talks. The man stops scooping the snow.
v_ffyPN2-EDg4,1,2,3.79,107.08,[3.8s] a man shoveling snow | [18.5s] a man shovels snow from his driveway | [33.3s] the snow is white | [48.1s] a man shovels snow from his driveway | [62.8s] a man shoveling snow | [77.6s] a man shovels snow from his driveway | [92.3s] the snow is white in color | [107.1s] a man shovels snow from his driveway,The man shovels the snow on a roof while the cameraman talks.,A man walks up to a snow scoop. The man shovels the snow on a roof while the cameraman talks. The man stops scooping the snow.
v_1iIG5D3jTk4,0,2,0.96,44.27,[1.0s] a man and woman playing basketball in an indoor gym | [7.1s] a group of people playing basketball in an indoor gym | [13.3s] a woman standing on top of a basketball court | [19.5s] a woman standing on top of a basketball court | [25.7s] a man and woman playing basketball in an indoor gym | [31.9s] two girls are playing basketball in a gym | [38.1s] two girls playing basketball in an indoor gym | [44.3s] two girls are playing basketball in an indoor gym,Two people are seen standing in a large gymnasium speaking to one another and leads into them performing a jump roping routine.,Two people are seen standing in a large gymnasium speaking to one another and leads into them performing a jump roping routine. The woman continue jumping all along the gym together and end by holding the ropes against their feet.
v_1iIG5D3jTk4,1,2,35.13,93.36,[35.1s] two girls are playing basketball in a gym | [43.4s] two girls are playing basketball in a gym | [51.8s] a group of people playing basketball in an indoor gym | [60.1s] two girls playing basketball in an indoor gym | [68.4s] two girls are playing basketball in an indoor gym | [76.7s] two people on a basketball court in an indoor gym | [85.0s] a woman standing on top of a basketball court | [93.4s] two girls playing basketball in an indoor gym,The woman continue jumping all along the gym together and end by holding the ropes against their feet.,Two people are seen standing in a large gymnasium speaking to one another and leads into them performing a jump roping routine. The woman continue jumping all along the gym together and end by holding the ropes against their feet.
v_K-r_Tj7uFGw,0,2,0.0,22.24,[0.0s] a group of people sitting in a room | [5.6s] a group of people sitting in a room together | [11.1s] a group of people dancing in a room | [16.7s] a group of women sitting on chairs in a room | [22.2s] a group of people sitting in a room,A girl is sitting on a large chair with two girls beside her and a man tattooing her foot.,A girl is sitting on a large chair with two girls beside her and a man tattooing her foot. Another man steps into frame and the girls continue talking to each other while the artist.
v_K-r_Tj7uFGw,1,2,22.24,60.02682763246143,[22.2s] a group of people sitting in a room | [27.6s] a group of people sitting in a room | [33.0s] a group of people in a room playing video games | [38.4s] a group of people sitting around a table in a room | [43.8s] a group of people in a gym room | [49.2s] a woman sitting on top of a chair in a room | [54.6s] a group of people dancing in a room | [60.0s] a woman is getting her hair done in the salon,Another man steps into frame and the girls continue talking to each other while the artist.,A girl is sitting on a large chair with two girls beside her and a man tattooing her foot. Another man steps into frame and the girls continue talking to each other while the artist.
v_ueDoskgg2yw,0,9,0.0,9.66,[0.0s] a man shaing his face with a razor | [9.7s] a woman is getting her face painted with blue paint,There are some men shaving with Gillette shaving gel.,There are some men shaving with Gillette shaving gel. There's a model whose face is completely lathered with shaving gel and he is using a blue razor to shave his face. Another male model also has his entire face lathered with shaving gel. He is also shaving his face with a blue razor. He shaves his cheeks and mustache area. He pumps out a small amount gel on his hands. Then shows the difference between regular foam cream and gel shaving cream and continues having. He then poses with a lady model who touches his face to feel his smooth skin. The entire Gillette shaving set is shown.
v_ueDoskgg2yw,1,9,0.0,2.26,[1.1s] a man shaing his face with an electric razor,There's a model whose face is completely lathered with shaving gel and he is using a blue razor to shave his face.,There are some men shaving with Gillette shaving gel. There's a model whose face is completely lathered with shaving gel and he is using a blue razor to shave his face. Another male model also has his entire face lathered with shaving gel. He is also shaving his face with a blue razor. He shaves his cheeks and mustache area. He pumps out a small amount gel on his hands. Then shows the difference between regular foam cream and gel shaving cream and continues having. He then poses with a lady model who touches his face to feel his smooth skin. The entire Gillette shaving set is shown.
v_ueDoskgg2yw,2,9,2.11,9.51,[5.8s] a person is putting something into a bottle,Another male model also has his entire face lathered with shaving gel.,There are some men shaving with Gillette shaving gel. There's a model whose face is completely lathered with shaving gel and he is using a blue razor to shave his face. Another male model also has his entire face lathered with shaving gel. He is also shaving his face with a blue razor. He shaves his cheeks and mustache area. He pumps out a small amount gel on his hands. Then shows the difference between regular foam cream and gel shaving cream and continues having. He then poses with a lady model who touches his face to feel his smooth skin. The entire Gillette shaving set is shown.
v_ueDoskgg2yw,3,9,2.49,5.51,[4.0s] a man shaing his beard in the bathroom,He is also shaving his face with a blue razor.,There are some men shaving with Gillette shaving gel. There's a model whose face is completely lathered with shaving gel and he is using a blue razor to shave his face. Another male model also has his entire face lathered with shaving gel. He is also shaving his face with a blue razor. He shaves his cheeks and mustache area. He pumps out a small amount gel on his hands. Then shows the difference between regular foam cream and gel shaving cream and continues having. He then poses with a lady model who touches his face to feel his smooth skin. The entire Gillette shaving set is shown.
v_ueDoskgg2yw,4,9,3.4,5.13,[4.3s] a man shaing his beard in the bathroom,He shaves his cheeks and mustache area.,There are some men shaving with Gillette shaving gel. There's a model whose face is completely lathered with shaving gel and he is using a blue razor to shave his face. Another male model also has his entire face lathered with shaving gel. He is also shaving his face with a blue razor. He shaves his cheeks and mustache area. He pumps out a small amount gel on his hands. Then shows the difference between regular foam cream and gel shaving cream and continues having. He then poses with a lady model who touches his face to feel his smooth skin. The entire Gillette shaving set is shown.
v_ueDoskgg2yw,5,9,4.91,6.72,[5.8s] a person is putting something into a bottle,He pumps out a small amount gel on his hands.,There are some men shaving with Gillette shaving gel. There's a model whose face is completely lathered with shaving gel and he is using a blue razor to shave his face. Another male model also has his entire face lathered with shaving gel. He is also shaving his face with a blue razor. He shaves his cheeks and mustache area. He pumps out a small amount gel on his hands. Then shows the difference between regular foam cream and gel shaving cream and continues having. He then poses with a lady model who touches his face to feel his smooth skin. The entire Gillette shaving set is shown.
v_ueDoskgg2yw,6,9,6.26,9.66,[8.0s] two pictures of a man with blue and white paint on his face,Then shows the difference between regular foam cream and gel shaving cream and continues having.,There are some men shaving with Gillette shaving gel. There's a model whose face is completely lathered with shaving gel and he is using a blue razor to shave his face. Another male model also has his entire face lathered with shaving gel. He is also shaving his face with a blue razor. He shaves his cheeks and mustache area. He pumps out a small amount gel on his hands. Then shows the difference between regular foam cream and gel shaving cream and continues having. He then poses with a lady model who touches his face to feel his smooth skin. The entire Gillette shaving set is shown.
v_ueDoskgg2yw,7,9,9.43,12.0,[10.7s] a man and woman standing in front of a mirror,He then poses with a lady model who touches his face to feel his smooth skin.,There are some men shaving with Gillette shaving gel. There's a model whose face is completely lathered with shaving gel and he is using a blue razor to shave his face. Another male model also has his entire face lathered with shaving gel. He is also shaving his face with a blue razor. He shaves his cheeks and mustache area. He pumps out a small amount gel on his hands. Then shows the difference between regular foam cream and gel shaving cream and continues having. He then poses with a lady model who touches his face to feel his smooth skin. The entire Gillette shaving set is shown.
v_ueDoskgg2yw,8,9,11.77,15.04,[13.4s] a bottle that is sitting on the ground,The entire Gillette shaving set is shown.,There are some men shaving with Gillette shaving gel. There's a model whose face is completely lathered with shaving gel and he is using a blue razor to shave his face. Another male model also has his entire face lathered with shaving gel. He is also shaving his face with a blue razor. He shaves his cheeks and mustache area. He pumps out a small amount gel on his hands. Then shows the difference between regular foam cream and gel shaving cream and continues having. He then poses with a lady model who touches his face to feel his smooth skin. The entire Gillette shaving set is shown.
v_JgHQCKz_DRc,0,6,3.12,88.44,[3.1s] a man is getting his hair cut | [15.3s] a man is getting his hair cut | [27.5s] a man getting his hair cut in the salon | [39.7s] a man getting his hair cut in the salon | [51.9s] a man is getting his hair cut | [64.1s] a man is getting his hair cut | [76.3s] a man getting his hair cut at the barber | [88.4s] a man getting his hair cut at the barber,A man sits in a chair as he is getting his hair cut.,A man sits in a chair as he is getting his hair cut. A man in a black shirt moves a light around. People scramble behind the hair stylist. A hair stylist continuously combs and cuts the man's hair. The hair stylists rubs some pomade on the man's hair. The man is seen posing.
v_JgHQCKz_DRc,1,6,3.64,27.57,[3.6s] a man is getting his hair cut in the salon | [9.6s] a man sitting in front of a camera | [15.6s] a man getting his hair cut in the salon | [21.6s] a man is getting his hair cut | [27.6s] a man getting his hair cut at the barber,A man in a black shirt moves a light around.,A man sits in a chair as he is getting his hair cut. A man in a black shirt moves a light around. People scramble behind the hair stylist. A hair stylist continuously combs and cuts the man's hair. The hair stylists rubs some pomade on the man's hair. The man is seen posing.
v_JgHQCKz_DRc,2,6,3.64,87.92,[3.6s] a man is getting his hair cut in the salon | [15.7s] a man getting his hair cut in the salon | [27.7s] a man sitting in front of a camera | [39.8s] a man getting his hair cut in the salon | [51.8s] a man is getting his hair cut | [63.8s] a man is getting his hair cut | [75.9s] a man getting his hair cut at the barber | [87.9s] a man is getting his hair cut in the salon,People scramble behind the hair stylist.,A man sits in a chair as he is getting his hair cut. A man in a black shirt moves a light around. People scramble behind the hair stylist. A hair stylist continuously combs and cuts the man's hair. The hair stylists rubs some pomade on the man's hair. The man is seen posing.
v_JgHQCKz_DRc,3,6,3.12,87.4,[3.1s] a man is getting his hair cut | [15.2s] a man is getting his hair cut | [27.2s] a man is getting his hair cut | [39.2s] a man getting his hair cut in the salon | [51.3s] a man is getting his hair cut in the salon | [63.3s] a man getting his hair cut at a barber | [75.4s] a man getting his hair cut in a salon | [87.4s] a man getting his hair cut at the barber,A hair stylist continuously combs and cuts the man's hair.,A man sits in a chair as he is getting his hair cut. A man in a black shirt moves a light around. People scramble behind the hair stylist. A hair stylist continuously combs and cuts the man's hair. The hair stylists rubs some pomade on the man's hair. The man is seen posing.
v_JgHQCKz_DRc,4,6,81.68,84.8,[83.2s] a man is getting his hair cut,The hair stylists rubs some pomade on the man's hair.,A man sits in a chair as he is getting his hair cut. A man in a black shirt moves a light around. People scramble behind the hair stylist. A hair stylist continuously combs and cuts the man's hair. The hair stylists rubs some pomade on the man's hair. The man is seen posing.
v_JgHQCKz_DRc,5,6,90.0,98.33,[90.0s] a man sitting on top of a rock near the water | [98.3s] a man standing in front of a map,The man is seen posing.,A man sits in a chair as he is getting his hair cut. A man in a black shirt moves a light around. People scramble behind the hair stylist. A hair stylist continuously combs and cuts the man's hair. The hair stylists rubs some pomade on the man's hair. The man is seen posing.
v_3NSikmqK3Ys,0,3,0.0,44.61,[0.0s] a group of motorcycles parked next to each other vehicles | [6.4s] a person is riding on a motorcycle | [12.7s] a motorcycle parked on the side of a road | [19.1s] a man sitting on top of a motorcycle eating food | [25.5s] a person is riding on a motor bike | [31.9s] a motorcycle parked on the side of a street | [38.2s] a dog is standing next to a motorcycle | [44.6s] a dog riding on the back of a motorcycle,man is standing in front of a motorbike and puts a toilet lid in the black leathe seat.,man is standing in front of a motorbike and puts a toilet lid in the black leathe seat. the man is driving the motorbike thorugh the street and a dog is running next to him. the man opens the motorbike trunk and close it.
v_3NSikmqK3Ys,1,3,44.61,67.53413333333333,[44.6s] a dog riding on the back of a motorcycle | [50.3s] a man riding on the back of a motorcycle down a street | [56.1s] two dogs are walking on a leash | [61.8s] a blue car parked on the side of a road | [67.5s] a person is putting something on the back of a car,the man is driving the motorbike thorugh the street and a dog is running next to him.,man is standing in front of a motorbike and puts a toilet lid in the black leathe seat. the man is driving the motorbike thorugh the street and a dog is running next to him. the man opens the motorbike trunk and close it.
v_3NSikmqK3Ys,2,3,13.86,16.9,[15.4s] a man sitting in the back seat of a car,the man opens the motorbike trunk and close it.,man is standing in front of a motorbike and puts a toilet lid in the black leathe seat. the man is driving the motorbike thorugh the street and a dog is running next to him. the man opens the motorbike trunk and close it.
v_YZJghuPmff8,0,5,0.0,8.25,[0.0s] a black and white photo of the moon in the sky | [8.2s] a woman is getting her hair done in the salon,A woman holds the back section of a girls hair while she gets ready to style it.,A woman holds the back section of a girls hair while she gets ready to style it. The woman uses a single pick comb to separate strands of hair. The woman clips back sections of hair. The woman pulls on strands of hairs to get them straightened out. The woman braids them the strands of hair together.
v_YZJghuPmff8,1,5,10.5,21.01,[10.5s] a woman getting her hair done at the salon | [21.0s] a woman getting her hair done at the salon,The woman uses a single pick comb to separate strands of hair.,A woman holds the back section of a girls hair while she gets ready to style it. The woman uses a single pick comb to separate strands of hair. The woman clips back sections of hair. The woman pulls on strands of hairs to get them straightened out. The woman braids them the strands of hair together.
v_YZJghuPmff8,2,5,22.51,28.51,[25.5s] a woman is getting her hair done,The woman clips back sections of hair.,A woman holds the back section of a girls hair while she gets ready to style it. The woman uses a single pick comb to separate strands of hair. The woman clips back sections of hair. The woman pulls on strands of hairs to get them straightened out. The woman braids them the strands of hair together.
v_YZJghuPmff8,3,5,28.51,56.28,[28.5s] a woman is getting her hair done | [34.1s] a woman is getting her hair done | [39.6s] a woman is getting her hair done | [45.2s] a woman is getting her hair done | [50.7s] a woman is getting her hair done | [56.3s] a woman is getting her hair done,The woman pulls on strands of hairs to get them straightened out.,A woman holds the back section of a girls hair while she gets ready to style it. The woman uses a single pick comb to separate strands of hair. The woman clips back sections of hair. The woman pulls on strands of hairs to get them straightened out. The woman braids them the strands of hair together.
v_YZJghuPmff8,4,5,56.28,150.01653333333334,[56.3s] a woman is getting her hair done | [69.7s] a woman is getting her hair done | [83.1s] a man getting his hair cut by another person | [96.5s] a woman is getting her pussy on the floor | [109.8s] a woman is getting her hair done | [123.2s] a woman is getting her hair done | [136.6s] a woman is getting her hair done | [150.0s] a black and white photo of the moon in the sky,The woman braids them the strands of hair together.,A woman holds the back section of a girls hair while she gets ready to style it. The woman uses a single pick comb to separate strands of hair. The woman clips back sections of hair. The woman pulls on strands of hairs to get them straightened out. The woman braids them the strands of hair together.
v_dAjhBWalWRM,0,2,0.0,32.06536666666667,[0.0s] a group of people sitting around a table | [4.6s] a man and woman playing poker in a casino | [9.2s] a group of people sitting around a table | [13.7s] a group of people sitting around a table | [18.3s] a group of people sitting around a table | [22.9s] a group of people standing around a table | [27.5s] a group of people sitting around a table | [32.1s] a group of people sitting around a table playing cards,A group of people stand in front of a blackjack table.,A group of people stand in front of a blackjack table. The blackjack attendant places cards on the table.
v_dAjhBWalWRM,1,2,0.8,30.81,[0.8s] a group of people sitting around a table | [5.8s] a group of people sitting at a table | [10.8s] a group of people sitting around a table playing cards | [15.8s] a group of people sitting around a table | [20.8s] a group of people sitting around a table | [25.8s] a group of people sitting around a table | [30.8s] a group of people sitting around a table playing cards,The blackjack attendant places cards on the table.,A group of people stand in front of a blackjack table. The blackjack attendant places cards on the table.
v_CvhSPJ0sBCk,0,2,0.0,44.77,[0.0s] a person on a surf board in the water | [6.4s] a person is winds surfing in the ocean | [12.8s] a couple of people are winds surfing in the ocean | [19.2s] two people on surfboards in the ocean | [25.6s] a person on a surf board in the water | [32.0s] two people in the water | [38.4s] two people are windsurfining in the ocean | [44.8s] two people in the water,Two people are shown parasailing together across ocean water.,Two people are shown parasailing together across ocean water. They move their sails around as they go.
v_CvhSPJ0sBCk,1,2,48.68,60.04,[48.7s] two people in the water | [60.0s] a person on a surf board in the ocean,They move their sails around as they go.,Two people are shown parasailing together across ocean water. They move their sails around as they go.
v_DU2hdNIS2WI,0,5,0.0,23.933333333333334,[0.0s] a fire hydra is lit up in the dark | [6.0s] a man squats on a television screen | [12.0s] a television screen showing a man doing weightlifting | [17.9s] a man in a bodysuit holding a barbell | [23.9s] a man riding a skateboard on top of a ramp,"A very large, muscular man is shown in a gym with a weight bar as piano music plays in the background.","A very large, muscular man is shown in a gym with a weight bar as piano music plays in the background. The video begins with the weight on the floor and the man getting ready to lift it. He lifts the weight and first brings it parallel to his shoulders. He then lifts it completely over his head with his arms extended. After leaving his arms up for several seconds, he allows the weight to fall on the ground."
v_DU2hdNIS2WI,1,5,0.0,8.76,[0.0s] a fire hydra is lit up in the dark | [8.8s] a man squats on a television screen,The video begins with the weight on the floor and the man getting ready to lift it.,"A very large, muscular man is shown in a gym with a weight bar as piano music plays in the background. The video begins with the weight on the floor and the man getting ready to lift it. He lifts the weight and first brings it parallel to his shoulders. He then lifts it completely over his head with his arms extended. After leaving his arms up for several seconds, he allows the weight to fall on the ground."
v_DU2hdNIS2WI,2,5,8.16,17.99,[8.2s] a man squats on the television screen | [18.0s] an image of a man doing weightlifting,He lifts the weight and first brings it parallel to his shoulders.,"A very large, muscular man is shown in a gym with a weight bar as piano music plays in the background. The video begins with the weight on the floor and the man getting ready to lift it. He lifts the weight and first brings it parallel to his shoulders. He then lifts it completely over his head with his arms extended. After leaving his arms up for several seconds, he allows the weight to fall on the ground."
v_DU2hdNIS2WI,3,5,18.11,22.91,[20.5s] a television screen with a man lifting a barbell,He then lifts it completely over his head with his arms extended.,"A very large, muscular man is shown in a gym with a weight bar as piano music plays in the background. The video begins with the weight on the floor and the man getting ready to lift it. He lifts the weight and first brings it parallel to his shoulders. He then lifts it completely over his head with his arms extended. After leaving his arms up for several seconds, he allows the weight to fall on the ground."
v_DU2hdNIS2WI,4,5,22.31,23.933333333333334,[23.1s] a television screen with a basketball player on it,"After leaving his arms up for several seconds, he allows the weight to fall on the ground.","A very large, muscular man is shown in a gym with a weight bar as piano music plays in the background. The video begins with the weight on the floor and the man getting ready to lift it. He lifts the weight and first brings it parallel to his shoulders. He then lifts it completely over his head with his arms extended. After leaving his arms up for several seconds, he allows the weight to fall on the ground."
v_ZKP5J7OKEvI,0,2,0.0,119.04,[0.0s] a man is dancing on the dance floor | [17.0s] a man in a suit is dancing on a wooden floor | [34.0s] a man and woman dancing on a wooden floor | [51.0s] a man in a suit is dancing on the dance floor | [68.0s] a man and woman dancing on a wooden floor | [85.0s] a couple is dancing on the dance floor | [102.0s] a couple dancing on the dance floor | [119.0s] a man is dancing on the dance floor,A small group of people are seen sitting on the side and lead into two people dancing together.,A small group of people are seen sitting on the side and lead into two people dancing together. The people continue dancing along the floor and end by clapping with the band.
v_ZKP5J7OKEvI,1,2,53.87,169.43,[53.9s] a man and woman dancing on a wooden floor | [70.4s] a man and woman dancing on a wooden floor | [86.9s] a man and woman dancing on the dance floor | [103.4s] a man and woman dancing on the dance floor | [119.9s] a man and woman dancing on a wooden floor | [136.4s] a couple dancing on the dance floor | [152.9s] a man and woman dancing on the dance floor | [169.4s] a man and woman dancing on the dance floor,The people continue dancing along the floor and end by clapping with the band.,A small group of people are seen sitting on the side and lead into two people dancing together. The people continue dancing along the floor and end by clapping with the band.
v_feio1hW6Dy0,0,2,0.0,42.08,[0.0s] a person is standing in front of a refrigerator | [6.0s] a person standing on the floor next to a ball | [12.0s] a woman standing in front of a window | [18.0s] a woman is dancing in her bedroom | [24.0s] a woman standing in front of a bed | [30.1s] a woman standing in front of a window | [36.1s] a woman standing in front of a window | [42.1s] a woman standing in front of a window,A close up of ballet shoes are shown followed by a woman putting them on and moving around in a bedroom.,A close up of ballet shoes are shown followed by a woman putting them on and moving around in a bedroom. She moves her arms and feet in the point shoes  and whips her hair all around the room.
v_feio1hW6Dy0,1,2,34.79,112.2121,[34.8s] a woman standing in front of a window | [45.9s] a woman in a pink dress is dancing | [56.9s] a cat that is laying on the floor | [68.0s] a woman standing in front of a window | [79.0s] a woman is standing in front of a window | [90.1s] a woman standing in the middle of a room | [101.2s] a woman in a red dress is dancing | [112.2s] a black and white photo of the moon in the sky,She moves her arms and feet in the point shoes  and whips her hair all around the room.,A close up of ballet shoes are shown followed by a woman putting them on and moving around in a bedroom. She moves her arms and feet in the point shoes  and whips her hair all around the room.
v_Ed9xVend710,0,6,0.0,26.12,[0.0s] a man standing in front of a white wall | [5.2s] a white wall with the word italy on it | [10.4s] a person jumping in the air on top of a wave | [15.7s] a man riding on top of a surfboard | [20.9s] a man standing on top of a boat in the water | [26.1s] a man is standing in the water on a surfboard,A still shot of a man on water skis is shown.,"A still shot of a man on water skis is shown. It then jumps to the same man water skiing very intently. He falls a few times and does his best to stay upright. The video then shows other people trying their best but falling each time. The video continues to show people falling again and again. At the end, credits are shown as to who filmed and starred in the video."
v_Ed9xVend710,1,6,27.31,70.05,[27.3s] a man standing in the water with his hands up | [33.4s] a man is water skiing in the river | [39.5s] a group of birds are swimming in the water | [45.6s] a man riding a wave in the ocean | [51.7s] an image of a wave crashing into the ocean | [57.8s] a bird is standing on the ground with its head down | [63.9s] a man is standing in the water on his surfboard | [70.0s] a man is running through the water on his surfboard,It then jumps to the same man water skiing very intently.,"A still shot of a man on water skis is shown. It then jumps to the same man water skiing very intently. He falls a few times and does his best to stay upright. The video then shows other people trying their best but falling each time. The video continues to show people falling again and again. At the end, credits are shown as to who filmed and starred in the video."
v_Ed9xVend710,2,6,70.05,136.55,[70.0s] a man is running through the water on his surfboard | [79.5s] a man is standing in the water on his surfboard | [89.0s] a group of people standing in the water | [98.6s] a large wave in the ocean | [108.1s] a boat that is in the water near some rocks | [117.6s] a man is standing in the water at the beach | [127.1s] a man is in the water with his surfboard | [136.6s] a man is standing in the middle of a river,He falls a few times and does his best to stay upright.,"A still shot of a man on water skis is shown. It then jumps to the same man water skiing very intently. He falls a few times and does his best to stay upright. The video then shows other people trying their best but falling each time. The video continues to show people falling again and again. At the end, credits are shown as to who filmed and starred in the video."
v_Ed9xVend710,3,6,135.36,172.17,[135.4s] a boat is in the water with waves | [140.6s] a boat that is in the water near some rocks | [145.9s] a person on a surf board in the water | [151.1s] a man is falling off his surfboard in the water | [156.4s] a car that is sitting in the water | [161.7s] a boat that is sinking in the water | [166.9s] a person is surfing in the ocean | [172.2s] a man is water skiing in the lake,The video then shows other people trying their best but falling each time.,"A still shot of a man on water skis is shown. It then jumps to the same man water skiing very intently. He falls a few times and does his best to stay upright. The video then shows other people trying their best but falling each time. The video continues to show people falling again and again. At the end, credits are shown as to who filmed and starred in the video."
v_Ed9xVend710,4,6,172.17,219.66,[172.2s] a man is water skiing in the lake | [179.0s] a man riding on top of a boat in the water | [185.7s] a man riding on the back of a boat | [192.5s] an image taken from the video shows a shark swimming in the ocean | [199.3s] a man is walking down the street with his dog | [206.1s] a man is falling off the side of a waterfall | [212.9s] a man riding a wave on top of a surfboard | [219.7s] a large cloud is seen over the ocean,The video continues to show people falling again and again.,"A still shot of a man on water skis is shown. It then jumps to the same man water skiing very intently. He falls a few times and does his best to stay upright. The video then shows other people trying their best but falling each time. The video continues to show people falling again and again. At the end, credits are shown as to who filmed and starred in the video."
v_Ed9xVend710,5,6,219.66,237.4,[219.7s] a large cloud is seen over the ocean | [225.6s] a man is jumping in the water | [231.5s] a man jumping in the air with his arms outstretched | [237.4s] a black background with the words music by queen written on it,"At the end, credits are shown as to who filmed and starred in the video.","A still shot of a man on water skis is shown. It then jumps to the same man water skiing very intently. He falls a few times and does his best to stay upright. The video then shows other people trying their best but falling each time. The video continues to show people falling again and again. At the end, credits are shown as to who filmed and starred in the video."
v_bQ3yPbCICRg,0,3,0.0,2.31,[1.2s] a group of people playing drums in the grass,A man is seen bending over a bang in the middle of drummers.,A man is seen bending over a bang in the middle of drummers. The people hit the drums continuously while the camera pans around. The men drum while the camera pans around them.
v_bQ3yPbCICRg,1,3,2.2,8.13,[5.2s] a group of people playing drums in the grass,The people hit the drums continuously while the camera pans around.,A man is seen bending over a bang in the middle of drummers. The people hit the drums continuously while the camera pans around. The men drum while the camera pans around them.
v_bQ3yPbCICRg,2,3,7.77,10.18,[9.0s] a group of people playing drums in the grass,The men drum while the camera pans around them.,A man is seen bending over a bang in the middle of drummers. The people hit the drums continuously while the camera pans around. The men drum while the camera pans around them.
v_mb1LoOTM_NI,0,4,0.0,60.06,[0.0s] a group of men standing around a table | [8.6s] a group of men standing around a table | [17.2s] a group of men standing next to each other people | [25.7s] two men wrestling in a room with referees | [34.3s] a man in white shirt standing next to a table | [42.9s] two men standing next to each other man | [51.5s] two men are fighting in a boxing ring | [60.1s] a group of men standing in front of a wall,Two men are standing at the table in arm wrestling  position.,"Two men are standing at the table in arm wrestling  position. A woman is positioning the men, holding their hands. One man without glasses is bending on the side to with his weight. The man with glass put down the other man's hand and won."
v_mb1LoOTM_NI,1,4,6.63,33.73,[6.6s] two men in white shirts standing next to each other men | [12.1s] a group of men standing around a table | [17.5s] two men are talking to each other people | [22.9s] a group of men standing around each other people | [28.3s] a group of men standing around each other people | [33.7s] a man in white shirt standing next to a table,"A woman is positioning the men, holding their hands.","Two men are standing at the table in arm wrestling  position. A woman is positioning the men, holding their hands. One man without glasses is bending on the side to with his weight. The man with glass put down the other man's hand and won."
v_mb1LoOTM_NI,2,4,30.12,49.69,[30.1s] two men wrestling in a room with referees | [36.6s] a group of men standing in front of a wall | [43.2s] a man in white shirt standing next to a table | [49.7s] two men in white shirts are wrestling on a table,One man without glasses is bending on the side to with his weight.,"Two men are standing at the table in arm wrestling  position. A woman is positioning the men, holding their hands. One man without glasses is bending on the side to with his weight. The man with glass put down the other man's hand and won."
v_mb1LoOTM_NI,3,4,47.58,60.06,[47.6s] a group of men standing around a table | [53.8s] two men are wrestling on a table with referees behind them | [60.1s] a group of men standing in front of a wall,The man with glass put down the other man's hand and won.,"Two men are standing at the table in arm wrestling  position. A woman is positioning the men, holding their hands. One man without glasses is bending on the side to with his weight. The man with glass put down the other man's hand and won."
v_nwznKOuZM7w,0,2,0.0,15.51,[0.0s] a man standing in front of a mirror | [7.8s] a person standing in front of a mirror | [15.5s] a man is standing in the corner of his room,Two people are seen moving around a kitchen quickly performing various tasks and sitting down.,Two people are seen moving around a kitchen quickly performing various tasks and sitting down. They then wax down a ski in the kitchen while continuing to move around.
v_nwznKOuZM7w,1,2,11.39,31.564866666666667,[11.4s] a man standing in front of a mirror | [16.4s] a man sitting at his desk in an office | [21.5s] a man standing in front of a mirror | [26.5s] a man is standing in front of a computer | [31.6s] a man standing in a kitchen next to a table,They then wax down a ski in the kitchen while continuing to move around.,Two people are seen moving around a kitchen quickly performing various tasks and sitting down. They then wax down a ski in the kitchen while continuing to move around.
v_IT9uvR9yjxI,0,3,0.0,39.29,[0.0s] tennessee roofing services logo | [5.6s] tennessee roofing services logo | [11.2s] a map of the united states | [16.8s] a map of the united states | [22.5s] a map of the united states | [28.1s] an image of a house with a roof | [33.7s] a house with a roof that has been replaced | [39.3s] the roof of a house with an arched window,An intro is shown of maps and a house close up.,An intro is shown of maps and a house close up. Afterwards a close up of a roof is shown as well as logos. More pictures are shown of trucks parked as well as logos.
v_IT9uvR9yjxI,1,3,38.73,72.49,[38.7s] a roof that has been replaced and is being repaired | [43.6s] a black roof with gray shining | [48.4s] a black roof with gray shining | [53.2s] ga certified weatherproofing contractor | [58.0s] the gaf logo | [62.8s] the gaf logo | [67.7s] a house with a metal roof and two windows | [72.5s] a house with a metal roof in the front yard,Afterwards a close up of a roof is shown as well as logos.,An intro is shown of maps and a house close up. Afterwards a close up of a roof is shown as well as logos. More pictures are shown of trucks parked as well as logos.
v_IT9uvR9yjxI,2,3,76.91,109.01,"[76.9s] a brick roof with the words, san gabriel is another currently available for sale | [81.5s] a roof with the words for a look more cedar shins | [86.1s] tennessee roofing services | [90.7s] the accredited business logo | [95.3s] ga certified weatherproof roofing contractor | [99.8s] two trucks are parked in a parking lot | [104.4s] tennessee roofing services | [109.0s] a book cover with the title ' s title",More pictures are shown of trucks parked as well as logos.,An intro is shown of maps and a house close up. Afterwards a close up of a roof is shown as well as logos. More pictures are shown of trucks parked as well as logos.
v_Vjsd6Ec6eKA,0,4,0.0,9.94,[0.0s] a black and white photo of the moon in the sky | [9.9s] a man in black shirt holding up his phone,A group of people are on a field.,A group of people are on a field. They attach a camera to one of the player's heads. They lift each other over their heads in cheerleading stunts that can be seen from the camera's view. They smile and laugh as they continue to perform stunts.
v_Vjsd6Ec6eKA,1,4,10.7,35.16,[10.7s] a man in black shirt holding up his phone | [15.6s] a man and woman are playing soccer together | [20.5s] a man and woman are playing basketball together | [25.4s] a group of young men and women standing in the grass | [30.3s] a person standing on top of a skateboard | [35.2s] a woman standing on top of a skateboard,They attach a camera to one of the player's heads.,A group of people are on a field. They attach a camera to one of the player's heads. They lift each other over their heads in cheerleading stunts that can be seen from the camera's view. They smile and laugh as they continue to perform stunts.
v_Vjsd6Ec6eKA,2,4,37.45,131.46,[37.5s] a man and woman holding hands in the air | [50.9s] a person standing on the ground with their feet up | [64.3s] a woman standing on top of a lush green field | [77.7s] a person holding up a stuffed animal in the air | [91.2s] a man standing on top of a tennis court | [104.6s] two girls are playing soccer on a field | [118.0s] a bird is flying high up in the sky | [131.5s] a young boy standing on top of a soccer field,They lift each other over their heads in cheerleading stunts that can be seen from the camera's view.,A group of people are on a field. They attach a camera to one of the player's heads. They lift each other over their heads in cheerleading stunts that can be seen from the camera's view. They smile and laugh as they continue to perform stunts.
v_Vjsd6Ec6eKA,3,4,133.75,152.79166666666666,[133.8s] two young men in black t - shirts walking across a field | [140.1s] a group of people standing on top of a green field | [146.4s] a woman is standing in the grass with her hands on her hips | [152.8s] a black and white photo of the moon in the sky,They smile and laugh as they continue to perform stunts.,A group of people are on a field. They attach a camera to one of the player's heads. They lift each other over their heads in cheerleading stunts that can be seen from the camera's view. They smile and laugh as they continue to perform stunts.
v_jlqC3lFqxhQ,0,3,0.0,5.04,[2.5s] a snow covered road in the middle of town,"The video begins with a backdrop of a snowy area and introduces the names of the people in the video and that it's the ""Wisp Snowboard Trip 2014.","The video begins with a backdrop of a snowy area and introduces the names of the people in the video and that it's the ""Wisp Snowboard Trip 2014. The video then goes into numerous various different segments of a bunch of different people snowboarding while doing tricks either in the daytime or nighttime and at various different locations. The outro goes to gray and then fade to black."
v_jlqC3lFqxhQ,1,3,5.04,194.67,[5.0s] a person skiing down a hill in the snow | [32.1s] a truck is driving through the snow at night | [59.2s] a man is walking through the woods in the snow | [86.3s] a snowboarder is doing a trick in the air | [113.4s] a person on a snowboard in the snow | [140.5s] a person on a snowboard jumping in the air | [167.6s] the snow is white | [194.7s] a black and white photo of a woman with long hair,The video then goes into numerous various different segments of a bunch of different people snowboarding while doing tricks either in the daytime or nighttime and at various different locations.,"The video begins with a backdrop of a snowy area and introduces the names of the people in the video and that it's the ""Wisp Snowboard Trip 2014. The video then goes into numerous various different segments of a bunch of different people snowboarding while doing tricks either in the daytime or nighttime and at various different locations. The outro goes to gray and then fade to black."
v_jlqC3lFqxhQ,2,3,194.67,201.56823490156825,[198.1s] a black and white photo of a woman with long hair,The outro goes to gray and then fade to black.,"The video begins with a backdrop of a snowy area and introduces the names of the people in the video and that it's the ""Wisp Snowboard Trip 2014. The video then goes into numerous various different segments of a bunch of different people snowboarding while doing tricks either in the daytime or nighttime and at various different locations. The outro goes to gray and then fade to black."
v_XKvzx2cD9KY,0,4,7.32,140.57,[7.3s] a crowd of people sitting in front of a stage | [26.4s] a man in a suit and tie talking to another man | [45.4s] a group of sumo wrestlers in the ring | [64.4s] two sumo wrestlers fighting in a wrestling ring | [83.5s] two sumo wrestlers fighting in a wrestling ring | [102.5s] a wrestling match with two wrestlers in the ring | [121.5s] a wrestling match with two wrestlers in the ring | [140.6s] an image of a wrestling match with the referee,There is a large crowd shown clapping and two hosts speaking in the beginning.,There is a large crowd shown clapping and two hosts speaking in the beginning. A line of  men are then shown wearing sumo wrestling outfits. Two people get inside of the ring and begin fighting. The two people grab each other's necks and try to knock their opponent down to the ground.
v_XKvzx2cD9KY,1,4,49.05,140.57,[49.0s] a group of sumo wrestlers in the ring | [62.1s] a man with no shirt is in the shower | [75.2s] suno into the giants | [88.3s] two men fighting in a wrestling ring | [101.3s] two sumo wrestlers fighting in a wrestling ring | [114.4s] two sumo wrestlers fighting in a wrestling ring | [127.5s] an image of two wrestlers fighting in a wrestling ring | [140.6s] an image of a wrestling match with the referee,A line of  men are then shown wearing sumo wrestling outfits.,There is a large crowd shown clapping and two hosts speaking in the beginning. A line of  men are then shown wearing sumo wrestling outfits. Two people get inside of the ring and begin fighting. The two people grab each other's necks and try to knock their opponent down to the ground.
v_XKvzx2cD9KY,2,4,77.61,140.57,[77.6s] 2000 to the giants | [86.6s] an image of two wrestlers in a wrestling match | [95.6s] two wrestlers fighting in a wrestling ring | [104.6s] two sumo wrestlers fighting in a wrestling ring | [113.6s] two wrestlers fighting in a wrestling ring | [122.6s] two wrestlers fighting in a wrestling ring | [131.6s] a wrestling match with two wrestlers in the ring | [140.6s] an image of a wrestling match with the referee,Two people get inside of the ring and begin fighting.,There is a large crowd shown clapping and two hosts speaking in the beginning. A line of  men are then shown wearing sumo wrestling outfits. Two people get inside of the ring and begin fighting. The two people grab each other's necks and try to knock their opponent down to the ground.
v_XKvzx2cD9KY,3,4,79.07,140.57,[79.1s] a red stop sign is shown in this image | [87.9s] two wrestlers fighting in a wrestling ring | [96.6s] two wrestlers fighting in a wrestling ring | [105.4s] two sumo wrestlers fighting in a wrestling ring | [114.2s] two sumo wrestlers fighting in a wrestling ring | [123.0s] two wrestlers fighting in a wrestling ring | [131.8s] two wrestlers fighting in a wrestling ring | [140.6s] an image of a wrestling match with the referee,The two people grab each other's necks and try to knock their opponent down to the ground.,There is a large crowd shown clapping and two hosts speaking in the beginning. A line of  men are then shown wearing sumo wrestling outfits. Two people get inside of the ring and begin fighting. The two people grab each other's necks and try to knock their opponent down to the ground.
v_dI1RqUHyWYo,0,3,0.9,89.51,[0.9s] an indoor swimming pool with people in it | [13.6s] a large indoor swimming pool with people in it | [26.2s] a swimming pool with people in it | [38.9s] an indoor swimming pool with people in it | [51.5s] a swimming pool with people in it | [64.2s] a black background with the word hall of pain written in blue ink | [76.9s] an indoor swimming pool in a home | [89.5s] a black and white photo of the moon in the sky,Several people at an indoor pool jump off of a diving board into the pool water below exhibiting a mix of advanced diving techniques and diving technique mishaps.,"Several people at an indoor pool jump off of a diving board into the pool water below exhibiting a mix of advanced diving techniques and diving technique mishaps. Several divers jump off of the diving board into the water below performing many techniques including flips. More, less successful dives are shown near the end of the clip before the scene fades to black."
v_dI1RqUHyWYo,1,3,0.9,59.22,[0.9s] an indoor swimming pool with people in it | [9.2s] a large indoor swimming pool | [17.6s] an indoor swimming pool with a water slide | [25.9s] an indoor swimming pool with a water slide | [34.2s] a swimming pool with people in it | [42.6s] an indoor swimming pool with a man in the water | [50.9s] an indoor swimming pool with people in it | [59.2s] a large indoor swimming pool,Several divers jump off of the diving board into the water below performing many techniques including flips.,"Several people at an indoor pool jump off of a diving board into the pool water below exhibiting a mix of advanced diving techniques and diving technique mishaps. Several divers jump off of the diving board into the water below performing many techniques including flips. More, less successful dives are shown near the end of the clip before the scene fades to black."
v_dI1RqUHyWYo,2,3,66.46,90.32,[66.5s] a group of people in a swimming pool | [72.4s] an indoor swimming pool with people playing in it | [78.4s] an indoor swimming pool with people in it | [84.4s] a man standing in the middle of a swimming pool | [90.3s] a black and white photo of the moon in the sky,"More, less successful dives are shown near the end of the clip before the scene fades to black.","Several people at an indoor pool jump off of a diving board into the pool water below exhibiting a mix of advanced diving techniques and diving technique mishaps. Several divers jump off of the diving board into the water below performing many techniques including flips. More, less successful dives are shown near the end of the clip before the scene fades to black."
v_Xf8y5_b2dq4,0,3,0.0,36.34,[0.0s] an old paper background with space for text | [5.2s] a picture of a man working on a table | [10.4s] a man is painting the outside of his house | [15.6s] a man standing next to an old chest | [20.8s] a man is painting the top of a table | [26.0s] a man is using a spray gun to clean the floor | [31.1s] a man is using a spray to clean the floor | [36.3s] a man is standing next to some drawers,A man is seen holding onto a paint machine and spraying it around all the furniture.,A man is seen holding onto a paint machine and spraying it around all the furniture. He continues painting around the area while the camera pans around his movements. He finishes the painting and the camera pans around the furniture.
v_Xf8y5_b2dq4,1,3,38.81,113.14,[38.8s] how to build a diy table | [49.4s] a man is cleaning the floor with a sponge | [60.0s] an old dresser has been painted with yellow paint | [70.7s] a man is painting a dresser with white paint | [81.3s] a man is working on some drawers in the yard | [91.9s] a man is painting the side of a building | [102.5s] a man is painting the outside of his house | [113.1s] how to build a beehive,He continues painting around the area while the camera pans around his movements.,A man is seen holding onto a paint machine and spraying it around all the furniture. He continues painting around the area while the camera pans around his movements. He finishes the painting and the camera pans around the furniture.
v_Xf8y5_b2dq4,2,3,88.36,160.21,[88.4s] a man is using paint on the side of a building | [98.6s] a man is pouring something out of a container | [108.9s] an old dresser is being repaired and painted | [119.2s] an old dresser is turned into a nightstand | [129.4s] a man is holding a tool in his hand | [139.7s] a white dresser sitting on top of a stone floor | [149.9s] a dresser with the words you are best for my kids on it | [160.2s] a white dresser sitting on top of a wooden floor,He finishes the painting and the camera pans around the furniture.,A man is seen holding onto a paint machine and spraying it around all the furniture. He continues painting around the area while the camera pans around his movements. He finishes the painting and the camera pans around the furniture.
v_yVK-GMdc9UA,0,3,0.0,2.4,[1.2s] a man sitting on top of a blue couch,A man is smiling at the camera.,A man is smiling at the camera. He is ironing clothes on an ironing board. He flips the clothes over and irons the other side.
v_yVK-GMdc9UA,1,3,2.4,27.23,[2.4s] a man standing in front of a computer | [7.4s] a man standing in front of a computer | [12.3s] a man standing in front of a blue wall | [17.3s] a man standing in front of a computer | [22.3s] the man is wearing a white shirt | [27.2s] a man standing in front of a computer,He is ironing clothes on an ironing board.,A man is smiling at the camera. He is ironing clothes on an ironing board. He flips the clothes over and irons the other side.
v_yVK-GMdc9UA,2,3,27.76,53.31993333333333,[27.8s] a man standing next to a bed in a room | [32.9s] a man standing in front of a computer | [38.0s] a man standing in front of a computer | [43.1s] a man standing in front of a laptop computer | [48.2s] a man is making something on a table | [53.3s] a man standing in front of a table,He flips the clothes over and irons the other side.,A man is smiling at the camera. He is ironing clothes on an ironing board. He flips the clothes over and irons the other side.
v_rBaR5xF8orE,0,2,0.0,63.45,[0.0s] a man standing on top of a basketball court | [9.1s] a basketball game is being played in an indoor gym | [18.1s] a group of people standing on top of a basketball court | [27.2s] a man is doing tricks on a basketball court | [36.3s] a man standing on top of a basketball court | [45.3s] a man standing on top of a basketball court | [54.4s] a group of people standing on top of a basketball court | [63.5s] a basketball game is being played in the gym,A large group of people are seen sitting around an auditorium with one man flying kites around in the middle.,A large group of people are seen sitting around an auditorium with one man flying kites around in the middle. The person continues moving around with the kites and walks away in the end with a woman speaking to the crowd.
v_rBaR5xF8orE,1,2,62.81,128.09463333333332,[62.8s] a basketball game is being played in the gym | [72.1s] a group of people standing around a basketball court | [81.5s] a man standing on top of a basketball court | [90.8s] a group of people standing on top of a basketball court | [100.1s] a man standing on top of a basketball court | [109.4s] a group of people standing around a basketball court | [118.8s] a man standing on top of a basketball court | [128.1s] a man standing on top of a basketball court,The person continues moving around with the kites and walks away in the end with a woman speaking to the crowd.,A large group of people are seen sitting around an auditorium with one man flying kites around in the middle. The person continues moving around with the kites and walks away in the end with a woman speaking to the crowd.
v_D18b2IZpxk0,0,3,0.0,17.7,[0.0s] a man riding on the back of a camel | [5.9s] a man riding on the back of a camel | [11.8s] a man riding on the back of a camel | [17.7s] a man riding on the back of a camel,A woman is shown riding a camel past pyramids in Egypt.,A woman is shown riding a camel past pyramids in Egypt. The camel walks as the woman leans forward. And hand covers the lens as the harness is shown.
v_D18b2IZpxk0,1,3,19.61,88.01,[19.6s] a man riding on top of a camel in the desert | [29.4s] a man riding a camel in the desert | [39.2s] a man riding on the back of a horse | [48.9s] a man riding on top of a camel in the desert | [58.7s] a man riding on the back of a camel | [68.5s] a man riding on the back of a camel | [78.2s] a person on a horse in the desert | [88.0s] an image of a desert area with rocks and debris,The camel walks as the woman leans forward.,A woman is shown riding a camel past pyramids in Egypt. The camel walks as the woman leans forward. And hand covers the lens as the harness is shown.
v_D18b2IZpxk0,2,3,90.88,95.5955,[93.2s] a close up view of the face of a woman,And hand covers the lens as the harness is shown.,A woman is shown riding a camel past pyramids in Egypt. The camel walks as the woman leans forward. And hand covers the lens as the harness is shown.
v_LNlGgtg70uQ,0,3,0.0,78.7787,[0.0s] a woman sitting at a table in front of bottles | [11.3s] a woman is making a drink in her kitchen | [22.5s] a woman is making a drink in the kitchen | [33.8s] a woman is making a drink in the kitchen | [45.0s] a woman is making a drink in the kitchen | [56.3s] a woman is making a drink in the kitchen | [67.5s] a woman is making a drink in the kitchen | [78.8s] a woman standing in front of a kitchen counter,This woman is showing her viewers how to make a Chambord Royale.,This woman is showing her viewers how to make a Chambord Royale. First she fills her shaker up halfway with ice and then she adds vodka and Chambord and she puts one ounce of both of them and then she adds a little bit of pineapple juice and cranberry juice. Next she shakes everything up and strains the drink into the cocktail cup.
v_LNlGgtg70uQ,1,3,0.0,46.14,[0.0s] a woman sitting at a table in front of bottles | [6.6s] a woman sitting at a table in front of bottles | [13.2s] a woman is making a drink in her kitchen | [19.8s] a woman is making a drink in her kitchen | [26.4s] a woman is making a drink in the kitchen | [33.0s] a woman is making a drink in the kitchen | [39.5s] a woman is making a drink in the kitchen | [46.1s] how to make a cocktail,First she fills her shaker up halfway with ice and then she adds vodka and Chambord and she puts one ounce of both of them and then she adds a little bit of pineapple juice and cranberry juice.,This woman is showing her viewers how to make a Chambord Royale. First she fills her shaker up halfway with ice and then she adds vodka and Chambord and she puts one ounce of both of them and then she adds a little bit of pineapple juice and cranberry juice. Next she shakes everything up and strains the drink into the cocktail cup.
v_LNlGgtg70uQ,2,3,45.74,64.28,[45.7s] how to make a cocktail | [51.9s] a woman is making a drink in the kitchen | [58.1s] a woman standing in front of a counter | [64.3s] a woman is making some drinks in her kitchen,Next she shakes everything up and strains the drink into the cocktail cup.,This woman is showing her viewers how to make a Chambord Royale. First she fills her shaker up halfway with ice and then she adds vodka and Chambord and she puts one ounce of both of them and then she adds a little bit of pineapple juice and cranberry juice. Next she shakes everything up and strains the drink into the cocktail cup.
v_kMsWDe0V1Xg,0,8,0.0,3.82,[1.9s] a large crowd of people at a concert,Blue lights light up a stage.,Blue lights light up a stage. A man's silhouette is visible and we see the arena in blue light. The man on stage plays lit in a red light. We see the arena in blue and the sax player in red. We see another member of the band. We see the man on the saxophone playing close and far. We see the whole arena and the man playing close. We pan from the man out to the audience.
v_kMsWDe0V1Xg,1,8,3.82,28.63,[3.8s] a large crowd of people at a concert | [8.8s] a man standing in front of a microphone on stage | [13.7s] a concert with blue lights on the stage | [18.7s] an image of a stage with blue lights | [23.7s] an image of a stage with blue lights | [28.6s] a fire in the dark,A man's silhouette is visible and we see the arena in blue light.,Blue lights light up a stage. A man's silhouette is visible and we see the arena in blue light. The man on stage plays lit in a red light. We see the arena in blue and the sax player in red. We see another member of the band. We see the man on the saxophone playing close and far. We see the whole arena and the man playing close. We pan from the man out to the audience.
v_kMsWDe0V1Xg,2,8,28.63,48.67,[28.6s] a fire in the dark | [33.6s] a man standing on top of a stage in the dark | [38.6s] a person holding a saxophone in their hand | [43.7s] a saxophone player is playing on the stage | [48.7s] a man standing in front of a microphone,The man on stage plays lit in a red light.,Blue lights light up a stage. A man's silhouette is visible and we see the arena in blue light. The man on stage plays lit in a red light. We see the arena in blue and the sax player in red. We see another member of the band. We see the man on the saxophone playing close and far. We see the whole arena and the man playing close. We pan from the man out to the audience.
v_kMsWDe0V1Xg,3,8,49.62,79.2,[49.6s] a concert with blue lights and people on the stage | [54.5s] an image of a person on stage at a concert | [59.5s] a man in red shirt standing on stage | [64.4s] an image of two people on stage at a concert | [69.3s] an image of two people on stage at a concert | [74.3s] an image of two people on stage at a concert | [79.2s] a man standing on top of a stage,We see the arena in blue and the sax player in red.,Blue lights light up a stage. A man's silhouette is visible and we see the arena in blue light. The man on stage plays lit in a red light. We see the arena in blue and the sax player in red. We see another member of the band. We see the man on the saxophone playing close and far. We see the whole arena and the man playing close. We pan from the man out to the audience.
v_kMsWDe0V1Xg,4,8,80.15,83.97,[82.1s] a man sitting at a piano in front of a microphone,We see another member of the band.,Blue lights light up a stage. A man's silhouette is visible and we see the arena in blue light. The man on stage plays lit in a red light. We see the arena in blue and the sax player in red. We see another member of the band. We see the man on the saxophone playing close and far. We see the whole arena and the man playing close. We pan from the man out to the audience.
v_kMsWDe0V1Xg,5,8,92.56,125.0,[92.6s] an image of a concert in the dark | [97.2s] a man in a suit playing a saxophone | [101.8s] a man with a saxophone in his hand | [106.5s] a man playing a saxophone in the dark | [111.1s] an image of a band on stage at night | [115.7s] a band performing on stage at night time | [120.4s] a person that is standing on a stage | [125.0s] a person holding a glass in their hand,We see the man on the saxophone playing close and far.,Blue lights light up a stage. A man's silhouette is visible and we see the arena in blue light. The man on stage plays lit in a red light. We see the arena in blue and the sax player in red. We see another member of the band. We see the man on the saxophone playing close and far. We see the whole arena and the man playing close. We pan from the man out to the audience.
v_kMsWDe0V1Xg,6,8,125.0,182.26,[125.0s] a person holding a glass in their hand | [133.2s] a concert with bright lights on the stage | [141.4s] a concert is shown in the dark | [149.5s] a man playing a saxophone in the dark | [157.7s] an image of a man singing into a microphone in the dark | [165.9s] a man playing saxophone in the dark | [174.1s] a man with red light on his face | [182.3s] a concert with blue and red lights on the stage,We see the whole arena and the man playing close.,Blue lights light up a stage. A man's silhouette is visible and we see the arena in blue light. The man on stage plays lit in a red light. We see the arena in blue and the sax player in red. We see another member of the band. We see the man on the saxophone playing close and far. We see the whole arena and the man playing close. We pan from the man out to the audience.
v_kMsWDe0V1Xg,7,8,181.3,190.76666666666668,[181.3s] an image of a concert with red and blue lights | [190.8s] a concert with blue lights on the stage,We pan from the man out to the audience.,Blue lights light up a stage. A man's silhouette is visible and we see the arena in blue light. The man on stage plays lit in a red light. We see the arena in blue and the sax player in red. We see another member of the band. We see the man on the saxophone playing close and far. We see the whole arena and the man playing close. We pan from the man out to the audience.
v_BgsxbT9RCeg,0,9,15.65,22.49,[19.1s] two young girls are performing on a stage,A woman ballerina dressed in a pink skirt and white blouse is standing in pose with her back bent forward and hands on her sides on a stage.,A woman ballerina dressed in a pink skirt and white blouse is standing in pose with her back bent forward and hands on her sides on a stage. A man in blue jeans and a white shirt walks in and strokes her back with a yellow cloth. Then a little girl ballerina comes and bumps into the woman. The woman breaks into a dance every time the little girl ballerina taps her. The little girl picks up a pair of wings and tries to put it on her back. The woman starts doing some ballet moves. She continues to dance to ballet moves as the little girl walks away. The woman ballerina twists and twirls on her toes as she dances to music. The crowd applauds and the man in the white shirt and blue jeans lifts her up and walks off the stage.
v_BgsxbT9RCeg,1,9,22.49,47.92,[22.5s] two young girls are performing on a stage | [27.6s] two young girls are performing on a stage | [32.7s] two young girls are dancing on a stage | [37.7s] two young girls are performing on a stage | [42.8s] two young girls in pink dresses dancing on a stage | [47.9s] two young girls are dancing on a stage,A man in blue jeans and a white shirt walks in and strokes her back with a yellow cloth.,A woman ballerina dressed in a pink skirt and white blouse is standing in pose with her back bent forward and hands on her sides on a stage. A man in blue jeans and a white shirt walks in and strokes her back with a yellow cloth. Then a little girl ballerina comes and bumps into the woman. The woman breaks into a dance every time the little girl ballerina taps her. The little girl picks up a pair of wings and tries to put it on her back. The woman starts doing some ballet moves. She continues to dance to ballet moves as the little girl walks away. The woman ballerina twists and twirls on her toes as she dances to music. The crowd applauds and the man in the white shirt and blue jeans lifts her up and walks off the stage.
v_BgsxbT9RCeg,2,9,47.92,74.32,[47.9s] two young girls are dancing on a stage | [53.2s] a little girl is dancing on the stage | [58.5s] two girls in pink dresses are dancing on a stage | [63.8s] two girls in pink dresses are dancing on a stage | [69.0s] two girls in pink dresses are dancing on a stage | [74.3s] a young girl is dancing on the stage,Then a little girl ballerina comes and bumps into the woman.,A woman ballerina dressed in a pink skirt and white blouse is standing in pose with her back bent forward and hands on her sides on a stage. A man in blue jeans and a white shirt walks in and strokes her back with a yellow cloth. Then a little girl ballerina comes and bumps into the woman. The woman breaks into a dance every time the little girl ballerina taps her. The little girl picks up a pair of wings and tries to put it on her back. The woman starts doing some ballet moves. She continues to dance to ballet moves as the little girl walks away. The woman ballerina twists and twirls on her toes as she dances to music. The crowd applauds and the man in the white shirt and blue jeans lifts her up and walks off the stage.
v_BgsxbT9RCeg,3,9,74.32,89.97,[74.3s] a young girl is dancing on the stage | [82.1s] a young girl is dancing on the stage | [90.0s] a young girl is dancing on the stage,The woman breaks into a dance every time the little girl ballerina taps her.,A woman ballerina dressed in a pink skirt and white blouse is standing in pose with her back bent forward and hands on her sides on a stage. A man in blue jeans and a white shirt walks in and strokes her back with a yellow cloth. Then a little girl ballerina comes and bumps into the woman. The woman breaks into a dance every time the little girl ballerina taps her. The little girl picks up a pair of wings and tries to put it on her back. The woman starts doing some ballet moves. She continues to dance to ballet moves as the little girl walks away. The woman ballerina twists and twirls on her toes as she dances to music. The crowd applauds and the man in the white shirt and blue jeans lifts her up and walks off the stage.
v_BgsxbT9RCeg,4,9,89.97,105.61,[90.0s] a young girl is dancing on the stage | [97.8s] a woman in a pink skirt is dancing on stage | [105.6s] a woman in a pink dress is dancing on stage,The little girl picks up a pair of wings and tries to put it on her back.,A woman ballerina dressed in a pink skirt and white blouse is standing in pose with her back bent forward and hands on her sides on a stage. A man in blue jeans and a white shirt walks in and strokes her back with a yellow cloth. Then a little girl ballerina comes and bumps into the woman. The woman breaks into a dance every time the little girl ballerina taps her. The little girl picks up a pair of wings and tries to put it on her back. The woman starts doing some ballet moves. She continues to dance to ballet moves as the little girl walks away. The woman ballerina twists and twirls on her toes as she dances to music. The crowd applauds and the man in the white shirt and blue jeans lifts her up and walks off the stage.
v_BgsxbT9RCeg,5,9,105.61,129.08,[105.6s] a woman in a pink dress is dancing on stage | [111.5s] a woman in a pink dress is standing on a stage | [117.3s] a young girl is dancing on the stage | [123.2s] a young girl is dancing on the stage | [129.1s] a woman in a red skirt is dancing on stage,The woman starts doing some ballet moves.,A woman ballerina dressed in a pink skirt and white blouse is standing in pose with her back bent forward and hands on her sides on a stage. A man in blue jeans and a white shirt walks in and strokes her back with a yellow cloth. Then a little girl ballerina comes and bumps into the woman. The woman breaks into a dance every time the little girl ballerina taps her. The little girl picks up a pair of wings and tries to put it on her back. The woman starts doing some ballet moves. She continues to dance to ballet moves as the little girl walks away. The woman ballerina twists and twirls on her toes as she dances to music. The crowd applauds and the man in the white shirt and blue jeans lifts her up and walks off the stage.
v_BgsxbT9RCeg,6,9,129.08,150.6,[129.1s] a woman in a red skirt is dancing on stage | [134.5s] a woman in a pink dress is dancing on stage | [139.8s] a young girl is dancing on the stage | [145.2s] a woman in a pink skirt is dancing on stage | [150.6s] a young girl is standing on the stage,She continues to dance to ballet moves as the little girl walks away.,A woman ballerina dressed in a pink skirt and white blouse is standing in pose with her back bent forward and hands on her sides on a stage. A man in blue jeans and a white shirt walks in and strokes her back with a yellow cloth. Then a little girl ballerina comes and bumps into the woman. The woman breaks into a dance every time the little girl ballerina taps her. The little girl picks up a pair of wings and tries to put it on her back. The woman starts doing some ballet moves. She continues to dance to ballet moves as the little girl walks away. The woman ballerina twists and twirls on her toes as she dances to music. The crowd applauds and the man in the white shirt and blue jeans lifts her up and walks off the stage.
v_BgsxbT9RCeg,7,9,150.6,185.8,[150.6s] a young girl is standing on the stage | [155.6s] a woman in a pink dress is standing on a stage | [160.7s] a woman in a pink dress is dancing on stage | [165.7s] a woman in a pink dress is dancing on stage | [170.7s] a young girl is dancing on the stage | [175.7s] a young girl is dancing on the stage | [180.8s] a young girl is performing on the stage | [185.8s] two people on stage,The woman ballerina twists and twirls on her toes as she dances to music.,A woman ballerina dressed in a pink skirt and white blouse is standing in pose with her back bent forward and hands on her sides on a stage. A man in blue jeans and a white shirt walks in and strokes her back with a yellow cloth. Then a little girl ballerina comes and bumps into the woman. The woman breaks into a dance every time the little girl ballerina taps her. The little girl picks up a pair of wings and tries to put it on her back. The woman starts doing some ballet moves. She continues to dance to ballet moves as the little girl walks away. The woman ballerina twists and twirls on her toes as she dances to music. The crowd applauds and the man in the white shirt and blue jeans lifts her up and walks off the stage.
v_BgsxbT9RCeg,8,9,185.8,195.52866666666668,[185.8s] two people on stage | [195.5s] a black and white photo of a man in the dark,The crowd applauds and the man in the white shirt and blue jeans lifts her up and walks off the stage.,A woman ballerina dressed in a pink skirt and white blouse is standing in pose with her back bent forward and hands on her sides on a stage. A man in blue jeans and a white shirt walks in and strokes her back with a yellow cloth. Then a little girl ballerina comes and bumps into the woman. The woman breaks into a dance every time the little girl ballerina taps her. The little girl picks up a pair of wings and tries to put it on her back. The woman starts doing some ballet moves. She continues to dance to ballet moves as the little girl walks away. The woman ballerina twists and twirls on her toes as she dances to music. The crowd applauds and the man in the white shirt and blue jeans lifts her up and walks off the stage.
v_VJyNbaAz6Xs,0,4,0.84,19.26,[0.8s] a man walking in the dark with an umbrella | [7.0s] a person on a snowboard in the snow | [13.1s] a person on a snowboard in the snow | [19.3s] a person on a snowboard going down a hill,A man in a red coat is outside on a snowboard.,"A man in a red coat is outside on a snowboard. He starts going down a course and doing some really cool tricks while moving. Some men are rubbing down their boards and another gets on the field and starts doing some flips and stuff in mid air. These are all pretty experienced people on the boards, they are even boarding through water and having a good time."
v_VJyNbaAz6Xs,1,4,14.23,39.35,[14.2s] a person on a snowboard in the snow | [19.3s] a person on a snowboard going down a hill | [24.3s] a person riding a snowboard on a snowy slope | [29.3s] a snowboarder is standing in the snow | [34.3s] the snowboarder is wearing a helmet and goggles | [39.4s] a man riding a snowboard down the side of a mountain,He starts going down a course and doing some really cool tricks while moving.,"A man in a red coat is outside on a snowboard. He starts going down a course and doing some really cool tricks while moving. Some men are rubbing down their boards and another gets on the field and starts doing some flips and stuff in mid air. These are all pretty experienced people on the boards, they are even boarding through water and having a good time."
v_VJyNbaAz6Xs,2,4,39.35,97.95,[39.4s] a man riding a snowboard down the side of a mountain | [47.7s] a man is working on his car in the snow | [56.1s] a person on a snowboard in the snow | [64.5s] the snow is white | [72.8s] a snow mound in the middle of a parking lot | [81.2s] a person on a snowboard going down a hill | [89.6s] a snow mound on the side of a road | [98.0s] a man flying through the air while riding a snowboard,Some men are rubbing down their boards and another gets on the field and starts doing some flips and stuff in mid air.,"A man in a red coat is outside on a snowboard. He starts going down a course and doing some really cool tricks while moving. Some men are rubbing down their boards and another gets on the field and starts doing some flips and stuff in mid air. These are all pretty experienced people on the boards, they are even boarding through water and having a good time."
v_VJyNbaAz6Xs,3,4,97.95,167.36736736736736,[98.0s] a man flying through the air while riding a snowboard | [107.9s] a man flying through the air while wearing goggles | [117.8s] a snow covered field with trees in the background | [127.7s] a person on a snowboard in the snow | [137.6s] a snow covered field with trees and clouds in the background | [147.5s] a man riding on top of a water fountain | [157.5s] a person standing on top of a snow covered slope | [167.4s] a black and white photo of the moon in the sky,"These are all pretty experienced people on the boards, they are even boarding through water and having a good time.","A man in a red coat is outside on a snowboard. He starts going down a course and doing some really cool tricks while moving. Some men are rubbing down their boards and another gets on the field and starts doing some flips and stuff in mid air. These are all pretty experienced people on the boards, they are even boarding through water and having a good time."
v_m22TDwfa8go,0,4,0.0,23.9,[0.0s] a martini glass sitting on top of a table | [6.0s] a woman standing in front of a bar | [11.9s] a woman sitting in front of a bar | [17.9s] a woman sitting at a bar with a bottle of beer | [23.9s] a woman in a black dress sitting at a bar,A woman is seen talking to the camera and presenting various liquids to the camera.,A woman is seen talking to the camera and presenting various liquids to the camera. She ready's the tip of a glass and dips the glass into sugar on a plate. She pours various liquids into a mixer and shakes the mixture all together. She pours the drink out into the glass while still speaking to the camera.
v_m22TDwfa8go,1,4,23.9,52.4,[23.9s] a woman in a black dress sitting at a bar | [28.6s] a woman standing in front of a bar | [33.4s] a woman sitting in front of a bar | [38.1s] a woman sitting at a bar holding a glass | [42.9s] a woman standing in front of a bar | [47.6s] a woman standing in front of a bar | [52.4s] a woman sitting at a bar making a drink,She ready's the tip of a glass and dips the glass into sugar on a plate.,A woman is seen talking to the camera and presenting various liquids to the camera. She ready's the tip of a glass and dips the glass into sugar on a plate. She pours various liquids into a mixer and shakes the mixture all together. She pours the drink out into the glass while still speaking to the camera.
v_m22TDwfa8go,2,4,54.24,136.05,[54.2s] a woman sitting at a bar making a drink | [65.9s] a woman standing in front of a bar | [77.6s] a woman standing in front of a bar | [89.3s] a woman standing in front of a bar | [101.0s] a woman is making a drink at the bar | [112.7s] a woman is making a drink at the bar | [124.4s] a woman standing in front of a bar | [136.1s] a woman holding a bottle in her hand,She pours various liquids into a mixer and shakes the mixture all together.,A woman is seen talking to the camera and presenting various liquids to the camera. She ready's the tip of a glass and dips the glass into sugar on a plate. She pours various liquids into a mixer and shakes the mixture all together. She pours the drink out into the glass while still speaking to the camera.
v_m22TDwfa8go,3,4,136.05,183.71686666666668,[136.1s] a woman holding a bottle in her hand | [142.9s] a woman sitting at a bar holding a drink | [149.7s] a woman standing in front of a bar | [156.5s] a woman pouring a drink at a bar | [163.3s] a woman making a drink at a bar | [170.1s] a woman standing in front of a bar | [176.9s] a woman sitting at a bar making drinks | [183.7s] a black and white photo of the moon in the sky,She pours the drink out into the glass while still speaking to the camera.,A woman is seen talking to the camera and presenting various liquids to the camera. She ready's the tip of a glass and dips the glass into sugar on a plate. She pours various liquids into a mixer and shakes the mixture all together. She pours the drink out into the glass while still speaking to the camera.
v_uMQEaWGQvrc,0,3,0.0,4.96,[2.5s] a large indoor swimming pool,A man on a diving board walks to the end.,A man on a diving board walks to the end. the man bounces on the board two times then dives into the water. The man surfaces and swims towards the edge of the pool.
v_uMQEaWGQvrc,1,3,4.96,10.08,[7.5s] a large indoor swimming pool,the man bounces on the board two times then dives into the water.,A man on a diving board walks to the end. the man bounces on the board two times then dives into the water. The man surfaces and swims towards the edge of the pool.
v_uMQEaWGQvrc,2,3,10.85,17.017,[13.9s] a swimming pool with people in it,The man surfaces and swims towards the edge of the pool.,A man on a diving board walks to the end. the man bounces on the board two times then dives into the water. The man surfaces and swims towards the edge of the pool.
v_XzYtm5WdAE8,0,3,0.32,7.31,[3.8s] a man standing in the middle of a rice field,A man is seen standing in a large field behind a piece of heavy machinery.,A man is seen standing in a large field behind a piece of heavy machinery. The man pushes the machine along some tall grass while the camera follows his movements. The man continues pushing along the high grass.
v_XzYtm5WdAE8,1,3,6.99,24.95,[7.0s] a man standing in the middle of a rice field | [13.0s] a man is working in the rice field | [19.0s] a man is cutting grass in the field | [25.0s] a man is cutting grass in the field,The man pushes the machine along some tall grass while the camera follows his movements.,A man is seen standing in a large field behind a piece of heavy machinery. The man pushes the machine along some tall grass while the camera follows his movements. The man continues pushing along the high grass.
v_XzYtm5WdAE8,2,3,22.56,31.62,[22.6s] a man is cutting grass in the field | [31.6s] a bird is standing in the grass,The man continues pushing along the high grass.,A man is seen standing in a large field behind a piece of heavy machinery. The man pushes the machine along some tall grass while the camera follows his movements. The man continues pushing along the high grass.
v_zzz_3yWpTXo,0,2,0.22,10.55,[0.2s] a woman is standing in the kitchen preparing food | [10.6s] an older woman is cooking in the kitchen,A woman is seen standing behind a sink and washing dishes while speaking to the camera.,A woman is seen standing behind a sink and washing dishes while speaking to the camera. The woman continues washing silverware while looking over to the camera and smiling.
v_zzz_3yWpTXo,1,2,8.29,21.09,[8.3s] an older woman is preparing food in the kitchen | [14.7s] a woman standing in front of a kitchen counter | [21.1s] an older woman standing in a kitchen preparing food,The woman continues washing silverware while looking over to the camera and smiling.,A woman is seen standing behind a sink and washing dishes while speaking to the camera. The woman continues washing silverware while looking over to the camera and smiling.
v_h8J08sJ2no0,0,2,0.0,24.8,[0.0s] a person on a skateboard in a tunnel | [5.0s] a person on a skateboard in a tunnel | [9.9s] the inside of a rock climbing tunnel | [14.9s] a person on a rock climbing course | [19.8s] the inside of a rock climbing tunnel | [24.8s] a person on a climbing wall in a tunnel,"A person walks on the roof of a climbing equipment, then he goes down the wall and reach the floor and walk forward.","A person walks on the roof of a climbing equipment, then he goes down the wall and reach the floor and walk forward. The man stand with the hands on the border on the equipment and descend down the walk with the hands, then he walk on hands sideward."
v_h8J08sJ2no0,1,2,24.8,40.96,[24.8s] a person on a climbing wall in a tunnel | [30.2s] a person on a skateboard in a tunnel | [35.6s] a skateboarder is doing tricks on the wall | [41.0s] a skateboarder in the tunnel at night time,"The man stand with the hands on the border on the equipment and descend down the walk with the hands, then he walk on hands sideward.","A person walks on the roof of a climbing equipment, then he goes down the wall and reach the floor and walk forward. The man stand with the hands on the border on the equipment and descend down the walk with the hands, then he walk on hands sideward."
v_cp52LdlmlUk,0,3,0.0,129.9298,[0.0s] a group of people in a gym | [18.6s] a group of people standing on top of a gym floor | [37.1s] a group of people playing basketball in a gym | [55.7s] a group of people playing basketball in an indoor gym | [74.2s] a group of people standing on top of a basketball court | [92.8s] a group of people standing on top of a basketball court | [111.4s] a group of people playing basketball in a gym | [129.9s] a group of people in an indoor gym,People are standing in a room working out.,People are standing in a room working out. They are stepping up and down on small stepping stools. They continue working out in the room.
v_cp52LdlmlUk,1,3,5.2,129.9298,[5.2s] a group of young men playing basketball in a gym | [23.0s] a group of people on a basketball court | [40.8s] a group of people playing basketball in a gym | [58.7s] a group of people playing basketball in a gym | [76.5s] a group of people playing basketball in a gym | [94.3s] a group of people playing basketball in a gym | [112.1s] a group of people standing on top of a basketball court | [129.9s] a group of people in an indoor gym,They are stepping up and down on small stepping stools.,People are standing in a room working out. They are stepping up and down on small stepping stools. They continue working out in the room.
v_cp52LdlmlUk,2,3,17.55,129.9298,[17.6s] a group of people on a gym floor | [33.6s] a group of people playing basketball in a gym | [49.7s] a group of people standing on top of a basketball court | [65.7s] a group of people playing basketball in a gym | [81.8s] a group of people playing basketball in a gym | [97.8s] a group of people in an indoor gym | [113.9s] a group of people in an indoor gym | [129.9s] a group of people in an indoor gym,They continue working out in the room.,People are standing in a room working out. They are stepping up and down on small stepping stools. They continue working out in the room.
v_44BfVJnhBgc,0,2,0.0,159.73,[0.0s] a blue sky with the words above it | [22.8s] a woman in red shirt and black leggings standing on wooden floor | [45.6s] a man in red shirt sitting on the floor | [68.5s] a man in red shirt and black shorts walking down the hallway | [91.3s] a woman is walking down the hallway | [114.1s] an image of a man walking down a hallway | [136.9s] a group of people walking down the street | [159.7s] a man is running down the street in the snow,A runner tests a prosthetic leg in a long distance run.,A runner tests a prosthetic leg in a long distance run. He runs inside then runs outside.
v_44BfVJnhBgc,1,2,65.42,159.73,[65.4s] a man in a red shirt is walking down the hallway | [78.9s] a man in red shirt and black shorts is dancing | [92.4s] a person walking down a hallway with their feet on the floor | [105.8s] a woman in a black dress is walking down the hallway | [119.3s] a man is walking down the sidewalk in front of a store | [132.8s] a man is walking down the street in the snow | [146.3s] a man running down the sidewalk in front of a building | [159.7s] a man is running down the street in the snow,He runs inside then runs outside.,A runner tests a prosthetic leg in a long distance run. He runs inside then runs outside.
v_ITGlho0dw-k,0,7,0.0,3.79,[1.9s] a logo with the letter k on it,We see an opening title screen.,We see an opening title screen. We see a lady putting sunscreen on in a bathroom and on the beach. We see a title screen and see the lady buy her sunscreen and another title screen. The lady throws a way a bottle and looks on her phone before going to the bathroom and putting sunscreen on. We see a title screen and the lady applies sunscreen and a friend puts some on her back. The lady puts on sunscreen on the beach and her friend run on the beach. We see a title screen and the ending screen.
v_ITGlho0dw-k,1,7,3.79,15.8,[3.8s] a woman standing in front of a shower | [9.8s] a woman sitting on top of a beach chair | [15.8s] a woman in bikinis on the beach,We see a lady putting sunscreen on in a bathroom and on the beach.,We see an opening title screen. We see a lady putting sunscreen on in a bathroom and on the beach. We see a title screen and see the lady buy her sunscreen and another title screen. The lady throws a way a bottle and looks on her phone before going to the bathroom and putting sunscreen on. We see a title screen and the lady applies sunscreen and a friend puts some on her back. The lady puts on sunscreen on the beach and her friend run on the beach. We see a title screen and the ending screen.
v_ITGlho0dw-k,2,7,15.8,42.99,[15.8s] a woman in bikinis on the beach | [21.2s] an image of a person walking on the beach | [26.7s] a woman in a pink dress is looking at the shelves | [32.1s] an image of a city with buildings in the background | [37.6s] how to choose the best skincare products for your skin | [43.0s] a person holding a bottle of water in their hand,We see a title screen and see the lady buy her sunscreen and another title screen.,We see an opening title screen. We see a lady putting sunscreen on in a bathroom and on the beach. We see a title screen and see the lady buy her sunscreen and another title screen. The lady throws a way a bottle and looks on her phone before going to the bathroom and putting sunscreen on. We see a title screen and the lady applies sunscreen and a friend puts some on her back. The lady puts on sunscreen on the beach and her friend run on the beach. We see a title screen and the ending screen.
v_ITGlho0dw-k,3,7,43.62,84.08,[43.6s] a person holding a bottle of liquid in their hand | [49.4s] a person holding a pink soap bottle in their hand | [55.2s] a person holding a cell phone in their hand | [61.0s] a woman brushing her hair in front of a mirror | [66.7s] a woman is washing her hands in the bathroom | [72.5s] a woman sitting on top of a toilet in the bathroom | [78.3s] a woman is taking off her panties in the bathroom | [84.1s] a woman is looking at her reflection in the mirror,The lady throws a way a bottle and looks on her phone before going to the bathroom and putting sunscreen on.,We see an opening title screen. We see a lady putting sunscreen on in a bathroom and on the beach. We see a title screen and see the lady buy her sunscreen and another title screen. The lady throws a way a bottle and looks on her phone before going to the bathroom and putting sunscreen on. We see a title screen and the lady applies sunscreen and a friend puts some on her back. The lady puts on sunscreen on the beach and her friend run on the beach. We see a title screen and the ending screen.
v_ITGlho0dw-k,4,7,84.08,106.2,[84.1s] a woman is looking at her reflection in the mirror | [89.6s] a woman in a bikini is taking off her panties | [95.1s] a woman is putting her panties in the bathroom | [100.7s] a woman is showing off her big tits | [106.2s] a woman in sunglasses talking on the phone,We see a title screen and the lady applies sunscreen and a friend puts some on her back.,We see an opening title screen. We see a lady putting sunscreen on in a bathroom and on the beach. We see a title screen and see the lady buy her sunscreen and another title screen. The lady throws a way a bottle and looks on her phone before going to the bathroom and putting sunscreen on. We see a title screen and the lady applies sunscreen and a friend puts some on her back. The lady puts on sunscreen on the beach and her friend run on the beach. We see a title screen and the ending screen.
v_ITGlho0dw-k,5,7,106.84,115.69,[106.8s] a woman in a bikini sitting on the beach | [115.7s] a woman in a bikini posing for the camera,The lady puts on sunscreen on the beach and her friend run on the beach.,We see an opening title screen. We see a lady putting sunscreen on in a bathroom and on the beach. We see a title screen and see the lady buy her sunscreen and another title screen. The lady throws a way a bottle and looks on her phone before going to the bathroom and putting sunscreen on. We see a title screen and the lady applies sunscreen and a friend puts some on her back. The lady puts on sunscreen on the beach and her friend run on the beach. We see a title screen and the ending screen.
v_ITGlho0dw-k,6,7,116.32,126.37625,"[116.3s] a blue arrow pointing up to the sky with text that reads, from $ 3 billion to $ 2 billion | [126.4s] the logo for yocast",We see a title screen and the ending screen.,We see an opening title screen. We see a lady putting sunscreen on in a bathroom and on the beach. We see a title screen and see the lady buy her sunscreen and another title screen. The lady throws a way a bottle and looks on her phone before going to the bathroom and putting sunscreen on. We see a title screen and the lady applies sunscreen and a friend puts some on her back. The lady puts on sunscreen on the beach and her friend run on the beach. We see a title screen and the ending screen.
v_ol4ScGsyhbI,0,3,0.0,67.8,[0.0s] a black and white photo of the moon in the sky | [9.7s] a man in white shirt holding up two flags | [19.4s] two men in yellow shirts standing on a stage | [29.1s] a man in yellow shirt standing on top of a table | [38.7s] a man standing in front of a microphone | [48.4s] a wrestling match with two men in yellow shirts | [58.1s] a group of people sitting in chairs at a bar | [67.8s] an image of a man wrestling with another person,An image is shown of a man posing with trophies and flexing his biceps.,"An image is shown of a man posing with trophies and flexing his biceps. The images cut to videos, as he wins multiple arm wrestling matches and trophies. In the final scenes, a vast audience talks as they watch him win yet again."
v_ol4ScGsyhbI,1,3,75.58,184.52,[75.6s] an image of a man in yellow shirt sitting on a table | [91.1s] a picture of two men in yellow shirts shaking hands | [106.7s] a man is getting his hair cut by a referee | [122.3s] two men in yellow shirts sitting at a table | [137.8s] two men in yellow shirts are wrestling on a table | [153.4s] a man in a yellow shirt is being fucked by two men | [169.0s] a man in white shirt and black shorts is being fucked by another man | [184.5s] the man is wearing a blue shirt,"The images cut to videos, as he wins multiple arm wrestling matches and trophies.","An image is shown of a man posing with trophies and flexing his biceps. The images cut to videos, as he wins multiple arm wrestling matches and trophies. In the final scenes, a vast audience talks as they watch him win yet again."
v_ol4ScGsyhbI,2,3,190.07,222.24,[190.1s] a man in a yellow shirt is getting his hair done | [194.7s] a wrestling match is being played by two men | [199.3s] an image of two men fighting on a stage | [203.9s] a man in yellow shirt standing next to a tv screen | [208.5s] a crowd of people dancing in a nightclub | [213.0s] two men in black shirts are fighting over a table | [217.6s] a man in yellow shirt holding a trophy | [222.2s] an image of a black background with the words,"In the final scenes, a vast audience talks as they watch him win yet again.","An image is shown of a man posing with trophies and flexing his biceps. The images cut to videos, as he wins multiple arm wrestling matches and trophies. In the final scenes, a vast audience talks as they watch him win yet again."
v_rAuz_Pf3lp8,0,5,3.5,167.04,[3.5s] a car is parked on the side of the road | [26.9s] a group of people walking down a hallway | [50.2s] two young girls tubling in the water | [73.6s] a group of people riding on top of a raft | [97.0s] a man riding on top of a white boat | [120.3s] a woman in a red dress sitting on an inflatable | [143.7s] a woman in a bikini laying on an inflatable | [167.0s] a little boy is sticking his tongue out,"A family has a picnic, and goes tubing on inflatable rafts in a narrow body of water surrounded by trees, on a rainy day.","A family has a picnic, and goes tubing on inflatable rafts in a narrow body of water surrounded by trees, on a rainy day. A family of people sit at an outdoor wooden picnic table, eating, waiving at the camera. The family watch the weather outdoors as it begins to rain and a little girl runs out into the rain and dances in it. The family then appears, floating, talking and smiling on inflatable tubes on a narrow body of water. The event ends and the family leaves an area bordered by a wooden fence."
v_rAuz_Pf3lp8,1,5,3.5,11.37,[7.4s] a group of people standing in front of a car,"A family of people sit at an outdoor wooden picnic table, eating, waiving at the camera.","A family has a picnic, and goes tubing on inflatable rafts in a narrow body of water surrounded by trees, on a rainy day. A family of people sit at an outdoor wooden picnic table, eating, waiving at the camera. The family watch the weather outdoors as it begins to rain and a little girl runs out into the rain and dances in it. The family then appears, floating, talking and smiling on inflatable tubes on a narrow body of water. The event ends and the family leaves an area bordered by a wooden fence."
v_rAuz_Pf3lp8,2,5,13.12,31.48,[13.1s] a bucket is sitting on the ground in the rain | [19.2s] a little girl is playing in the rain | [25.4s] two women in swimsuits standing next to each other women | [31.5s] a woman walking in the rain with an umbrella,The family watch the weather outdoors as it begins to rain and a little girl runs out into the rain and dances in it.,"A family has a picnic, and goes tubing on inflatable rafts in a narrow body of water surrounded by trees, on a rainy day. A family of people sit at an outdoor wooden picnic table, eating, waiving at the camera. The family watch the weather outdoors as it begins to rain and a little girl runs out into the rain and dances in it. The family then appears, floating, talking and smiling on inflatable tubes on a narrow body of water. The event ends and the family leaves an area bordered by a wooden fence."
v_rAuz_Pf3lp8,3,5,38.48,154.8,[38.5s] a group of people riding on top of a boat | [55.1s] a woman and child are floating on an inflatable | [71.7s] a group of people are rafting down the river | [88.3s] two children in a raft on the water | [104.9s] a cave in the middle of a river | [121.6s] a woman in a red dress sitting on an inflatable | [138.2s] a woman is floating on an inflatable | [154.8s] an image of a person walking down a path,"The family then appears, floating, talking and smiling on inflatable tubes on a narrow body of water.","A family has a picnic, and goes tubing on inflatable rafts in a narrow body of water surrounded by trees, on a rainy day. A family of people sit at an outdoor wooden picnic table, eating, waiving at the camera. The family watch the weather outdoors as it begins to rain and a little girl runs out into the rain and dances in it. The family then appears, floating, talking and smiling on inflatable tubes on a narrow body of water. The event ends and the family leaves an area bordered by a wooden fence."
v_rAuz_Pf3lp8,4,5,155.68,174.4,"[155.7s] a group of people walking through the woods | [161.9s] a little boy is running in the park | [168.2s] a young boy sitting on top of a chair | [174.4s] a black and white photo with the words, ' i ' m d kr '",The event ends and the family leaves an area bordered by a wooden fence.,"A family has a picnic, and goes tubing on inflatable rafts in a narrow body of water surrounded by trees, on a rainy day. A family of people sit at an outdoor wooden picnic table, eating, waiving at the camera. The family watch the weather outdoors as it begins to rain and a little girl runs out into the rain and dances in it. The family then appears, floating, talking and smiling on inflatable tubes on a narrow body of water. The event ends and the family leaves an area bordered by a wooden fence."
v_D84XQFQ4tsU,0,4,0.0,9.51,[0.0s] a body of water | [9.5s] a large rock in the middle of a field,A body of water is shown.,A body of water is shown. A person takes a lid off of a pot. They show a camp site with a tent. They put a cloth into the bucket.
v_D84XQFQ4tsU,1,4,11.03,33.47,[11.0s] a black cat sitting on top of a rock | [16.6s] a man is sitting on the ground with his feet up | [22.2s] a man is pouring water out of a bucket | [27.9s] a man is putting cement into the ground | [33.5s] a person is standing on the edge of a cliff,A person takes a lid off of a pot.,A body of water is shown. A person takes a lid off of a pot. They show a camp site with a tent. They put a cloth into the bucket.
v_D84XQFQ4tsU,2,4,36.51,41.08,[38.8s] a forest filled with lots of trees,They show a camp site with a tent.,A body of water is shown. A person takes a lid off of a pot. They show a camp site with a tent. They put a cloth into the bucket.
v_D84XQFQ4tsU,3,4,46.4,69.98,[46.4s] a dog is standing next to a trash can | [52.3s] a person is holding a bucket in their hand | [58.2s] a man is holding a bucket in his hands | [64.1s] a person is pouring water into a bucket | [70.0s] a bucket filled with water sitting on the ground,They put a cloth into the bucket.,A body of water is shown. A person takes a lid off of a pot. They show a camp site with a tent. They put a cloth into the bucket.
v_cmM0li5O1t0,0,4,0.0,26.64,[0.0s] a man and woman on a boat in the water | [5.3s] a man on a wake board in the water | [10.7s] a man and woman on a boat in the water | [16.0s] a man and woman are in the water with their paddles | [21.3s] a little girl riding on the back of a boat | [26.6s] a man and woman on a boat in the water,We see a little girl water skiing.,"We see a little girl water skiing. We see a man holding a child water skiing. The man lets go, and grabs her jacket again. The man points to the skis. The man lefts go and grabs the jacket again."
v_cmM0li5O1t0,2,4,0.94,5.89,[3.4s] a man is standing on the edge of a boat,"The man lets go, and grabs her jacket again.","We see a little girl water skiing. We see a man holding a child water skiing. The man lets go, and grabs her jacket again. The man points to the skis. The man lefts go and grabs the jacket again."
v_cmM0li5O1t0,3,4,11.77,14.98,[13.4s] a man and a little girl on a paddle board,The man points to the skis.,"We see a little girl water skiing. We see a man holding a child water skiing. The man lets go, and grabs her jacket again. The man points to the skis. The man lefts go and grabs the jacket again."
v_cmM0li5O1t0,4,4,20.46,25.55,[23.0s] a little girl riding on the back of a boat,The man lefts go and grabs the jacket again.,"We see a little girl water skiing. We see a man holding a child water skiing. The man lets go, and grabs her jacket again. The man points to the skis. The man lefts go and grabs the jacket again."
v_XCXcwMyrqYM,0,5,0.0,16.26,[0.0s] a green grassy field | [5.4s] a man standing on the side of a road | [10.8s] a man standing on top of a wooden pole | [16.3s] a man holding a bow while standing in the grass,A man talks about a bow he is using in front of an open field.,A man talks about a bow he is using in front of an open field. The man shows how to use the bow by hitting a target in the field. Several vehicles drive down a road behind the field. Cows graze behind the road. The man hits his last target and walks away.
v_XCXcwMyrqYM,1,5,17.02,54.83,[17.0s] a man holding a bow while standing in the grass | [22.4s] a man holding a bow while standing in the grass | [27.8s] a man wearing a gray hoodie | [33.2s] a man is playing golf in the park | [38.6s] a man holding a bow | [44.0s] a man holding a bow | [49.4s] the man is holding a bow | [54.8s] a man is flying a kite in the air,The man shows how to use the bow by hitting a target in the field.,A man talks about a bow he is using in front of an open field. The man shows how to use the bow by hitting a target in the field. Several vehicles drive down a road behind the field. Cows graze behind the road. The man hits his last target and walks away.
v_XCXcwMyrqYM,2,5,31.01,42.73,[31.0s] a man standing on the side of a road | [42.7s] a man holding a bow while standing in the grass,Several vehicles drive down a road behind the field.,A man talks about a bow he is using in front of an open field. The man shows how to use the bow by hitting a target in the field. Several vehicles drive down a road behind the field. Cows graze behind the road. The man hits his last target and walks away.
v_XCXcwMyrqYM,3,5,0.0,75.5755,[0.0s] a green grassy field | [10.8s] a man is standing in front of an archery target | [21.6s] a man holding a bow while standing in the grass | [32.4s] a man standing in the grass | [43.2s] a man holding a bow | [54.0s] a man holding a paintbrush | [64.8s] a young boy shooting with a bow and arrow | [75.6s] a field of green grass,Cows graze behind the road.,A man talks about a bow he is using in front of an open field. The man shows how to use the bow by hitting a target in the field. Several vehicles drive down a road behind the field. Cows graze behind the road. The man hits his last target and walks away.
v_XCXcwMyrqYM,4,5,55.21,75.5755,[55.2s] a man holding a bow while standing in the grass | [60.3s] a man holding a bow while standing in the grass | [65.4s] a man holding a bow | [70.5s] a man holding a bow while standing in the grass | [75.6s] a field of green grass,The man hits his last target and walks away.,A man talks about a bow he is using in front of an open field. The man shows how to use the bow by hitting a target in the field. Several vehicles drive down a road behind the field. Cows graze behind the road. The man hits his last target and walks away.
v_mn1ozn0j7D8,0,6,0.0,20.37,"[0.0s] a black and white photo of the moon in the sky | [5.1s] a black background with blue text that reads, ' 11 / 11 the great slave | [10.2s] a black background with blue text that reads, ' ctt 1 / 11 the mez aptchy | [15.3s] a black background with blue text that reads, ' ctt 1 / 11 the mez aptchy | [20.4s] a black background with blue text that reads, ' ctt 1 / 11 the mez aptchy",We see a couple opening title screens.,We see a couple opening title screens. A man is shaving with a straight razor. We see the man behind him and the men hug and talk. The man returns to shaving his face. We see the man in the rear again. The shaving man talks and we see the ending title screens.
v_mn1ozn0j7D8,1,6,21.03,31.54,[21.0s] a black and white photo of the moon in the sky | [31.5s] a man standing in front of a glass door,A man is shaving with a straight razor.,We see a couple opening title screens. A man is shaving with a straight razor. We see the man behind him and the men hug and talk. The man returns to shaving his face. We see the man in the rear again. The shaving man talks and we see the ending title screens.
v_mn1ozn0j7D8,2,6,31.54,59.14,[31.5s] a man standing in front of a glass door | [37.1s] a man sitting in front of a window smiling | [42.6s] two men standing next to each other man | [48.1s] a man wearing a white shirt | [53.6s] two men are laughing while one is holding a cigarette | [59.1s] a man with a beard is smoking something,We see the man behind him and the men hug and talk.,We see a couple opening title screens. A man is shaving with a straight razor. We see the man behind him and the men hug and talk. The man returns to shaving his face. We see the man in the rear again. The shaving man talks and we see the ending title screens.
v_mn1ozn0j7D8,3,6,59.8,101.85,[59.8s] a man with a cigarette in his mouth | [65.8s] a man with a cigarette in his mouth | [71.8s] a man with white paint on his face | [77.8s] a man is looking at his reflection in the mirror | [83.8s] a man standing in front of a mirror | [89.8s] a man brushing his teeth in the mirror | [95.8s] a man standing in front of a mirror | [101.8s] a man is standing in front of a window,The man returns to shaving his face.,We see a couple opening title screens. A man is shaving with a straight razor. We see the man behind him and the men hug and talk. The man returns to shaving his face. We see the man in the rear again. The shaving man talks and we see the ending title screens.
v_mn1ozn0j7D8,4,6,101.85,105.14,[103.5s] a man standing in front of a door,We see the man in the rear again.,We see a couple opening title screens. A man is shaving with a straight razor. We see the man behind him and the men hug and talk. The man returns to shaving his face. We see the man in the rear again. The shaving man talks and we see the ending title screens.
v_mn1ozn0j7D8,5,6,105.8,131.3312,"[105.8s] a man standing in front of a door | [110.9s] an image of a black background with the words, myrcents to lynn arms and kri | [116.0s] an image of a black background with the words, ' myrcents to m lynans and king | [121.1s] an image of a black background with the words thank | [126.2s] an image of a black background with the words thank | [131.3s] a black and white photo of the moon in the sky",The shaving man talks and we see the ending title screens.,We see a couple opening title screens. A man is shaving with a straight razor. We see the man behind him and the men hug and talk. The man returns to shaving his face. We see the man in the rear again. The shaving man talks and we see the ending title screens.
v_56m7PcBuUFc,0,2,0.0,14.33,[0.0s] a little boy is playing on the playground | [7.2s] two children playing on swings in a park | [14.3s] a little boy is swinging on a swing,A girl is pushing two little boys on a backyard swing.,A girl is pushing two little boys on a backyard swing. She smiles at the camera as she pushes the boys back and forth.
v_56m7PcBuUFc,1,2,18.68,36.192,[18.7s] a little boy is swinging on a swing | [24.5s] two children playing on swings in a park | [30.4s] two children playing on swings in a park | [36.2s] a little girl playing with her dog in the yard,She smiles at the camera as she pushes the boys back and forth.,A girl is pushing two little boys on a backyard swing. She smiles at the camera as she pushes the boys back and forth.
v_kdRcWkrZRZo,0,17,0.0,5.37,[2.7s] a man with bruises on his arm is shown in this image,A still picture of an individual's back is shown.,"A still picture of an individual's back is shown. Some sort of item is shown in close up. A man and a woman talk to the camera in a newscast setting. Scenes of summer beach goers are shown in a news report context. A man is shown walking near a boat with dogs. The man is shown near a grill. A quick cut of a the item from before is shown up close. The man is interviewed while seated, with a quick cut of him walking. The man removes his shirt. More close up scenes of the item are shown. Still images and video of skin damage are shown. The man talks in an indoor environment. Another still image of the item is shown. The man is interviewed seated again. A still screen of text is shown. A different man talks to the camera while a logo is shown beside him. A webpage about the first man is shown."
v_kdRcWkrZRZo,1,17,8.06,8.95,[8.5s] a close up of the banana boat logo,Some sort of item is shown in close up.,"A still picture of an individual's back is shown. Some sort of item is shown in close up. A man and a woman talk to the camera in a newscast setting. Scenes of summer beach goers are shown in a news report context. A man is shown walking near a boat with dogs. The man is shown near a grill. A quick cut of a the item from before is shown up close. The man is interviewed while seated, with a quick cut of him walking. The man removes his shirt. More close up scenes of the item are shown. Still images and video of skin damage are shown. The man talks in an indoor environment. Another still image of the item is shown. The man is interviewed seated again. A still screen of text is shown. A different man talks to the camera while a logo is shown beside him. A webpage about the first man is shown."
v_kdRcWkrZRZo,2,17,8.95,18.8,[8.9s] a bottle of banana boat is shown in this image | [18.8s] a newscast with two people sitting at a table,A man and a woman talk to the camera in a newscast setting.,"A still picture of an individual's back is shown. Some sort of item is shown in close up. A man and a woman talk to the camera in a newscast setting. Scenes of summer beach goers are shown in a news report context. A man is shown walking near a boat with dogs. The man is shown near a grill. A quick cut of a the item from before is shown up close. The man is interviewed while seated, with a quick cut of him walking. The man removes his shirt. More close up scenes of the item are shown. Still images and video of skin damage are shown. The man talks in an indoor environment. Another still image of the item is shown. The man is interviewed seated again. A still screen of text is shown. A different man talks to the camera while a logo is shown beside him. A webpage about the first man is shown."
v_kdRcWkrZRZo,3,17,18.8,34.02,[18.8s] a newscast with two people sitting at a table | [26.4s] a man is sitting on the beach with an umbrella | [34.0s] a man is walking down the path to his boat,Scenes of summer beach goers are shown in a news report context.,"A still picture of an individual's back is shown. Some sort of item is shown in close up. A man and a woman talk to the camera in a newscast setting. Scenes of summer beach goers are shown in a news report context. A man is shown walking near a boat with dogs. The man is shown near a grill. A quick cut of a the item from before is shown up close. The man is interviewed while seated, with a quick cut of him walking. The man removes his shirt. More close up scenes of the item are shown. Still images and video of skin damage are shown. The man talks in an indoor environment. Another still image of the item is shown. The man is interviewed seated again. A still screen of text is shown. A different man talks to the camera while a logo is shown beside him. A webpage about the first man is shown."
v_kdRcWkrZRZo,4,17,34.02,44.76,[34.0s] a man is walking down the path to his boat | [44.8s] a man is grilling meat on the grill,A man is shown walking near a boat with dogs.,"A still picture of an individual's back is shown. Some sort of item is shown in close up. A man and a woman talk to the camera in a newscast setting. Scenes of summer beach goers are shown in a news report context. A man is shown walking near a boat with dogs. The man is shown near a grill. A quick cut of a the item from before is shown up close. The man is interviewed while seated, with a quick cut of him walking. The man removes his shirt. More close up scenes of the item are shown. Still images and video of skin damage are shown. The man talks in an indoor environment. Another still image of the item is shown. The man is interviewed seated again. A still screen of text is shown. A different man talks to the camera while a logo is shown beside him. A webpage about the first man is shown."
v_kdRcWkrZRZo,5,17,44.76,46.55,[45.7s] a man standing in front of a house,The man is shown near a grill.,"A still picture of an individual's back is shown. Some sort of item is shown in close up. A man and a woman talk to the camera in a newscast setting. Scenes of summer beach goers are shown in a news report context. A man is shown walking near a boat with dogs. The man is shown near a grill. A quick cut of a the item from before is shown up close. The man is interviewed while seated, with a quick cut of him walking. The man removes his shirt. More close up scenes of the item are shown. Still images and video of skin damage are shown. The man talks in an indoor environment. Another still image of the item is shown. The man is interviewed seated again. A still screen of text is shown. A different man talks to the camera while a logo is shown beside him. A webpage about the first man is shown."
v_kdRcWkrZRZo,6,17,47.45,52.82,[50.1s] this is a bottle,A quick cut of a the item from before is shown up close.,"A still picture of an individual's back is shown. Some sort of item is shown in close up. A man and a woman talk to the camera in a newscast setting. Scenes of summer beach goers are shown in a news report context. A man is shown walking near a boat with dogs. The man is shown near a grill. A quick cut of a the item from before is shown up close. The man is interviewed while seated, with a quick cut of him walking. The man removes his shirt. More close up scenes of the item are shown. Still images and video of skin damage are shown. The man talks in an indoor environment. Another still image of the item is shown. The man is interviewed seated again. A still screen of text is shown. A different man talks to the camera while a logo is shown beside him. A webpage about the first man is shown."
v_kdRcWkrZRZo,7,17,52.82,76.99,[52.8s] a bottle of water sitting on top of a table | [57.7s] a man in a black shirt sitting on a couch | [62.5s] a man is standing on the dock with his dog | [67.3s] a man in a black shirt sitting on a chair | [72.2s] a man in a black shirt sitting on a chair | [77.0s] a man in black shirt sitting on a chair,"The man is interviewed while seated, with a quick cut of him walking.","A still picture of an individual's back is shown. Some sort of item is shown in close up. A man and a woman talk to the camera in a newscast setting. Scenes of summer beach goers are shown in a news report context. A man is shown walking near a boat with dogs. The man is shown near a grill. A quick cut of a the item from before is shown up close. The man is interviewed while seated, with a quick cut of him walking. The man removes his shirt. More close up scenes of the item are shown. Still images and video of skin damage are shown. The man talks in an indoor environment. Another still image of the item is shown. The man is interviewed seated again. A still screen of text is shown. A different man talks to the camera while a logo is shown beside him. A webpage about the first man is shown."
v_kdRcWkrZRZo,8,17,76.99,81.47,[79.2s] a woman in black panties is standing by the window,The man removes his shirt.,"A still picture of an individual's back is shown. Some sort of item is shown in close up. A man and a woman talk to the camera in a newscast setting. Scenes of summer beach goers are shown in a news report context. A man is shown walking near a boat with dogs. The man is shown near a grill. A quick cut of a the item from before is shown up close. The man is interviewed while seated, with a quick cut of him walking. The man removes his shirt. More close up scenes of the item are shown. Still images and video of skin damage are shown. The man talks in an indoor environment. Another still image of the item is shown. The man is interviewed seated again. A still screen of text is shown. A different man talks to the camera while a logo is shown beside him. A webpage about the first man is shown."
v_kdRcWkrZRZo,9,17,80.57,88.63,[80.6s] a man with no shirt is standing outside | [88.6s] a close up of a can of banana boat,More close up scenes of the item are shown.,"A still picture of an individual's back is shown. Some sort of item is shown in close up. A man and a woman talk to the camera in a newscast setting. Scenes of summer beach goers are shown in a news report context. A man is shown walking near a boat with dogs. The man is shown near a grill. A quick cut of a the item from before is shown up close. The man is interviewed while seated, with a quick cut of him walking. The man removes his shirt. More close up scenes of the item are shown. Still images and video of skin damage are shown. The man talks in an indoor environment. Another still image of the item is shown. The man is interviewed seated again. A still screen of text is shown. A different man talks to the camera while a logo is shown beside him. A webpage about the first man is shown."
v_kdRcWkrZRZo,10,17,89.53,111.91,[89.5s] a man with no shirt standing in front of a window | [95.1s] a man with bruises on his back in the hospital room | [100.7s] a man with red spots on his chest | [106.3s] the body of a woman is shown in this image | [111.9s] a man wearing a black t - shirt,Still images and video of skin damage are shown.,"A still picture of an individual's back is shown. Some sort of item is shown in close up. A man and a woman talk to the camera in a newscast setting. Scenes of summer beach goers are shown in a news report context. A man is shown walking near a boat with dogs. The man is shown near a grill. A quick cut of a the item from before is shown up close. The man is interviewed while seated, with a quick cut of him walking. The man removes his shirt. More close up scenes of the item are shown. Still images and video of skin damage are shown. The man talks in an indoor environment. Another still image of the item is shown. The man is interviewed seated again. A still screen of text is shown. A different man talks to the camera while a logo is shown beside him. A webpage about the first man is shown."
v_kdRcWkrZRZo,11,17,111.01,119.07,[111.0s] the man is wearing a black shirt | [119.1s] a bottle of liquid sitting on top of a table,The man talks in an indoor environment.,"A still picture of an individual's back is shown. Some sort of item is shown in close up. A man and a woman talk to the camera in a newscast setting. Scenes of summer beach goers are shown in a news report context. A man is shown walking near a boat with dogs. The man is shown near a grill. A quick cut of a the item from before is shown up close. The man is interviewed while seated, with a quick cut of him walking. The man removes his shirt. More close up scenes of the item are shown. Still images and video of skin damage are shown. The man talks in an indoor environment. Another still image of the item is shown. The man is interviewed seated again. A still screen of text is shown. A different man talks to the camera while a logo is shown beside him. A webpage about the first man is shown."
v_kdRcWkrZRZo,12,17,117.28,126.23,[117.3s] a bottle of liquid sitting on top of a table | [126.2s] a bottle of liquid sitting on top of a table,Another still image of the item is shown.,"A still picture of an individual's back is shown. Some sort of item is shown in close up. A man and a woman talk to the camera in a newscast setting. Scenes of summer beach goers are shown in a news report context. A man is shown walking near a boat with dogs. The man is shown near a grill. A quick cut of a the item from before is shown up close. The man is interviewed while seated, with a quick cut of him walking. The man removes his shirt. More close up scenes of the item are shown. Still images and video of skin damage are shown. The man talks in an indoor environment. Another still image of the item is shown. The man is interviewed seated again. A still screen of text is shown. A different man talks to the camera while a logo is shown beside him. A webpage about the first man is shown."
v_kdRcWkrZRZo,13,17,128.92,130.71,[129.8s] a man in a black shirt sitting on a couch,The man is interviewed seated again.,"A still picture of an individual's back is shown. Some sort of item is shown in close up. A man and a woman talk to the camera in a newscast setting. Scenes of summer beach goers are shown in a news report context. A man is shown walking near a boat with dogs. The man is shown near a grill. A quick cut of a the item from before is shown up close. The man is interviewed while seated, with a quick cut of him walking. The man removes his shirt. More close up scenes of the item are shown. Still images and video of skin damage are shown. The man talks in an indoor environment. Another still image of the item is shown. The man is interviewed seated again. A still screen of text is shown. A different man talks to the camera while a logo is shown beside him. A webpage about the first man is shown."
v_kdRcWkrZRZo,14,17,131.6,143.24,[131.6s] a news report on the situation in india | [143.2s] a news report on the situation in india,A still screen of text is shown.,"A still picture of an individual's back is shown. Some sort of item is shown in close up. A man and a woman talk to the camera in a newscast setting. Scenes of summer beach goers are shown in a news report context. A man is shown walking near a boat with dogs. The man is shown near a grill. A quick cut of a the item from before is shown up close. The man is interviewed while seated, with a quick cut of him walking. The man removes his shirt. More close up scenes of the item are shown. Still images and video of skin damage are shown. The man talks in an indoor environment. Another still image of the item is shown. The man is interviewed seated again. A still screen of text is shown. A different man talks to the camera while a logo is shown beside him. A webpage about the first man is shown."
v_kdRcWkrZRZo,15,17,145.93,162.04,[145.9s] a man in a suit standing next to a fire | [151.3s] a man in a suit standing next to a fire | [156.7s] a man in a suit standing next to a fire | [162.0s] a man in a black shirt sitting on a couch,A different man talks to the camera while a logo is shown beside him.,"A still picture of an individual's back is shown. Some sort of item is shown in close up. A man and a woman talk to the camera in a newscast setting. Scenes of summer beach goers are shown in a news report context. A man is shown walking near a boat with dogs. The man is shown near a grill. A quick cut of a the item from before is shown up close. The man is interviewed while seated, with a quick cut of him walking. The man removes his shirt. More close up scenes of the item are shown. Still images and video of skin damage are shown. The man talks in an indoor environment. Another still image of the item is shown. The man is interviewed seated again. A still screen of text is shown. A different man talks to the camera while a logo is shown beside him. A webpage about the first man is shown."
v_kdRcWkrZRZo,16,17,163.83,179.0,[163.8s] a screen shot of a man in a black shirt | [171.4s] an image of a woman in yellow bikinis | [179.0s] a screen shot of the twitter page,A webpage about the first man is shown.,"A still picture of an individual's back is shown. Some sort of item is shown in close up. A man and a woman talk to the camera in a newscast setting. Scenes of summer beach goers are shown in a news report context. A man is shown walking near a boat with dogs. The man is shown near a grill. A quick cut of a the item from before is shown up close. The man is interviewed while seated, with a quick cut of him walking. The man removes his shirt. More close up scenes of the item are shown. Still images and video of skin damage are shown. The man talks in an indoor environment. Another still image of the item is shown. The man is interviewed seated again. A still screen of text is shown. A different man talks to the camera while a logo is shown beside him. A webpage about the first man is shown."
v_x2FfKHiN_3s,0,3,0.0,10.13,[0.0s] a black and white photo of the moon in the sky | [10.1s] a man standing on top of a snow covered field,"A man is sitting on a frozen lake, fishing through a hole and surrounded by fishing gear.","A man is sitting on a frozen lake, fishing through a hole and surrounded by fishing gear. He walks away from his stuff, and a fish pulls his pole into the water, disappearing with it. He stands angrily with his hands on his hips, then gets another pole to try to get it back."
v_x2FfKHiN_3s,1,3,13.5,76.52,[13.5s] a man standing on top of a snow covered field | [22.5s] a man sitting on top of a snow covered field | [31.5s] a man is fishing in the snow | [40.5s] a man standing in the snow with a fishing rod | [49.5s] a man is fishing in the snow | [58.5s] a man standing in the snow with a fishing rod | [67.5s] a man standing on top of a snow covered field | [76.5s] a man standing in the snow with a fishing rod,"He walks away from his stuff, and a fish pulls his pole into the water, disappearing with it.","A man is sitting on a frozen lake, fishing through a hole and surrounded by fishing gear. He walks away from his stuff, and a fish pulls his pole into the water, disappearing with it. He stands angrily with his hands on his hips, then gets another pole to try to get it back."
v_x2FfKHiN_3s,2,3,79.33,112.44566666666667,[79.3s] a man standing in the snow with a fishing rod | [84.1s] a man standing on top of a snow covered field | [88.8s] a man standing on top of an ice covered lake | [93.5s] a man standing on top of an ice covered lake | [98.3s] a man standing on top of a snow covered lake | [103.0s] a man is fishing in the snow | [107.7s] a man is fishing in the snow | [112.4s] a black and white photo of the moon in the sky,"He stands angrily with his hands on his hips, then gets another pole to try to get it back.","A man is sitting on a frozen lake, fishing through a hole and surrounded by fishing gear. He walks away from his stuff, and a fish pulls his pole into the water, disappearing with it. He stands angrily with his hands on his hips, then gets another pole to try to get it back."
v_PLgcXxX3A2A,0,2,0.0,85.39,[0.0s] the national baseball league logo | [12.2s] two men playing a game of basketball on a court | [24.4s] a group of people playing basketball on a court | [36.6s] a group of men playing basketball on a court | [48.8s] a group of young men playing basketball on a court | [61.0s] a group of young men playing basketball in a gym | [73.2s] a group of men playing basketball on a court | [85.4s] a group of men playing basketball on a court,A boy on a team throws a basketball at other team members.,"A boy on a team throws a basketball at other team members. Others join in, some falling as they are hit with the ball."
v_PLgcXxX3A2A,1,2,87.08,169.00216666666665,[87.1s] a group of men playing basketball on a court | [98.8s] a black and white logo with the words miss | [110.5s] a group of men playing basketball on a court | [122.2s] a group of men playing volleyball on a court | [133.9s] two men playing basketball in a gymnasium | [145.6s] the win logo on a black background | [157.3s] a baseball player is trying to catch the ball | [169.0s] a black wallpaper with the word ' s logo on it,"Others join in, some falling as they are hit with the ball.","A boy on a team throws a basketball at other team members. Others join in, some falling as they are hit with the ball."
v_0JpULUYPDX0,0,3,0.0,31.51,[0.0s] an image of a blue background with white text | [5.3s] a man is playing tennis on the court | [10.5s] a tennis court | [15.8s] a tennis court | [21.0s] a tennis court | [26.3s] a tennis court | [31.5s] a tennis court,A person is seen standing on a court holding a tennis racket.,A person is seen standing on a court holding a tennis racket. The man then demonstrates several moves with the tennis racket and hitting the ball to another. The two continuously hit the ball back and fourth to one another.
v_0JpULUYPDX0,1,3,33.51,71.02,[33.5s] a tennis court | [38.9s] a tennis court | [44.2s] a tennis court with a person on it | [49.6s] a tennis court | [54.9s] a tennis court | [60.3s] a man is playing tennis on the court | [65.7s] a man is playing tennis on the court | [71.0s] a man is playing tennis on the court,The man then demonstrates several moves with the tennis racket and hitting the ball to another.,A person is seen standing on a court holding a tennis racket. The man then demonstrates several moves with the tennis racket and hitting the ball to another. The two continuously hit the ball back and fourth to one another.
v_0JpULUYPDX0,2,3,61.02,97.53,[61.0s] a man is playing tennis on the court | [66.2s] a tennis court | [71.5s] a tennis court | [76.7s] a man standing on top of a tennis court | [81.9s] a tennis court | [87.1s] a tennis court | [92.3s] a tennis court | [97.5s] a tennis court,The two continuously hit the ball back and fourth to one another.,A person is seen standing on a court holding a tennis racket. The man then demonstrates several moves with the tennis racket and hitting the ball to another. The two continuously hit the ball back and fourth to one another.
v_uFMDSiHu7g4,0,3,0.0,13.59,[0.0s] a group of people walking down the street | [6.8s] a group of people walking down the street | [13.6s] a group of people dancing in the street,A man wearing a striped shirt dances with a girl in a brown blouse at a street festival.,A man wearing a striped shirt dances with a girl in a brown blouse at a street festival. Other couple join in and dance in a street festival while performers play on a stage. Onlookers pass by while the group continues to dance.
v_uFMDSiHu7g4,1,3,13.59,141.36,[13.6s] a group of people dancing in the street | [31.8s] a group of people dancing in the street | [50.1s] a group of people walking down the street | [68.3s] a group of people dancing in the street | [86.6s] a group of people dancing in the street | [104.9s] a group of people dancing in the street | [123.1s] a group of people walking down the street | [141.4s] a group of people walking down the street,Other couple join in and dance in a street festival while performers play on a stage.,A man wearing a striped shirt dances with a girl in a brown blouse at a street festival. Other couple join in and dance in a street festival while performers play on a stage. Onlookers pass by while the group continues to dance.
v_uFMDSiHu7g4,2,3,141.36,181.181,[141.4s] a group of people walking down the street | [147.0s] a group of people dancing in the street | [152.7s] a group of people walking down the street | [158.4s] a group of people dancing in the street | [164.1s] a group of people dancing in the street | [169.8s] a group of people dancing in the street | [175.5s] a group of people are dancing on the street | [181.2s] a group of people are dancing in the street,Onlookers pass by while the group continues to dance.,A man wearing a striped shirt dances with a girl in a brown blouse at a street festival. Other couple join in and dance in a street festival while performers play on a stage. Onlookers pass by while the group continues to dance.
v_iDz8nKDpumY,0,2,0.0,38.14,[0.0s] two people are playing in the water on a beach | [5.4s] a group of people riding on top of water skis | [10.9s] two people on water skis in a river | [16.3s] a man is water skiing in the river | [21.8s] two people are in the water on skis | [27.2s] a man and woman are in the water on skis | [32.7s] a man is water skiing on the river | [38.1s] a man is water skiing on the lake,Two people are seen riding on skis behind a boat with one person having a child on their shoulders.,Two people are seen riding on skis behind a boat with one person having a child on their shoulders. The people all hang onto one another while the young child climbs on top of them and falls off in the end.
v_iDz8nKDpumY,1,2,32.53,112.13333333333334,[32.5s] a man riding on top of a boat in the water | [43.9s] a man and woman are skiing on the water | [55.3s] a man riding on top of a water ski | [66.6s] a man is water skiing in the lake | [78.0s] a man is water skiing on the lake | [89.4s] a man is skiing on the water with ski poles | [100.8s] a man riding on top of a water ski | [112.1s] a man riding on the back of a surfboard,The people all hang onto one another while the young child climbs on top of them and falls off in the end.,Two people are seen riding on skis behind a boat with one person having a child on their shoulders. The people all hang onto one another while the young child climbs on top of them and falls off in the end.
v_ffWMjZCysO0,0,3,0.0,62.31,[0.0s] a black and white photo of the moon in the sky | [8.9s] an image of some pictures on a blue background | [17.8s] a man riding on the back of a motorcycle | [26.7s] a man in white shirt and black pants holding a rope | [35.6s] a man is standing in front of a white wall | [44.5s] a man wearing a white shirt and black hat | [53.4s] a man holding a baseball bat on top of a field | [62.3s] a man in a white shirt and black hat,A person is seen running along the road wearing equipment and speaking to the camera.,A person is seen running along the road wearing equipment and speaking to the camera. The man runs around using strings as well as speaking to the camera. The man continues speaking while more shots are shown of him running.
v_ffWMjZCysO0,1,3,61.22,158.51,[61.2s] a man is walking his dog down the street | [75.1s] a man standing in front of a white wall | [89.0s] a baseball player hitting the ball with his bat | [102.9s] a man wearing a white shirt and black hat | [116.8s] a small dog is walking on the sidewalk | [130.7s] a man standing in front of a white wall | [144.6s] a man in a white shirt and black hat | [158.5s] a man walking down the street with a baseball bat,The man runs around using strings as well as speaking to the camera.,A person is seen running along the road wearing equipment and speaking to the camera. The man runs around using strings as well as speaking to the camera. The man continues speaking while more shots are shown of him running.
v_ffWMjZCysO0,2,3,131.18,210.99,[131.2s] a man is standing in front of a white wall | [142.6s] a man in a white shirt and black hat | [154.0s] a man is walking down the road with his backpack | [165.4s] a baseball player is running on the field | [176.8s] a man walking down the road with a camera | [188.2s] a man is walking down the street with his back pack | [199.6s] the video shows a man in a white shirt and black pants | [211.0s] a skateboarder is doing tricks on the street,The man continues speaking while more shots are shown of him running.,A person is seen running along the road wearing equipment and speaking to the camera. The man runs around using strings as well as speaking to the camera. The man continues speaking while more shots are shown of him running.
v_QlCA9f1WD84,0,3,0.0,30.91,[0.0s] a man standing in front of a wall | [5.2s] a man that is kneeling down on the floor | [10.3s] the man is painting a wall with white paint | [15.5s] a man is painting the walls of his house | [20.6s] a man is painting the wall with white paint | [25.8s] a man is painting the wall with white paint | [30.9s] a man is standing in the corner of a room,A painter applies plaster to a wall using a wide flat edge tool.,A painter applies plaster to a wall using a wide flat edge tool. The man moves electrical wire handing on the while to plaster around it. Other rooms of the house are seen in different stages of completeness.
v_QlCA9f1WD84,1,3,8.51,31.09,[8.5s] a man with a gun in the corner of a room | [14.2s] a fire is burning in the ceiling of a room | [19.8s] a man standing in front of a white wall | [25.4s] a man is standing in front of a wall | [31.1s] the man is painting a wall with white paint,The man moves electrical wire handing on the while to plaster around it.,A painter applies plaster to a wall using a wide flat edge tool. The man moves electrical wire handing on the while to plaster around it. Other rooms of the house are seen in different stages of completeness.
v_QlCA9f1WD84,2,3,31.65,36.64,[34.1s] an empty room with blue walls and a window,Other rooms of the house are seen in different stages of completeness.,A painter applies plaster to a wall using a wide flat edge tool. The man moves electrical wire handing on the while to plaster around it. Other rooms of the house are seen in different stages of completeness.
v_ZN7C8n_6uH8,0,2,0.0,46.45,[0.0s] a black and white photo of the moon in the sky | [6.6s] a black and white photo of a soccer game | [13.3s] an image of a basketball game on the tv screen | [19.9s] a black and white photo of a man holding a tennis racket | [26.5s] a black background with an image of a blue and brown object | [33.2s] an image of a basketball game being played on the court | [39.8s] a basketball game is being played on the court | [46.5s] an image of a basketball game being played on the court,A black and white filter pans over a soccer match going on in an indoor field.,A black and white filter pans over a soccer match going on in an indoor field. Color is then shown as more people play soccer back and fourth shown in several shots.
v_ZN7C8n_6uH8,1,2,32.07,110.54376666666667,[32.1s] an image of a basketball game being played on the court | [43.3s] a basketball game is being played on the court | [54.5s] an image of a basketball game on the tv screen | [65.7s] a basketball game is being played on the court | [76.9s] a black background with white and blue squares | [88.1s] a basketball game is being played on the court | [99.3s] a man is playing volleyball on the court | [110.5s] a black and white photo of the moon in the sky,Color is then shown as more people play soccer back and fourth shown in several shots.,A black and white filter pans over a soccer match going on in an indoor field. Color is then shown as more people play soccer back and fourth shown in several shots.
v_0j9TxzwRr6E,0,6,0.0,120.27,[0.0s] two men are playing a game in front of an audience | [17.2s] two men playing a game of foo foo | [34.4s] two men playing a game of table football | [51.5s] two men playing a game of foo foo foo | [68.7s] a man in black and white striped shirt playing foo foo | [85.9s] two men playing a game of foo foo | [103.1s] a group of men playing table tennis in an arena | [120.3s] a man standing in front of a crowd,Two men plays foosball in an arena with two referees standing near by watching the fame.,Two men plays foosball in an arena with two referees standing near by watching the fame. We see the bleacher an spectators. A point is scored and see people clapping and a replay and a title screen. The man in gray backs up and wipes sweat. We see the man in black speaking with the people behind him before the men return to the game. We see the ending title screen.
v_0j9TxzwRr6E,1,6,44.22,45.1,[44.7s] two men playing table tennis in front of a crowd,We see the bleacher an spectators.,Two men plays foosball in an arena with two referees standing near by watching the fame. We see the bleacher an spectators. A point is scored and see people clapping and a replay and a title screen. The man in gray backs up and wipes sweat. We see the man in black speaking with the people behind him before the men return to the game. We see the ending title screen.
v_0j9TxzwRr6E,2,6,97.28,116.73,[97.3s] a group of people playing foo foo foo | [103.8s] a man in black and white shirt standing next to a referee | [110.2s] a group of people playing foo foo foo | [116.7s] two boys playing a game of foo foo foo,A point is scored and see people clapping and a replay and a title screen.,Two men plays foosball in an arena with two referees standing near by watching the fame. We see the bleacher an spectators. A point is scored and see people clapping and a replay and a title screen. The man in gray backs up and wipes sweat. We see the man in black speaking with the people behind him before the men return to the game. We see the ending title screen.
v_0j9TxzwRr6E,3,6,118.5,125.58,[122.0s] a man standing in front of a crowd,The man in gray backs up and wipes sweat.,Two men plays foosball in an arena with two referees standing near by watching the fame. We see the bleacher an spectators. A point is scored and see people clapping and a replay and a title screen. The man in gray backs up and wipes sweat. We see the man in black speaking with the people behind him before the men return to the game. We see the ending title screen.
v_0j9TxzwRr6E,4,6,133.53,172.45,[133.5s] a group of people standing around a table | [139.1s] a group of people standing around a table | [144.7s] a group of people standing around a table | [150.2s] a group of people standing around a table | [155.8s] two men playing a game of foo foo foo | [161.3s] two men playing a game of foo foo | [166.9s] two men playing a game of table football | [172.4s] watch more videos on koon com,We see the man in black speaking with the people behind him before the men return to the game.,Two men plays foosball in an arena with two referees standing near by watching the fame. We see the bleacher an spectators. A point is scored and see people clapping and a replay and a title screen. The man in gray backs up and wipes sweat. We see the man in black speaking with the people behind him before the men return to the game. We see the ending title screen.
v_0j9TxzwRr6E,5,6,172.45,176.81664,[174.6s] a black background with the words watch videos on zoom,We see the ending title screen.,Two men plays foosball in an arena with two referees standing near by watching the fame. We see the bleacher an spectators. A point is scored and see people clapping and a replay and a title screen. The man in gray backs up and wipes sweat. We see the man in black speaking with the people behind him before the men return to the game. We see the ending title screen.
v_V1NtrnPz3sA,0,4,0.0,9.1,[0.0s] a woman in a yellow shirt throwing a discus | [9.1s] a man is doing tricks on the discus,An athletic woman is stretching with a ball and swinging her legs back and fourth.,An athletic woman is stretching with a ball and swinging her legs back and fourth. She throws the ball and again prepares for another throw. She spins around throwing the ball yet again with a third throw followed shortly after. She performs one last throw and spins herself around once again.
v_V1NtrnPz3sA,1,4,9.5,20.18,[9.5s] a woman is standing on top of a white circle | [20.2s] a woman standing on top of a white circle,She throws the ball and again prepares for another throw.,An athletic woman is stretching with a ball and swinging her legs back and fourth. She throws the ball and again prepares for another throw. She spins around throwing the ball yet again with a third throw followed shortly after. She performs one last throw and spins herself around once again.
v_V1NtrnPz3sA,2,4,20.97,56.18,[21.0s] a woman standing on top of a white circle | [26.0s] a woman is doing gymnastics on the track | [31.0s] a woman standing on top of a white circle | [36.1s] a woman standing on top of a white circle | [41.1s] a woman standing on top of a white circle | [46.1s] a woman standing on top of a track | [51.1s] a woman is throwing a discus on the track | [56.2s] a woman standing on top of a white circle,She spins around throwing the ball yet again with a third throw followed shortly after.,An athletic woman is stretching with a ball and swinging her legs back and fourth. She throws the ball and again prepares for another throw. She spins around throwing the ball yet again with a third throw followed shortly after. She performs one last throw and spins herself around once again.
v_V1NtrnPz3sA,3,4,58.56,77.95,[58.6s] a woman is throwing a discus on the track | [65.0s] a woman standing on top of a track | [71.5s] a woman is doing gymnastics on the track | [78.0s] a woman standing on top of a white circle,She performs one last throw and spins herself around once again.,An athletic woman is stretching with a ball and swinging her legs back and fourth. She throws the ball and again prepares for another throw. She spins around throwing the ball yet again with a third throw followed shortly after. She performs one last throw and spins herself around once again.
v_Lo0EQXmaeXM,0,2,0.0,60.75,[0.0s] two men standing next to each other man | [8.7s] two men standing next to each other man | [17.4s] two men standing next to each other man | [26.0s] a man singing into a microphone in the dark | [34.7s] this is a cat | [43.4s] two people are standing in the dark | [52.1s] a man singing into a microphone in the dark | [60.8s] the man is wearing a white shirt,The man looks at the camera and then goes back to looking somewhere else and talking.,The man looks at the camera and then goes back to looking somewhere else and talking. then the cups they're both holding that has a blue liquid in it is then put into their mouths and they both gargle until they have lots of bubbles formed in their mouths.
v_Lo0EQXmaeXM,1,2,46.16,74.17,[46.2s] two men singing on stage at night time | [50.8s] a man is singing into a microphone in the dark | [55.5s] a car is parked on the street at night | [60.2s] a man standing on top of a stage holding a microphone | [64.8s] the man is wearing a white shirt | [69.5s] the man is wearing a hat | [74.2s] the man is wearing a hat,then the cups they're both holding that has a blue liquid in it is then put into their mouths and they both gargle until they have lots of bubbles formed in their mouths.,The man looks at the camera and then goes back to looking somewhere else and talking. then the cups they're both holding that has a blue liquid in it is then put into their mouths and they both gargle until they have lots of bubbles formed in their mouths.
v_V_Nj_BhesEY,0,4,0.0,13.72,[0.0s] two people are practicing martial in a gym | [6.9s] a group of people in a room with red carpet | [13.7s] a group of people in a room with red carpet,Three people stand by the corner of a building.,"Three people stand by the corner of a building. One of the persons, a young boy, takes a bow. A crowd of people watch him. He proceeds to perform various karate moves, such as bowing, cartwheels and flips."
v_V_Nj_BhesEY,1,4,14.14,17.05,[15.6s] two people are practicing martial in a gym,"One of the persons, a young boy, takes a bow.","Three people stand by the corner of a building. One of the persons, a young boy, takes a bow. A crowd of people watch him. He proceeds to perform various karate moves, such as bowing, cartwheels and flips."
v_V_Nj_BhesEY,2,4,0.0,83.1,[0.0s] two people are practicing martial in a gym | [11.9s] a group of people in a room with red carpet | [23.7s] a group of people in a room with red mats | [35.6s] a woman is practicing karate in the gym | [47.5s] a woman is practicing karate in the gym | [59.4s] a group of people in a room with blue mats | [71.2s] two people are practicing martial in a gym | [83.1s] two people are practicing martial in a gym,A crowd of people watch him.,"Three people stand by the corner of a building. One of the persons, a young boy, takes a bow. A crowd of people watch him. He proceeds to perform various karate moves, such as bowing, cartwheels and flips."
v_V_Nj_BhesEY,3,4,17.46,83.1,[17.5s] two people are practicing martial in a gym | [26.8s] a group of people sitting on the floor in a room | [36.2s] a man doing a handstant in a gym | [45.6s] two people are practicing martial in a gym | [55.0s] two people are practicing martial in a gym | [64.3s] a person doing a handstant on a red mat | [73.7s] a little boy is playing on the floor | [83.1s] two people are practicing martial in a gym,"He proceeds to perform various karate moves, such as bowing, cartwheels and flips.","Three people stand by the corner of a building. One of the persons, a young boy, takes a bow. A crowd of people watch him. He proceeds to perform various karate moves, such as bowing, cartwheels and flips."
v_szW1c2SGdew,0,6,0.0,8.86,[0.0s] a black and white photo of the moon in the sky | [8.9s] a black and white logo with the words,A man swings his leg in the air creating letters and we see an opening screen.,A man swings his leg in the air creating letters and we see an opening screen. two men are in two different rooms performing Capoeira moves. A man does a handstand move. The man does a handstand and pauses. We see the website on a black screen. We see four screens with images of men doing Capoeira.
v_szW1c2SGdew,1,6,8.86,116.6,[8.9s] a black and white logo with the words | [24.3s] a man is doing karate in the gym | [39.6s] a man doing a handstant on the floor | [55.0s] the man is doing a handstant | [70.4s] a man is dancing in an empty room | [85.8s] a man is dancing in the middle school dance studio | [101.2s] a man in white pants dancing on a wooden floor | [116.6s] a man is dancing in an empty room,two men are in two different rooms performing Capoeira moves.,A man swings his leg in the air creating letters and we see an opening screen. two men are in two different rooms performing Capoeira moves. A man does a handstand move. The man does a handstand and pauses. We see the website on a black screen. We see four screens with images of men doing Capoeira.
v_szW1c2SGdew,2,6,39.55,45.68,[42.6s] a man is doing a handstant on the floor,A man does a handstand move.,A man swings his leg in the air creating letters and we see an opening screen. two men are in two different rooms performing Capoeira moves. A man does a handstand move. The man does a handstand and pauses. We see the website on a black screen. We see four screens with images of men doing Capoeira.
v_szW1c2SGdew,3,6,112.51,116.6,[114.6s] a man is dancing in an empty room,The man does a handstand and pauses.,A man swings his leg in the air creating letters and we see an opening screen. two men are in two different rooms performing Capoeira moves. A man does a handstand move. The man does a handstand and pauses. We see the website on a black screen. We see four screens with images of men doing Capoeira.
v_szW1c2SGdew,4,6,117.28,122.05,[119.7s] a black and white photo with the words,We see the website on a black screen.,A man swings his leg in the air creating letters and we see an opening screen. two men are in two different rooms performing Capoeira moves. A man does a handstand move. The man does a handstand and pauses. We see the website on a black screen. We see four screens with images of men doing Capoeira.
v_szW1c2SGdew,5,6,122.05,136.28,[122.0s] a black and white photo with the words | [129.2s] several pictures of people playing basketball on a court | [136.3s] several pictures of people on skateboards in a park,We see four screens with images of men doing Capoeira.,A man swings his leg in the air creating letters and we see an opening screen. two men are in two different rooms performing Capoeira moves. A man does a handstand move. The man does a handstand and pauses. We see the website on a black screen. We see four screens with images of men doing Capoeira.
v_JnYteBN2LDI,0,10,0.0,5.19,[2.6s] two men sitting at a bar with bottles of alcohol,A male bartender stands behind a bar in front of drinks and mixing cups.,"A male bartender stands behind a bar in front of drinks and mixing cups. The man picks up a steel sup and pours its contents of ice into a glass he holds in opposite hand. The man then picks up a small steel shot glass and fills it with liquir. The man then pours the liquir into from the shot glass into the glass cup with ice. The man picks up another glass with red juice inside and pours it into the glass with ice before setting back down. The man pours the cup with all the liquids into a mixing cup then uses it to cap and shake the mixer. The man stops shaking and sepperates the two cups, setting them back on the counter. The man grabs a third empty glass and moves it to the opposite side of the counter. The man picks up the mixer and pours its contents into the empty glass before setting it back down. The man then adds a staw and miniature umbrella into the drink for decoration before holding up the glass."
v_JnYteBN2LDI,1,10,5.8,10.39,[8.1s] a man is making a drink at the bar,The man picks up a steel sup and pours its contents of ice into a glass he holds in opposite hand.,"A male bartender stands behind a bar in front of drinks and mixing cups. The man picks up a steel sup and pours its contents of ice into a glass he holds in opposite hand. The man then picks up a small steel shot glass and fills it with liquir. The man then pours the liquir into from the shot glass into the glass cup with ice. The man picks up another glass with red juice inside and pours it into the glass with ice before setting back down. The man pours the cup with all the liquids into a mixing cup then uses it to cap and shake the mixer. The man stops shaking and sepperates the two cups, setting them back on the counter. The man grabs a third empty glass and moves it to the opposite side of the counter. The man picks up the mixer and pours its contents into the empty glass before setting it back down. The man then adds a staw and miniature umbrella into the drink for decoration before holding up the glass."
v_JnYteBN2LDI,2,10,10.39,18.63,[10.4s] a man standing behind a bar with bottles of alcohol | [18.6s] a man standing behind a bar with bottles of alcohol,The man then picks up a small steel shot glass and fills it with liquir.,"A male bartender stands behind a bar in front of drinks and mixing cups. The man picks up a steel sup and pours its contents of ice into a glass he holds in opposite hand. The man then picks up a small steel shot glass and fills it with liquir. The man then pours the liquir into from the shot glass into the glass cup with ice. The man picks up another glass with red juice inside and pours it into the glass with ice before setting back down. The man pours the cup with all the liquids into a mixing cup then uses it to cap and shake the mixer. The man stops shaking and sepperates the two cups, setting them back on the counter. The man grabs a third empty glass and moves it to the opposite side of the counter. The man picks up the mixer and pours its contents into the empty glass before setting it back down. The man then adds a staw and miniature umbrella into the drink for decoration before holding up the glass."
v_JnYteBN2LDI,3,10,18.33,24.74,[21.5s] a man is making a drink at the bar,The man then pours the liquir into from the shot glass into the glass cup with ice.,"A male bartender stands behind a bar in front of drinks and mixing cups. The man picks up a steel sup and pours its contents of ice into a glass he holds in opposite hand. The man then picks up a small steel shot glass and fills it with liquir. The man then pours the liquir into from the shot glass into the glass cup with ice. The man picks up another glass with red juice inside and pours it into the glass with ice before setting back down. The man pours the cup with all the liquids into a mixing cup then uses it to cap and shake the mixer. The man stops shaking and sepperates the two cups, setting them back on the counter. The man grabs a third empty glass and moves it to the opposite side of the counter. The man picks up the mixer and pours its contents into the empty glass before setting it back down. The man then adds a staw and miniature umbrella into the drink for decoration before holding up the glass."
v_JnYteBN2LDI,4,10,18.02,24.74,[21.4s] a man is making a drink at the bar,The man picks up another glass with red juice inside and pours it into the glass with ice before setting back down.,"A male bartender stands behind a bar in front of drinks and mixing cups. The man picks up a steel sup and pours its contents of ice into a glass he holds in opposite hand. The man then picks up a small steel shot glass and fills it with liquir. The man then pours the liquir into from the shot glass into the glass cup with ice. The man picks up another glass with red juice inside and pours it into the glass with ice before setting back down. The man pours the cup with all the liquids into a mixing cup then uses it to cap and shake the mixer. The man stops shaking and sepperates the two cups, setting them back on the counter. The man grabs a third empty glass and moves it to the opposite side of the counter. The man picks up the mixer and pours its contents into the empty glass before setting it back down. The man then adds a staw and miniature umbrella into the drink for decoration before holding up the glass."
v_JnYteBN2LDI,5,10,24.44,35.43,[24.4s] the bartender is making a drink at the bar | [35.4s] a man standing behind a bar with bottles of alcohol,The man pours the cup with all the liquids into a mixing cup then uses it to cap and shake the mixer.,"A male bartender stands behind a bar in front of drinks and mixing cups. The man picks up a steel sup and pours its contents of ice into a glass he holds in opposite hand. The man then picks up a small steel shot glass and fills it with liquir. The man then pours the liquir into from the shot glass into the glass cup with ice. The man picks up another glass with red juice inside and pours it into the glass with ice before setting back down. The man pours the cup with all the liquids into a mixing cup then uses it to cap and shake the mixer. The man stops shaking and sepperates the two cups, setting them back on the counter. The man grabs a third empty glass and moves it to the opposite side of the counter. The man picks up the mixer and pours its contents into the empty glass before setting it back down. The man then adds a staw and miniature umbrella into the drink for decoration before holding up the glass."
v_JnYteBN2LDI,6,10,35.43,38.18,[36.8s] a man is making a drink at the bar,"The man stops shaking and sepperates the two cups, setting them back on the counter.","A male bartender stands behind a bar in front of drinks and mixing cups. The man picks up a steel sup and pours its contents of ice into a glass he holds in opposite hand. The man then picks up a small steel shot glass and fills it with liquir. The man then pours the liquir into from the shot glass into the glass cup with ice. The man picks up another glass with red juice inside and pours it into the glass with ice before setting back down. The man pours the cup with all the liquids into a mixing cup then uses it to cap and shake the mixer. The man stops shaking and sepperates the two cups, setting them back on the counter. The man grabs a third empty glass and moves it to the opposite side of the counter. The man picks up the mixer and pours its contents into the empty glass before setting it back down. The man then adds a staw and miniature umbrella into the drink for decoration before holding up the glass."
v_JnYteBN2LDI,7,10,37.88,40.93,[39.4s] a man standing behind a bar with bottles of alcohol,The man grabs a third empty glass and moves it to the opposite side of the counter.,"A male bartender stands behind a bar in front of drinks and mixing cups. The man picks up a steel sup and pours its contents of ice into a glass he holds in opposite hand. The man then picks up a small steel shot glass and fills it with liquir. The man then pours the liquir into from the shot glass into the glass cup with ice. The man picks up another glass with red juice inside and pours it into the glass with ice before setting back down. The man pours the cup with all the liquids into a mixing cup then uses it to cap and shake the mixer. The man stops shaking and sepperates the two cups, setting them back on the counter. The man grabs a third empty glass and moves it to the opposite side of the counter. The man picks up the mixer and pours its contents into the empty glass before setting it back down. The man then adds a staw and miniature umbrella into the drink for decoration before holding up the glass."
v_JnYteBN2LDI,8,10,40.02,47.35,[43.7s] the bartender is making a drink at the bar,The man picks up the mixer and pours its contents into the empty glass before setting it back down.,"A male bartender stands behind a bar in front of drinks and mixing cups. The man picks up a steel sup and pours its contents of ice into a glass he holds in opposite hand. The man then picks up a small steel shot glass and fills it with liquir. The man then pours the liquir into from the shot glass into the glass cup with ice. The man picks up another glass with red juice inside and pours it into the glass with ice before setting back down. The man pours the cup with all the liquids into a mixing cup then uses it to cap and shake the mixer. The man stops shaking and sepperates the two cups, setting them back on the counter. The man grabs a third empty glass and moves it to the opposite side of the counter. The man picks up the mixer and pours its contents into the empty glass before setting it back down. The man then adds a staw and miniature umbrella into the drink for decoration before holding up the glass."
v_JnYteBN2LDI,9,10,48.26,61.027633333333334,[48.3s] a man and woman sitting at a bar | [54.6s] a man is making a drink at the bar | [61.0s] a man sitting at a bar holding up a drink,The man then adds a staw and miniature umbrella into the drink for decoration before holding up the glass.,"A male bartender stands behind a bar in front of drinks and mixing cups. The man picks up a steel sup and pours its contents of ice into a glass he holds in opposite hand. The man then picks up a small steel shot glass and fills it with liquir. The man then pours the liquir into from the shot glass into the glass cup with ice. The man picks up another glass with red juice inside and pours it into the glass with ice before setting back down. The man pours the cup with all the liquids into a mixing cup then uses it to cap and shake the mixer. The man stops shaking and sepperates the two cups, setting them back on the counter. The man grabs a third empty glass and moves it to the opposite side of the counter. The man picks up the mixer and pours its contents into the empty glass before setting it back down. The man then adds a staw and miniature umbrella into the drink for decoration before holding up the glass."
v_EU-IdUKbLSg,0,3,0.79,25.77,[0.8s] universal sports tv spot | [5.8s] a group of people playing water polo in a pool | [10.8s] a group of people playing water polo in a pool | [15.8s] a group of swimmers in the water | [20.8s] a woman swimming in the water with her head down | [25.8s] a woman swimming in the water with her head down,A large group of people are seen swimming around a pool while a coach yells on the sides.,A large group of people are seen swimming around a pool while a coach yells on the sides. Shots of people playing are shown when one hits the other. The coaches yell to one another while people still play the game.
v_EU-IdUKbLSg,1,3,21.01,61.06,[21.0s] a swimmer in the water with his head down | [26.7s] a swimmer is in the water with his head down | [32.5s] a pool with people swimming in it | [38.2s] a man is swimming in the pool | [43.9s] a swimmer is diving in the pool | [49.6s] a group of swimmers in the water | [55.3s] a man is diving in the water while another watches | [61.1s] a man is standing in front of a blue wall,Shots of people playing are shown when one hits the other.,A large group of people are seen swimming around a pool while a coach yells on the sides. Shots of people playing are shown when one hits the other. The coaches yell to one another while people still play the game.
v_EU-IdUKbLSg,2,3,53.53,74.94,[53.5s] a group of people playing water polo in the pool | [58.9s] a group of people playing water polo in a pool | [64.2s] a man in a red shirt is pointing at something | [69.6s] a group of people playing water polo in a pool | [74.9s] the logo for universal sports,The coaches yell to one another while people still play the game.,A large group of people are seen swimming around a pool while a coach yells on the sides. Shots of people playing are shown when one hits the other. The coaches yell to one another while people still play the game.
v_eRQAjBwhDXk,0,2,0.0,34.05,[0.0s] a person standing in the snow with their feet up | [4.9s] a snowboarder is going down the hill | [9.7s] a group of people are walking in the snow | [14.6s] a large pile of snow with trees in the background | [19.5s] a snowboarder is going down the hill | [24.3s] a ski slope with people skiing down it | [29.2s] a group of people skiing down a hill | [34.0s] a snow covered ski slope,A person skis quickly down a snow covered hill.,"A person skis quickly down a snow covered hill. People are on intertubes, sledding along the snow."
v_eRQAjBwhDXk,1,2,35.67,80.9809,[35.7s] a ski slope with people skiing down it | [42.1s] a snowboarder sliding down a steep slope | [48.6s] a snowboarder is going down the hill | [55.1s] a blue sheet of paper on a white background | [61.6s] a snowboarder is going down the hill | [68.0s] a group of people riding down a snow covered slope | [74.5s] a person on a snowmobile going down a hill | [81.0s] the sun is shining through some trees,"People are on intertubes, sledding along the snow.","A person skis quickly down a snow covered hill. People are on intertubes, sledding along the snow."
v_WBkqGBFsdgI,0,5,0.0,23.03,[0.0s] a black and white photo of the moon in the sky | [5.8s] a black and white photo of the moon in the sky | [11.5s] fox news reporter on fox tv | [17.3s] fox news reporter on fox news | [23.0s] fox news reporter on fox news,An older blonde newswoman is reading a story.,An older blonde newswoman is reading a story. Various pictures are shown of shuffleboard history. An older man is interviewed for the camera. Various clips of people playing shuffleboard are shown. The older blonde reporter ends the news story.
v_WBkqGBFsdgI,1,5,24.85,43.64,[24.9s] an image of a painting is shown on the screen | [31.1s] a television screen shows the scene in front of an old building | [37.4s] a black and white photo of people walking in the rain | [43.6s] a group of people stand in front of a building,Various pictures are shown of shuffleboard history.,An older blonde newswoman is reading a story. Various pictures are shown of shuffleboard history. An older man is interviewed for the camera. Various clips of people playing shuffleboard are shown. The older blonde reporter ends the news story.
v_WBkqGBFsdgI,2,5,45.46,49.7,[47.6s] a man in a white shirt is talking to the camera,An older man is interviewed for the camera.,An older blonde newswoman is reading a story. Various pictures are shown of shuffleboard history. An older man is interviewed for the camera. Various clips of people playing shuffleboard are shown. The older blonde reporter ends the news story.
v_WBkqGBFsdgI,3,5,52.13,107.9,[52.1s] a man standing on top of a tennis court | [60.1s] a woman in a white shirt sitting on a chair | [68.1s] an old black and white photo of a man on the street | [76.0s] an image of a tennis court in the city | [84.0s] a football field with a ball on it | [92.0s] a man is playing tennis on the court | [99.9s] a man is standing in front of a stadium | [107.9s] a woman is standing in front of a tv screen,Various clips of people playing shuffleboard are shown.,An older blonde newswoman is reading a story. Various pictures are shown of shuffleboard history. An older man is interviewed for the camera. Various clips of people playing shuffleboard are shown. The older blonde reporter ends the news story.
v_WBkqGBFsdgI,4,5,107.9,120.76,[107.9s] a woman is standing in front of a tv screen | [114.3s] a woman in a black shirt and blue necklace | [120.8s] a black and white photo of the moon in the sky,The older blonde reporter ends the news story.,An older blonde newswoman is reading a story. Various pictures are shown of shuffleboard history. An older man is interviewed for the camera. Various clips of people playing shuffleboard are shown. The older blonde reporter ends the news story.
v_zihMznAYlV0,0,9,1.46,4.73,[3.1s] two people are sitting on a ski lift,Two men in padded sumo costumes are pulled along a tug rope on a ski slope.,Two men in padded sumo costumes are pulled along a tug rope on a ski slope. Two men in yellow padded sumo costumes do jumps on their snowboard on a downhill course. A filmer waives to the camera. The man spins while sliding across a platform in the sumo suit. The two men give each other a high five. The man in sumo suit goes over a small triangular obstacle. A man on small skis crashes while trying to jump. The man jumps onto and slide across a platform while wearing a sumo suit. The man bounces over a low railing.
v_zihMznAYlV0,1,9,6.19,72.70596666666667,[6.2s] a picture of a ski lift in the snow | [15.7s] a woman in yellow jacket standing on snow covered ground | [25.2s] a person on a snowboard in the snow | [34.7s] a snowboarder is going down the hill | [44.2s] a person on a snowboard in the snow | [53.7s] a group of people riding on top of a ski lift | [63.2s] a person is snowboarding in the snow | [72.7s] a person riding a snowboard down a hill,Two men in yellow padded sumo costumes do jumps on their snowboard on a downhill course.,Two men in padded sumo costumes are pulled along a tug rope on a ski slope. Two men in yellow padded sumo costumes do jumps on their snowboard on a downhill course. A filmer waives to the camera. The man spins while sliding across a platform in the sumo suit. The two men give each other a high five. The man in sumo suit goes over a small triangular obstacle. A man on small skis crashes while trying to jump. The man jumps onto and slide across a platform while wearing a sumo suit. The man bounces over a low railing.
v_zihMznAYlV0,2,9,38.95,40.4,[39.7s] a man in white jacket and gloves holding a snowboard,A filmer waives to the camera.,Two men in padded sumo costumes are pulled along a tug rope on a ski slope. Two men in yellow padded sumo costumes do jumps on their snowboard on a downhill course. A filmer waives to the camera. The man spins while sliding across a platform in the sumo suit. The two men give each other a high five. The man in sumo suit goes over a small triangular obstacle. A man on small skis crashes while trying to jump. The man jumps onto and slide across a platform while wearing a sumo suit. The man bounces over a low railing.
v_zihMznAYlV0,3,9,43.68,51.32,[47.5s] a person is snowboarding on a snowy hill,The man spins while sliding across a platform in the sumo suit.,Two men in padded sumo costumes are pulled along a tug rope on a ski slope. Two men in yellow padded sumo costumes do jumps on their snowboard on a downhill course. A filmer waives to the camera. The man spins while sliding across a platform in the sumo suit. The two men give each other a high five. The man in sumo suit goes over a small triangular obstacle. A man on small skis crashes while trying to jump. The man jumps onto and slide across a platform while wearing a sumo suit. The man bounces over a low railing.
v_zihMznAYlV0,4,9,51.32,53.14,[52.2s] two people in yellow jackets standing on snow covered ground,The two men give each other a high five.,Two men in padded sumo costumes are pulled along a tug rope on a ski slope. Two men in yellow padded sumo costumes do jumps on their snowboard on a downhill course. A filmer waives to the camera. The man spins while sliding across a platform in the sumo suit. The two men give each other a high five. The man in sumo suit goes over a small triangular obstacle. A man on small skis crashes while trying to jump. The man jumps onto and slide across a platform while wearing a sumo suit. The man bounces over a low railing.
v_zihMznAYlV0,5,9,56.05,58.6,[57.3s] a person is snowboarding on a snowy slope,The man in sumo suit goes over a small triangular obstacle.,Two men in padded sumo costumes are pulled along a tug rope on a ski slope. Two men in yellow padded sumo costumes do jumps on their snowboard on a downhill course. A filmer waives to the camera. The man spins while sliding across a platform in the sumo suit. The two men give each other a high five. The man in sumo suit goes over a small triangular obstacle. A man on small skis crashes while trying to jump. The man jumps onto and slide across a platform while wearing a sumo suit. The man bounces over a low railing.
v_zihMznAYlV0,6,9,58.6,61.15,[59.9s] a person on a snowboard in the snow,A man on small skis crashes while trying to jump.,Two men in padded sumo costumes are pulled along a tug rope on a ski slope. Two men in yellow padded sumo costumes do jumps on their snowboard on a downhill course. A filmer waives to the camera. The man spins while sliding across a platform in the sumo suit. The two men give each other a high five. The man in sumo suit goes over a small triangular obstacle. A man on small skis crashes while trying to jump. The man jumps onto and slide across a platform while wearing a sumo suit. The man bounces over a low railing.
v_zihMznAYlV0,7,9,61.51,65.88,[63.7s] a man on a snowboard in the snow,The man jumps onto and slide across a platform while wearing a sumo suit.,Two men in padded sumo costumes are pulled along a tug rope on a ski slope. Two men in yellow padded sumo costumes do jumps on their snowboard on a downhill course. A filmer waives to the camera. The man spins while sliding across a platform in the sumo suit. The two men give each other a high five. The man in sumo suit goes over a small triangular obstacle. A man on small skis crashes while trying to jump. The man jumps onto and slide across a platform while wearing a sumo suit. The man bounces over a low railing.
v_zihMznAYlV0,8,9,66.24,67.34,[66.8s] a man on a snowboard,The man bounces over a low railing.,Two men in padded sumo costumes are pulled along a tug rope on a ski slope. Two men in yellow padded sumo costumes do jumps on their snowboard on a downhill course. A filmer waives to the camera. The man spins while sliding across a platform in the sumo suit. The two men give each other a high five. The man in sumo suit goes over a small triangular obstacle. A man on small skis crashes while trying to jump. The man jumps onto and slide across a platform while wearing a sumo suit. The man bounces over a low railing.
v_VgQ6a7oVx7g,0,4,0.0,62.529133333333334,[0.0s] a man standing on top of a pole in front of an audience | [8.9s] a woman is doing gymnastics on the floor | [17.9s] a large room filled with lots of people | [26.8s] a man jumping over an obstacle in a large room | [35.7s] a large crowd is watching the gymnastics competition | [44.7s] a large room filled with blue carpet and people watching | [53.6s] a gymnastics court with people watching from the stands | [62.5s] a man standing on top of a blue platform,People are performing gymnastic stunts in front of an audience.,"People are performing gymnastic stunts in front of an audience. A guy locks his arms around bars above his head. The guy swings his body while holding on to the bars. The guy flips off the bars and lands on his feet, claps, and begins to leave. A man approaches the guy clapping."
v_VgQ6a7oVx7g,1,4,4.7,11.59,[8.1s] a man is doing gymnastics on the floor,A guy locks his arms around bars above his head.,"People are performing gymnastic stunts in front of an audience. A guy locks his arms around bars above his head. The guy swings his body while holding on to the bars. The guy flips off the bars and lands on his feet, claps, and begins to leave. A man approaches the guy clapping."
v_VgQ6a7oVx7g,2,4,14.1,56.09,[14.1s] a large room filled with lots of people | [20.1s] a large room filled with lots of people | [26.1s] a man on a high jump in front of an audience | [32.1s] a gymnastics court with people in the background | [38.1s] a person on a balance beam in the air | [44.1s] a large room filled with lots of people | [50.1s] a large room filled with lots of people | [56.1s] a large room filled with lots of people,The guy swings his body while holding on to the bars.,"People are performing gymnastic stunts in front of an audience. A guy locks his arms around bars above his head. The guy swings his body while holding on to the bars. The guy flips off the bars and lands on his feet, claps, and begins to leave. A man approaches the guy clapping."
v_VgQ6a7oVx7g,3,4,56.4,62.529133333333334,[59.5s] a man standing on top of a blue platform,"The guy flips off the bars and lands on his feet, claps, and begins to leave.","People are performing gymnastic stunts in front of an audience. A guy locks his arms around bars above his head. The guy swings his body while holding on to the bars. The guy flips off the bars and lands on his feet, claps, and begins to leave. A man approaches the guy clapping."
v_yVsOoFr61x4,0,3,0.0,8.91,[0.0s] a man is working on a machine in a factory | [8.9s] a man standing on top of a metal structure,A young girl is seen walking to the end of a diving board with several other people around her.,A young girl is seen walking to the end of a diving board with several other people around her. The girl puts her arms up and then dives into the pool. She's seen again coming to the surface in the pool and swimming over to the edge.
v_yVsOoFr61x4,1,3,8.31,19.02,[8.3s] a man standing on top of a metal structure | [19.0s] a dolphin swimming in a pool with people watching,The girl puts her arms up and then dives into the pool.,A young girl is seen walking to the end of a diving board with several other people around her. The girl puts her arms up and then dives into the pool. She's seen again coming to the surface in the pool and swimming over to the edge.
v_yVsOoFr61x4,2,3,19.02,23.957266666666666,[21.5s] a man is swimming in the water,She's seen again coming to the surface in the pool and swimming over to the edge.,A young girl is seen walking to the end of a diving board with several other people around her. The girl puts her arms up and then dives into the pool. She's seen again coming to the surface in the pool and swimming over to the edge.
v_HVfr9FnEj-Q,0,8,0.0,4.72,[2.4s] a large room with wooden floors and white walls,Ladies are standing in a workout room.,Ladies are standing in a workout room. The ladies are belly dancing. The ladies dip down and toss their hair backwards. They swing their dipped bodies. The ladies dip and bend backwards. The ladies throw their hair back and forth. 2:43 A man is in the room in the back and bends down. The ladies finish dancing and take a bow.
v_HVfr9FnEj-Q,1,8,4.72,187.77,[4.7s] a large room with wooden floors and white walls | [30.9s] a group of women dancing in a dance studio | [57.0s] a woman is dancing in an empty room | [83.2s] a group of people are dancing in an empty room | [109.3s] a group of people dancing in an empty room | [135.5s] a group of people are dancing in an empty room | [161.6s] a group of women dancing in a dance studio | [187.8s] a group of women dancing in a dance studio,The ladies are belly dancing.,Ladies are standing in a workout room. The ladies are belly dancing. The ladies dip down and toss their hair backwards. They swing their dipped bodies. The ladies dip and bend backwards. The ladies throw their hair back and forth. 2:43 A man is in the room in the back and bends down. The ladies finish dancing and take a bow.
v_HVfr9FnEj-Q,2,8,56.61,65.1,[56.6s] a woman is dancing in an empty room | [65.1s] a group of people are dancing in an empty room,The ladies dip down and toss their hair backwards.,Ladies are standing in a workout room. The ladies are belly dancing. The ladies dip down and toss their hair backwards. They swing their dipped bodies. The ladies dip and bend backwards. The ladies throw their hair back and forth. 2:43 A man is in the room in the back and bends down. The ladies finish dancing and take a bow.
v_HVfr9FnEj-Q,3,8,78.31,83.03,[80.7s] a group of people dancing in an empty room,They swing their dipped bodies.,Ladies are standing in a workout room. The ladies are belly dancing. The ladies dip down and toss their hair backwards. They swing their dipped bodies. The ladies dip and bend backwards. The ladies throw their hair back and forth. 2:43 A man is in the room in the back and bends down. The ladies finish dancing and take a bow.
v_HVfr9FnEj-Q,4,8,92.47,98.13,[95.3s] a group of women dancing in a dance studio,The ladies dip and bend backwards.,Ladies are standing in a workout room. The ladies are belly dancing. The ladies dip down and toss their hair backwards. They swing their dipped bodies. The ladies dip and bend backwards. The ladies throw their hair back and forth. 2:43 A man is in the room in the back and bends down. The ladies finish dancing and take a bow.
v_HVfr9FnEj-Q,5,8,144.36,151.91,[148.1s] a group of people are dancing in an empty room,The ladies throw their hair back and forth.,Ladies are standing in a workout room. The ladies are belly dancing. The ladies dip down and toss their hair backwards. They swing their dipped bodies. The ladies dip and bend backwards. The ladies throw their hair back and forth. 2:43 A man is in the room in the back and bends down. The ladies finish dancing and take a bow.
v_HVfr9FnEj-Q,6,8,155.68,184.93,[155.7s] a group of women dancing in a dance studio | [160.6s] two women are dancing in an empty room | [165.4s] a group of people in a room with wooden floors | [170.3s] a group of women dancing in a dance studio | [175.2s] a group of women dancing in a dance studio | [180.1s] a group of women dancing in a dance studio | [184.9s] a group of women dancing in a dance studio,2:43 A man is in the room in the back and bends down.,Ladies are standing in a workout room. The ladies are belly dancing. The ladies dip down and toss their hair backwards. They swing their dipped bodies. The ladies dip and bend backwards. The ladies throw their hair back and forth. 2:43 A man is in the room in the back and bends down. The ladies finish dancing and take a bow.
v_HVfr9FnEj-Q,7,8,187.77,188.4552128043644,[188.1s] a group of women dancing in a dance studio,The ladies finish dancing and take a bow.,Ladies are standing in a workout room. The ladies are belly dancing. The ladies dip down and toss their hair backwards. They swing their dipped bodies. The ladies dip and bend backwards. The ladies throw their hair back and forth. 2:43 A man is in the room in the back and bends down. The ladies finish dancing and take a bow.
v_5kIl4TspdR0,0,4,0.0,31.89,[0.0s] a man is brushing his teeth with a toothbrush | [5.3s] a man brushing his teeth with an electric tooth brush | [10.6s] a man is eating something on his tongue | [15.9s] a man is brushing his teeth in the bathroom | [21.3s] a close up of a person ' s mouth with a pill in it | [26.6s] a man is brushing his teeth with a toothbrush | [31.9s] a man with a cigarette in his mouth,Someone is brushing their teeth with an electric toothbrush.,"Someone is brushing their teeth with an electric toothbrush. They wear braces  so they make sure to scrub all around very well. You can see the tongue moving around never really being comfortable inside of the mouth. The man continues to brush, toothpaste spewing down his lips a bit ."
v_5kIl4TspdR0,1,4,31.89,66.62,[31.9s] a man with a cigarette in his mouth | [36.9s] a man is brushing his teeth with toothbrushs | [41.8s] a man brushing his teeth with an electric tooth brush | [46.8s] a close up of a person with a cigarette in their mouth | [51.7s] a man is brushing his teeth with a toothbrush | [56.7s] a close up of a person ' s mouth and teeth | [61.7s] a man with a cigarette in his mouth | [66.6s] a man with braces on his teeth,They wear braces  so they make sure to scrub all around very well.,"Someone is brushing their teeth with an electric toothbrush. They wear braces  so they make sure to scrub all around very well. You can see the tongue moving around never really being comfortable inside of the mouth. The man continues to brush, toothpaste spewing down his lips a bit ."
v_5kIl4TspdR0,2,4,66.62,101.34,[66.6s] a man with braces on his teeth | [71.6s] a man with a cigarette in his mouth | [76.5s] a close up of a person ' s mouth with blood on it | [81.5s] a close up of a person ' s mouth and tongue | [86.5s] a man with an open mouth is shown in this image | [91.4s] a woman with her mouth open and tongue out | [96.4s] a man brushing his teeth with a tooth brush | [101.3s] a man with his mouth covered in plaster,You can see the tongue moving around never really being comfortable inside of the mouth.,"Someone is brushing their teeth with an electric toothbrush. They wear braces  so they make sure to scrub all around very well. You can see the tongue moving around never really being comfortable inside of the mouth. The man continues to brush, toothpaste spewing down his lips a bit ."
v_5kIl4TspdR0,3,4,101.34,141.67486666666667,[101.3s] a man with his mouth covered in plaster | [107.1s] the man is brushing his teeth with a toothbrush | [112.9s] a person is brushing their teeth with a toothbrush | [118.6s] a close up of a person ' s mouth | [124.4s] a person is brushing their teeth in the bathroom | [130.2s] a close up view of the inside of an open mouth | [135.9s] a close up of some food on a plate | [141.7s] a close up view of an open mouth,"The man continues to brush, toothpaste spewing down his lips a bit .","Someone is brushing their teeth with an electric toothbrush. They wear braces  so they make sure to scrub all around very well. You can see the tongue moving around never really being comfortable inside of the mouth. The man continues to brush, toothpaste spewing down his lips a bit ."
v_F4eF_nO2UFs,0,7,0.0,6.45,[3.2s] a bicycle that is laying on the floor,We see an opening title screen.,We see an opening title screen. Tools sit on a table and we see a person unpack a bike and assemble it. We see the man put a tire on the bike. A person tightens the holds on the handlebars. The man puts grease on the paddles and installs them before airing the tires. We then see the finished bike. The ending title screen is shown.
v_F4eF_nO2UFs,1,7,6.45,207.49,[6.5s] a bunch of screws and other tools | [35.2s] a man is putting the box into his bike | [63.9s] a person is adjusting the handle on a bike | [92.6s] a person holding a purple object in their hand | [121.3s] a person is holding the spoke of a bike | [150.1s] a person holding a purple object in their hand | [178.8s] a person is holding a knife in their hands | [207.5s] a black and purple bmx bike sitting against a brick wall,Tools sit on a table and we see a person unpack a bike and assemble it.,We see an opening title screen. Tools sit on a table and we see a person unpack a bike and assemble it. We see the man put a tire on the bike. A person tightens the holds on the handlebars. The man puts grease on the paddles and installs them before airing the tires. We then see the finished bike. The ending title screen is shown.
v_F4eF_nO2UFs,2,7,112.88,131.16,[112.9s] a person is holding the spoke of a bicycle | [119.0s] how to fix a bike wheel | [125.1s] a person is holding the handle on a bike | [131.2s] a person is riding on a purple bike,We see the man put a tire on the bike.,We see an opening title screen. Tools sit on a table and we see a person unpack a bike and assemble it. We see the man put a tire on the bike. A person tightens the holds on the handlebars. The man puts grease on the paddles and installs them before airing the tires. We then see the finished bike. The ending title screen is shown.
v_F4eF_nO2UFs,3,7,134.39,172.01,[134.4s] a close up of the handle on a bike | [139.8s] a person holding a microphone in their hand | [145.1s] a person holding a purple bike handle | [150.5s] a person holding a purple object in their hand | [155.9s] a person is holding a bike in their hand | [161.3s] a person holding a purple object in their hand | [166.6s] a person is holding a purple bike handle | [172.0s] a close up of the front end of a motorcycle,A person tightens the holds on the handlebars.,We see an opening title screen. Tools sit on a table and we see a person unpack a bike and assemble it. We see the man put a tire on the bike. A person tightens the holds on the handlebars. The man puts grease on the paddles and installs them before airing the tires. We then see the finished bike. The ending title screen is shown.
v_F4eF_nO2UFs,4,7,175.24,206.42,[175.2s] how to paint a metal can | [180.4s] a hand holding a gun in front of the camera | [185.6s] a close up view of the camera ' s lens | [190.8s] the man is wearing a helmet | [196.0s] a person holding a bicycle tire in their hand | [201.2s] a man is holding two wires in his hands | [206.4s] a person is fixing the tire on a bicycle,The man puts grease on the paddles and installs them before airing the tires.,We see an opening title screen. Tools sit on a table and we see a person unpack a bike and assemble it. We see the man put a tire on the bike. A person tightens the holds on the handlebars. The man puts grease on the paddles and installs them before airing the tires. We then see the finished bike. The ending title screen is shown.
v_F4eF_nO2UFs,5,7,206.42,208.57,[207.5s] a black and purple bmx bike sitting against a brick wall,We then see the finished bike.,We see an opening title screen. Tools sit on a table and we see a person unpack a bike and assemble it. We see the man put a tire on the bike. A person tightens the holds on the handlebars. The man puts grease on the paddles and installs them before airing the tires. We then see the finished bike. The ending title screen is shown.
v_F4eF_nO2UFs,6,7,212.87,214.94828161494829,[213.9s] a black and white logo with the word ` ' on it,The ending title screen is shown.,We see an opening title screen. Tools sit on a table and we see a person unpack a bike and assemble it. We see the man put a tire on the bike. A person tightens the holds on the handlebars. The man puts grease on the paddles and installs them before airing the tires. We then see the finished bike. The ending title screen is shown.
v_iGuOr5KwLQ0,0,2,0.0,116.23333333333333,[0.0s] a man with long hair standing in front of a building | [16.6s] a man is walking down the street in his shorts | [33.2s] a man in a white dress is walking down the street | [49.8s] a man in a white shirt is walking down the street | [66.4s] a man in white shirt playing with a ball | [83.0s] a man standing in front of a white truck | [99.6s] a woman is standing in the middle of a parking lot | [116.2s] a woman in a white dress is walking down the street,A man in a toga skates on rollerblades in a parking lot.,A man in a toga skates on rollerblades in a parking lot. A person holding a camera is standing to the side watching the man on rollerblades.
v_iGuOr5KwLQ0,1,2,63.98,66.31,[65.1s] a young boy is skateboarding in the parking lot,A person holding a camera is standing to the side watching the man on rollerblades.,A man in a toga skates on rollerblades in a parking lot. A person holding a camera is standing to the side watching the man on rollerblades.
v_iE3I2ICIvHE,0,2,0.0,23.66,[0.0s] a woman standing on top of a red carpet | [5.9s] the gymnastics team is performing their routine on the floor | [11.8s] a woman on a balance beam in front of an american flag | [17.7s] a woman on the balance beam in front of an american flag | [23.7s] a woman is doing gymnastics on the balance beam,A gymnast is seen standing ready before a beam and then jumping on to perform a routine.,"A gymnast is seen standing ready before a beam and then jumping on to perform a routine. The girl then performs several flips and tricks on the beam, ending with her jumping off the side with her legs together and holding her arms up."
v_iE3I2ICIvHE,1,2,17.12,100.6005,[17.1s] a person on a balance beam in front of an american flag | [29.0s] a woman on a balance beam in front of an american flag | [41.0s] a woman on a balance beam in front of an american flag | [52.9s] a woman on the balance beam in front of an american flag | [64.8s] a woman on the balance beam in front of an american flag | [76.7s] a woman on a balance beam in front of an american flag | [88.7s] a woman standing on top of a beam in front of an american flag | [100.6s] a woman on the balance beam in front of an american flag,"The girl then performs several flips and tricks on the beam, ending with her jumping off the side with her legs together and holding her arms up.","A gymnast is seen standing ready before a beam and then jumping on to perform a routine. The girl then performs several flips and tricks on the beam, ending with her jumping off the side with her legs together and holding her arms up."
v_-vDMeHr1ZfI,0,3,0.0,16.04,[0.0s] a black and white photo of the moon in the sky | [5.3s] a stuffed animal sitting on top of a counter | [10.7s] a man is standing in front of a counter | [16.0s] a large body of water surrounded by rocks,a lot of desserts are in a sliding belt in a counter.,a lot of desserts are in a sliding belt in a counter. a sunset in a beach and in a lake is shown. people is doing kayaking in a lake going though the lake with big gren vegetation.
v_-vDMeHr1ZfI,1,3,16.04,37.81,"[16.0s] a large body of water surrounded by rocks | [21.5s] the sun is setting over a body of water | [26.9s] a river with trees and clouds in the background | [32.4s] an aerial view of a river with trees and water | [37.8s] a black background with white text that reads, `",a sunset in a beach and in a lake is shown.,a lot of desserts are in a sliding belt in a counter. a sunset in a beach and in a lake is shown. people is doing kayaking in a lake going though the lake with big gren vegetation.
v_-vDMeHr1ZfI,2,3,37.81,228.99543333333332,"[37.8s] a black background with white text that reads, ` | [65.1s] a body of water | [92.4s] a group of people in kays on the water | [119.7s] a group of people in kays on the water | [147.1s] kaying through mangrove swamp | [174.4s] a river with trees and rocks in it | [201.7s] a large body of water with trees in the background | [229.0s] this is a restaurant",people is doing kayaking in a lake going though the lake with big gren vegetation.,a lot of desserts are in a sliding belt in a counter. a sunset in a beach and in a lake is shown. people is doing kayaking in a lake going though the lake with big gren vegetation.
v_pjF6uBZHVRE,0,8,0.0,11.56,[0.0s] the olympic games in london | [11.6s] a screenshot of the olympic games,The starting list for the men's pole vault event is displayed over the background of the competition area.,"The starting list for the men's pole vault event is displayed over the background of the competition area. Multiple vaulters attempt to vault, one after another, some successfully and some not. The camera cuts to a man wiping his face with a towel, then a quick shot of the last vault attempt, then a quick shot of another man walking away from the camera. Another man in white and blue vaults and is successful. The camera cuts to four other competitors watching. The camera cuts to a man in white and blue celebrating while holding a flag against his black. The man who celebrated is being interviewed. A different competitor, wearing red, is being interviewed."
v_pjF6uBZHVRE,1,8,12.52,78.98,[12.5s] a video of the men ' s 4x100m race | [22.0s] a man standing on top of a tennis court | [31.5s] a person jumping in the air on a track | [41.0s] a woman is running on the track in front of an audience | [50.5s] a man running on a track in front of an audience | [60.0s] a man jumping over an obstacle on a track | [69.5s] a man is doing an aerial trick on the track | [79.0s] a man that is jumping in the air,"Multiple vaulters attempt to vault, one after another, some successfully and some not.","The starting list for the men's pole vault event is displayed over the background of the competition area. Multiple vaulters attempt to vault, one after another, some successfully and some not. The camera cuts to a man wiping his face with a towel, then a quick shot of the last vault attempt, then a quick shot of another man walking away from the camera. Another man in white and blue vaults and is successful. The camera cuts to four other competitors watching. The camera cuts to a man in white and blue celebrating while holding a flag against his black. The man who celebrated is being interviewed. A different competitor, wearing red, is being interviewed."
v_pjF6uBZHVRE,2,8,85.72,88.61,[87.2s] an olympic flag is being held in front of a crowd,"The camera cuts to a man wiping his face with a towel, then a quick shot of the last vault attempt, then a quick shot of another man walking away from the camera.","The starting list for the men's pole vault event is displayed over the background of the competition area. Multiple vaulters attempt to vault, one after another, some successfully and some not. The camera cuts to a man wiping his face with a towel, then a quick shot of the last vault attempt, then a quick shot of another man walking away from the camera. Another man in white and blue vaults and is successful. The camera cuts to four other competitors watching. The camera cuts to a man in white and blue celebrating while holding a flag against his black. The man who celebrated is being interviewed. A different competitor, wearing red, is being interviewed."
v_pjF6uBZHVRE,3,8,91.5,97.28,[94.4s] a man is doing tricks on the track,Another man in white and blue vaults and is successful.,"The starting list for the men's pole vault event is displayed over the background of the competition area. Multiple vaulters attempt to vault, one after another, some successfully and some not. The camera cuts to a man wiping his face with a towel, then a quick shot of the last vault attempt, then a quick shot of another man walking away from the camera. Another man in white and blue vaults and is successful. The camera cuts to four other competitors watching. The camera cuts to a man in white and blue celebrating while holding a flag against his black. The man who celebrated is being interviewed. A different competitor, wearing red, is being interviewed."
v_pjF6uBZHVRE,4,8,99.21,100.17,[99.7s] a group of men sitting on chairs in front of a crowd,The camera cuts to four other competitors watching.,"The starting list for the men's pole vault event is displayed over the background of the competition area. Multiple vaulters attempt to vault, one after another, some successfully and some not. The camera cuts to a man wiping his face with a towel, then a quick shot of the last vault attempt, then a quick shot of another man walking away from the camera. Another man in white and blue vaults and is successful. The camera cuts to four other competitors watching. The camera cuts to a man in white and blue celebrating while holding a flag against his black. The man who celebrated is being interviewed. A different competitor, wearing red, is being interviewed."
v_pjF6uBZHVRE,5,8,103.06,108.84,[106.0s] a screen shot of the olympic games,The camera cuts to a man in white and blue celebrating while holding a flag against his black.,"The starting list for the men's pole vault event is displayed over the background of the competition area. Multiple vaulters attempt to vault, one after another, some successfully and some not. The camera cuts to a man wiping his face with a towel, then a quick shot of the last vault attempt, then a quick shot of another man walking away from the camera. Another man in white and blue vaults and is successful. The camera cuts to four other competitors watching. The camera cuts to a man in white and blue celebrating while holding a flag against his black. The man who celebrated is being interviewed. A different competitor, wearing red, is being interviewed."
v_pjF6uBZHVRE,6,8,111.73,174.33,[111.7s] a man in a white shirt holding a microphone | [120.7s] a man standing on top of a track holding a microphone | [129.6s] a man in a white and blue jacket is smiling | [138.6s] a man in a white jacket holding a microphone | [147.5s] a man in a white jacket holding a microphone | [156.4s] a man in a white jacket holding a microphone | [165.4s] a man with a microphone in front of him | [174.3s] a man in a white jacket holding a microphone,The man who celebrated is being interviewed.,"The starting list for the men's pole vault event is displayed over the background of the competition area. Multiple vaulters attempt to vault, one after another, some successfully and some not. The camera cuts to a man wiping his face with a towel, then a quick shot of the last vault attempt, then a quick shot of another man walking away from the camera. Another man in white and blue vaults and is successful. The camera cuts to four other competitors watching. The camera cuts to a man in white and blue celebrating while holding a flag against his black. The man who celebrated is being interviewed. A different competitor, wearing red, is being interviewed."
v_pjF6uBZHVRE,7,8,180.11,192.56,[180.1s] a man in a red shirt standing on a track | [186.3s] a man in a red shirt standing on a track | [192.6s] a man in a red shirt holding a microphone,"A different competitor, wearing red, is being interviewed.","The starting list for the men's pole vault event is displayed over the background of the competition area. Multiple vaulters attempt to vault, one after another, some successfully and some not. The camera cuts to a man wiping his face with a towel, then a quick shot of the last vault attempt, then a quick shot of another man walking away from the camera. Another man in white and blue vaults and is successful. The camera cuts to four other competitors watching. The camera cuts to a man in white and blue celebrating while holding a flag against his black. The man who celebrated is being interviewed. A different competitor, wearing red, is being interviewed."
v_bdC2YPVHGZM,0,5,0.0,4.23,[2.1s] a person riding on the back of a horse,A man puts on a helmet with a camera mounted on it.,A man puts on a helmet with a camera mounted on it. The man participates in a lacrosse match with the camera recording in first person perspective. The man makes a successful shot on goal and high fives a teammate. The two teams shake hands after the game. The man walks towards a group of people dressed in black.
v_bdC2YPVHGZM,1,5,5.64,110.72,[5.6s] a bird is standing in the grass near a tree | [20.7s] a group of people standing on top of a green field | [35.7s] a person is flying a kite in the air | [50.7s] a group of people standing on top of a grass covered field | [65.7s] a group of people playing soccer on a field | [80.7s] a group of people are flying kites in a field | [95.7s] a group of people are flying kites in the air | [110.7s] a group of people standing on top of a grass covered field,The man participates in a lacrosse match with the camera recording in first person perspective.,A man puts on a helmet with a camera mounted on it. The man participates in a lacrosse match with the camera recording in first person perspective. The man makes a successful shot on goal and high fives a teammate. The two teams shake hands after the game. The man walks towards a group of people dressed in black.
v_bdC2YPVHGZM,2,5,102.25,107.19,[104.7s] a man flying a kite on top of a green field,The man makes a successful shot on goal and high fives a teammate.,A man puts on a helmet with a camera mounted on it. The man participates in a lacrosse match with the camera recording in first person perspective. The man makes a successful shot on goal and high fives a teammate. The two teams shake hands after the game. The man walks towards a group of people dressed in black.
v_bdC2YPVHGZM,3,5,112.83,131.17,[112.8s] a group of people on a field flying kites | [118.9s] a group of people standing on top of a green field | [125.1s] a group of people walking across a field | [131.2s] a group of people playing lacrosse on a field,The two teams shake hands after the game.,A man puts on a helmet with a camera mounted on it. The man participates in a lacrosse match with the camera recording in first person perspective. The man makes a successful shot on goal and high fives a teammate. The two teams shake hands after the game. The man walks towards a group of people dressed in black.
v_bdC2YPVHGZM,4,5,131.87,141.00753333333333,[131.9s] a group of people sitting in the grass | [141.0s] a group of people standing in the grass,The man walks towards a group of people dressed in black.,A man puts on a helmet with a camera mounted on it. The man participates in a lacrosse match with the camera recording in first person perspective. The man makes a successful shot on goal and high fives a teammate. The two teams shake hands after the game. The man walks towards a group of people dressed in black.
v_tbOIyG1RCUI,0,2,0.0,12.83,[0.0s] a group of people standing in front of a house | [6.4s] a group of people standing in front of a house | [12.8s] a man standing on top of a roof,A blindfolded man wearing boxing gloves is seen hitting a punching bag while many watch him on the sides.,A blindfolded man wearing boxing gloves is seen hitting a punching bag while many watch him on the sides. He continues punching when a person on the roof pulls the bag up higher.
v_tbOIyG1RCUI,1,2,7.31,13.59,[10.4s] a man standing in front of a house holding an umbrella,He continues punching when a person on the roof pulls the bag up higher.,A blindfolded man wearing boxing gloves is seen hitting a punching bag while many watch him on the sides. He continues punching when a person on the roof pulls the bag up higher.
v_37pwbUp8t1I,0,2,0.0,199.04,[0.0s] a black and white photo of the moon in the sky | [28.4s] a skateboarder is doing tricks on the floor | [56.9s] a man is doing tricks on the floor | [85.3s] a man is doing tricks on the floor | [113.7s] a person doing tricks on a skateboard | [142.2s] a man is doing tricks on the floor | [170.6s] a man doing tricks in front of a crowd | [199.0s] a pair of black and white shoes on a white background,Hiphop dancers perform in front of a crowd.,Hiphop dancers perform in front of a crowd. They are all doing the same basic dance and having pictures taken of them.
v_37pwbUp8t1I,1,2,59.01,199.04,[59.0s] a skateboarder is doing tricks on the floor | [79.0s] a man is dancing on the floor in front of people | [99.0s] a man is doing tricks in front of a crowd | [119.0s] a group of people standing on top of a stage | [139.0s] a skateboarder doing tricks in front of a crowd | [159.0s] two people are doing tricks on the floor | [179.0s] a woman is standing on the floor in front of a crowd | [199.0s] a pair of black and white shoes on a white background,They are all doing the same basic dance and having pictures taken of them.,Hiphop dancers perform in front of a crowd. They are all doing the same basic dance and having pictures taken of them.
v_eAOBdYKju70,0,5,0.0,99.99,[0.0s] a silhouette of two people standing in front of an orange sunset | [14.3s] a woman riding on the back of a brown horse | [28.6s] a man riding on the back of a brown horse | [42.9s] a man riding on the back of a horse | [57.1s] a group of people standing around a wooden table | [71.4s] a woman in a cowboy hat talking to another woman | [85.7s] a woman wearing a cowboy hat and sunglasses | [100.0s] a group of people riding horses in the desert,Various shots are shown of horse saddles and various people riding these saddles on horses.,Various shots are shown of horse saddles and various people riding these saddles on horses. A girl wraps the rope around her saddle while others practice on placed saddles. People ride around the saddles and show various caddie and how to ride them. A tourist is being interviewed on riding experience but she watched other riding and felt confident. A man speakers on his experience and various shots of the horses and wildlife are shown.
v_eAOBdYKju70,1,5,35.89,52.99,[35.9s] a group of people are working in the yard | [41.6s] a man riding on the back of a brown horse | [47.3s] a group of people riding horses down a hill | [53.0s] a group of cows are standing in the dirt,A girl wraps the rope around her saddle while others practice on placed saddles.,Various shots are shown of horse saddles and various people riding these saddles on horses. A girl wraps the rope around her saddle while others practice on placed saddles. People ride around the saddles and show various caddie and how to ride them. A tourist is being interviewed on riding experience but she watched other riding and felt confident. A man speakers on his experience and various shots of the horses and wildlife are shown.
v_eAOBdYKju70,2,5,65.81,119.65,[65.8s] a woman standing next to a man in a stable | [73.5s] two women in cowboy hats talking to each other women | [81.2s] two people riding horses on a dirt road | [88.9s] a man riding on the back of a brown horse | [96.6s] a man in a plaid shirt is talking to the camera | [104.3s] a horse standing in the doorway of a barn | [112.0s] a group of people sitting at picnic tables | [119.7s] a man in a plaid shirt sits at a table,People ride around the saddles and show various caddie and how to ride them.,Various shots are shown of horse saddles and various people riding these saddles on horses. A girl wraps the rope around her saddle while others practice on placed saddles. People ride around the saddles and show various caddie and how to ride them. A tourist is being interviewed on riding experience but she watched other riding and felt confident. A man speakers on his experience and various shots of the horses and wildlife are shown.
v_eAOBdYKju70,3,5,117.94,135.88,[117.9s] a group of people standing in a living room | [123.9s] a man in a plaid shirt sits at a table | [129.9s] a man sitting in front of a television screen | [135.9s] a man in a plaid shirt sits in front of a fireplace,A tourist is being interviewed on riding experience but she watched other riding and felt confident.,Various shots are shown of horse saddles and various people riding these saddles on horses. A girl wraps the rope around her saddle while others practice on placed saddles. People ride around the saddles and show various caddie and how to ride them. A tourist is being interviewed on riding experience but she watched other riding and felt confident. A man speakers on his experience and various shots of the horses and wildlife are shown.
v_eAOBdYKju70,4,5,135.03,158.96,[135.0s] a man in a plaid shirt sits at a table | [141.0s] a man riding on the back of a brown horse | [147.0s] a yellow flower sitting on top of a green field | [153.0s] a field with tall grass in the fore | [159.0s] a man is standing next to a horse,A man speakers on his experience and various shots of the horses and wildlife are shown.,Various shots are shown of horse saddles and various people riding these saddles on horses. A girl wraps the rope around her saddle while others practice on placed saddles. People ride around the saddles and show various caddie and how to ride them. A tourist is being interviewed on riding experience but she watched other riding and felt confident. A man speakers on his experience and various shots of the horses and wildlife are shown.
